2026-09-17 18:50:10.764 [DATA] [QUEST] Road index loaded: 98341 segments.
2026-09-17 18:50:11.254 [DATA] [OVR] load_order.txt: [custom_map1.json, test_targets.json] (снизу=низший приоритет)
2026-09-17 18:50:11.261 [DATA] [OVR] файл из load_order не найден: custom_map1.json (пропущен)
2026-09-17 18:50:11.262 [DATA] [OVR] прочитан test_targets.json: записей=1
2026-09-17 18:50:11.262 [DATA] [OVR]   test_targets.json -> random: 119646.75, 0.00, -53344.43
2026-09-17 18:50:11.283 [DATA] [AR] Форс-рассылка данных AR (quest-state-change).
2026-09-17 18:50:11.318 [DATA] [TRUCK] ПЕРВЫЙ placement: x=146540,7 y=111,6 z=-60999,0 h=0,4115 (включены метка и конус)
2026-09-17 18:50:11.319 [DATA] [TRUCK] приём: WS=0 REST=1 без-placement=0 битых=0 применено=1 live=True возраст_данных=0,0с
2026-09-17 18:50:11.319 [DATA] [TRUCK] WS подключён: ws://localhost:8081/api/ws/delta/flat/
2026-09-17 18:50:26.374 [DATA] [TRUCK] приём: WS=269 REST=15 без-placement=0 битых=0 применено=284 live=True возраст_данных=0,0с
2026-09-17 18:50:41.418 [DATA] [TRUCK] приём: WS=495 REST=29 без-placement=0 битых=0 применено=524 live=True возраст_данных=0,0с
2026-09-17 18:50:56.439 [DATA] [TRUCK] приём: WS=720 REST=43 без-placement=0 битых=0 применено=763 live=True возраст_данных=0,0с
2026-09-17 18:51:11.488 [DATA] [TRUCK] приём: WS=946 REST=57 без-placement=0 битых=0 применено=1003 live=True возраст_данных=0,0с
2026-09-17 18:51:26.559 [DATA] [TRUCK] приём: WS=1172 REST=71 без-placement=0 битых=0 применено=1243 live=True возраст_данных=0,0с
2026-09-17 18:51:41.599 [DATA] [TRUCK] приём: WS=1398 REST=86 без-placement=0 битых=0 применено=1484 live=True возраст_данных=0,0с
2026-09-17 18:51:56.626 [DATA] [TRUCK] приём: WS=1623 REST=100 без-placement=0 битых=0 применено=1723 live=True возраст_данных=0,0с
2026-09-17 18:52:10.318 [DATA] [AR] AR-тик: потоковый таймер запущен (интервал 16 мс).
2026-09-17 18:52:10.321 [DATA] OK   горизонтальная normal.Y=1,0000 avgH=99,9940 maxRes=0,00000
2026-09-17 18:52:10.321 [DATA] OK   продольный уклон dz/dy=-0,0524 ожид≈-0,0524 maxRes=0,00000
2026-09-17 18:52:10.321 [DATA] OK   поперечный уклон normal.X=-0,0349 maxRes=0,00000
2026-09-17 18:52:10.322 [DATA] OK   диагональный уклон N=(-0,0523,0,9980,0,0349) maxRes=0,00000
2026-09-17 18:52:10.322 [DATA] OK   поворот фуры normal.Y=1,0000 maxRes=0,00000
2026-09-17 18:52:10.322 [DATA] OK   поднятое колесо used=3 wheel3on=False
2026-09-17 18:52:10.322 [DATA] OK   snap наклонной u=10,0000 v=-7,0000 signed=-0,000000 hAt=100,0508 y=100,0508
2026-09-17 18:52:10.322 [DATA] OK   луч × плоскость t=2,0060 hy=99,9940
2026-09-17 18:52:10.323 [DATA] [AR] ArGroundPlane self-test: OK=8 FAIL=0.
2026-09-17 18:52:10.323 [DATA] [AR] Насос телеметрии запущен (тик + WS-дельта + REST-снимок).
2026-09-17 18:52:12.272 [DATA] [TRUCK] приём: WS=1805 REST=111 без-placement=0 битых=0 применено=1916 live=True возраст_данных=0,0с
2026-09-17 18:52:12.276 [DATA] [AR] ground plane: plane origin=(146541.00,111.59,-60999.00) N=(0.0000,1.0000,0.0000) avgWheelH=111.593 refH=111.593 maxRes=0.0007 used=4 wheels=4 | режим=ГОРИЗОНТ (виз.) | измеренный уклон=0 мм
2026-09-17 18:52:12.277 [DATA] [AR] pose 'ws': truck=146540,70,111,60,-60999,00 camera=146540,43,114,11,-60997,08 fwd=-0,585,-0,160,0,795 up=-0,095,0,987,0,129 ground=111,59.
2026-09-17 18:52:12.330 [DATA] [AR] tick alive: known=True changed=True forced=True head=True pts=5748 x=146540,7 z=-60999,0
2026-09-17 18:52:12.331 [DATA] Command 'ar_telemetry' sent to map.
2026-09-17 18:52:12.334 [DATA] [AR] tick: truck=(146540,7,111,6,-60999,0) h=0,411 known=True points=5748 near3km=63 hasTarget=True (радиус 50 м: 8 точек, ближайшая 0x56f40cbb69800000 d=13м)
2026-09-17 18:52:12.762 [DATA] [QUEST][DIAG] Ruslan: enabled=True status=Available step=available paused=False build=built marker=yellow_exclamation map=True ar=True interactive=True point=(146529,0,111,6,-60981,0) truck=(146540,7,111,6,-60999,0) dist=21,5m trigger=35,0m inside=True override=none
2026-09-17 18:52:12.763 [DATA] [QUEST][DIAG] AR: truckKnown=True cameraValid=True camera=(0,0,0,0,0,0) arDisplayRadius=50 globalPoints=5748 nearSig=0x56f40cbb69800000;0x4567075473800001;0x45670cb81d800000;0x4566ef703b400000;0x4566ef6403400000;0x45670bd469000001;0x4566bd946ec00001;0x477a6a5827000000 questStatePoints=1 ruslanInQuestState=True
2026-09-17 18:52:12.763 [DATA] [QUEST][DIAG] PIPE: definitions=1 activeQuest=False ruslanName=Шашлычник Руслан
2026-09-17 18:52:12.767 [DATA] Command 'ar_telemetry' sent to map.
2026-09-17 18:52:12.767 [DATA] Command 'ar_telemetry' sent to map.
2026-09-17 18:52:12.809 [DATA] Command 'ar_telemetry' sent to map.
2026-09-17 18:52:12.829 [DATA] Command 'ar_telemetry' sent to map.
2026-09-17 18:52:12.868 [DATA] Command 'ar_telemetry' sent to map.
2026-09-17 18:52:12.876 [DATA] Command 'ar_telemetry' sent to map.
2026-09-17 18:52:12.924 [DATA] Command 'ar_telemetry' sent to map.
2026-09-17 18:52:12.971 [DATA] Command 'ar_telemetry' sent to map.
2026-09-17 18:52:13.010 [DATA] Command 'ar_telemetry' sent to map.
2026-09-17 18:52:13.055 [DATA] Command 'ar_telemetry' sent to map.
2026-09-17 18:52:13.095 [DATA] Command 'ar_telemetry' sent to map.
2026-09-17 18:52:13.139 [DATA] Command 'ar_telemetry' sent to map.
2026-09-17 18:52:13.182 [DATA] Command 'ar_telemetry' sent to map.
2026-09-17 18:52:13.230 [DATA] Command 'ar_telemetry' sent to map.
2026-09-17 18:52:13.273 [DATA] Command 'ar_telemetry' sent to map.
2026-09-17 18:52:13.315 [DATA] Command 'ar_telemetry' sent to map.
2026-09-17 18:52:13.316 [DATA] Command 'ar_telemetry' sent to map.
2026-09-17 18:52:13.357 [DATA] Command 'ar_telemetry' sent to map.
2026-09-17 18:52:13.391 [DATA] Command 'ar_telemetry' sent to map.
2026-09-17 18:52:13.425 [DATA] Command 'ar_telemetry' sent to map.
2026-09-17 18:52:13.461 [DATA] Command 'ar_telemetry' sent to map.
2026-09-17 18:52:13.495 [DATA] Command 'ar_telemetry' sent to map.
2026-09-17 18:52:13.531 [DATA] Command 'ar_telemetry' sent to map.
2026-09-17 18:52:13.569 [DATA] Command 'ar_telemetry' sent to map.
2026-09-17 18:52:13.575 [DATA] Command 'ar_telemetry' sent to map.
2026-09-17 18:52:13.609 [DATA] Command 'ar_telemetry' sent to map.
2026-09-17 18:52:13.644 [DATA] Command 'ar_telemetry' sent to map.
2026-09-17 18:52:13.648 [DATA] [OVR] load_order.txt: [custom_map1.json, test_targets.json] (снизу=низший приоритет)
2026-09-17 18:52:13.650 [DATA] [OVR] файл из load_order не найден: custom_map1.json (пропущен)
2026-09-17 18:52:13.651 [DATA] [OVR] прочитан test_targets.json: записей=1
2026-09-17 18:52:13.651 [DATA] [OVR]   test_targets.json -> random: 119646.75, 0.00, -53344.43
2026-09-17 18:52:13.662 [DATA] [AR] Модель точек без изменений: 5748.
2026-09-17 18:52:13.680 [DATA] Command 'ar_telemetry' sent to map.
2026-09-17 18:52:13.682 [DATA] Command 'ar_telemetry' sent to map.
2026-09-17 18:52:13.722 [DATA] Command 'ar_telemetry' sent to map.
2026-09-17 18:52:13.722 [DATA] [AR] Форс-рассылка данных AR (новый WS-клиент).
2026-09-17 18:52:13.766 [DATA] [AR] Форс-рассылка данных AR (новый WS-клиент).
2026-09-17 18:52:13.767 [DATA] Command 'ar_telemetry' sent to map.
2026-09-17 18:52:13.767 [DATA] [AR] Форс-рассылка данных AR (новый WS-клиент).
2026-09-17 18:52:13.767 [DATA] [AR] Форс-рассылка данных AR (новый WS-клиент).
2026-09-17 18:52:13.814 [DATA] Command 'ar_telemetry' sent to map.
2026-09-17 18:52:13.814 [DATA] [AR] Форс-рассылка данных AR (новый WS-клиент).
2026-09-17 18:52:13.814 [DATA] [AR] Форс-рассылка данных AR (новый WS-клиент).
2026-09-17 18:52:13.854 [DATA] Command 'ar_telemetry' sent to map.
2026-09-17 18:52:13.855 [DATA] [AR] Форс-рассылка данных AR (новый WS-клиент).
2026-09-17 18:52:13.900 [DATA] Command 'ar_telemetry' sent to map.
2026-09-17 18:52:13.940 [DATA] Command 'ar_telemetry' sent to map.
2026-09-17 18:52:13.979 [DATA] Command 'ar_telemetry' sent to map.
2026-09-17 18:52:14.015 [DATA] Command 'ar_telemetry' sent to map.
2026-09-17 18:52:14.063 [DATA] Command 'ar_telemetry' sent to map.
2026-09-17 18:52:14.106 [DATA] Command 'ar_telemetry' sent to map.
2026-09-17 18:52:14.139 [DATA] Command 'ar_telemetry' sent to map.
2026-09-17 18:52:14.182 [DATA] Command 'ar_telemetry' sent to map.
2026-09-17 18:52:14.218 [DATA] Command 'ar_telemetry' sent to map.
2026-09-17 18:52:14.259 [DATA] Command 'ar_telemetry' sent to map.
2026-09-17 18:52:14.299 [DATA] Command 'ar_telemetry' sent to map.
2026-09-17 18:52:14.333 [DATA] Command 'ar_telemetry' sent to map.
2026-09-17 18:52:14.366 [DATA] Command 'ar_telemetry' sent to map.
2026-09-17 18:52:14.367 [DATA] Command 'ar_telemetry' sent to map.
2026-09-17 18:52:14.403 [DATA] Command 'ar_telemetry' sent to map.
2026-09-17 18:52:14.437 [DATA] Command 'ar_telemetry' sent to map.
2026-09-17 18:52:14.474 [DATA] Command 'ar_telemetry' sent to map.
2026-09-17 18:52:14.507 [DATA] Command 'ar_telemetry' sent to map.
2026-09-17 18:52:14.542 [DATA] Command 'ar_telemetry' sent to map.
2026-09-17 18:52:14.543 [DATA] Command 'ar_telemetry' sent to map.
2026-09-17 18:52:14.578 [DATA] Command 'ar_telemetry' sent to map.
2026-09-17 18:52:14.611 [DATA] Command 'ar_telemetry' sent to map.
2026-09-17 18:52:14.644 [DATA] Command 'ar_telemetry' sent to map.
2026-09-17 18:52:14.679 [DATA] Command 'ar_telemetry' sent to map.
2026-09-17 18:52:14.712 [DATA] Command 'ar_telemetry' sent to map.
2026-09-17 18:52:14.747 [DATA] Command 'ar_telemetry' sent to map.
2026-09-17 18:52:14.781 [DATA] Command 'ar_telemetry' sent to map.
2026-09-17 18:52:14.816 [DATA] Command 'ar_telemetry' sent to map.
2026-09-17 18:52:14.848 [DATA] Command 'ar_telemetry' sent to map.
2026-09-17 18:52:14.883 [DATA] Command 'ar_telemetry' sent to map.
2026-09-17 18:52:14.916 [DATA] Command 'ar_telemetry' sent to map.
2026-09-17 18:52:14.951 [DATA] Command 'ar_telemetry' sent to map.
2026-09-17 18:52:14.985 [DATA] Command 'ar_telemetry' sent to map.
2026-09-17 18:52:15.022 [DATA] Command 'ar_telemetry' sent to map.
2026-09-17 18:52:15.061 [DATA] Command 'ar_telemetry' sent to map.
2026-09-17 18:52:15.096 [DATA] Command 'ar_telemetry' sent to map.
2026-09-17 18:52:15.132 [DATA] Command 'ar_telemetry' sent to map.
2026-09-17 18:52:15.166 [DATA] Command 'ar_telemetry' sent to map.
2026-09-17 18:52:15.170 [DATA] [OVR] load_order.txt: [custom_map1.json, test_targets.json] (снизу=низший приоритет)
2026-09-17 18:52:15.173 [DATA] [OVR] файл из load_order не найден: custom_map1.json (пропущен)
2026-09-17 18:52:15.173 [DATA] [OVR] прочитан test_targets.json: записей=1
2026-09-17 18:52:15.173 [DATA] [OVR]   test_targets.json -> random: 119646.75, 0.00, -53344.43
2026-09-17 18:52:15.173 [DATA] [OVR] merge итог: cities+0, pois+0, targets+0, user+0
2026-09-17 18:52:15.199 [DATA] Command 'ar_telemetry' sent to map.
2026-09-17 18:52:15.238 [DATA] Command 'ar_telemetry' sent to map.
2026-09-17 18:52:15.273 [DATA] Command 'ar_telemetry' sent to map.
2026-09-17 18:52:15.307 [DATA] Command 'ar_telemetry' sent to map.
2026-09-17 18:52:15.309 [DATA] Command 'ar_telemetry' sent to map.
2026-09-17 18:52:15.344 [DATA] Command 'ar_telemetry' sent to map.
2026-09-17 18:52:15.380 [DATA] Command 'ar_telemetry' sent to map.
2026-09-17 18:52:15.429 [DATA] Command 'ar_telemetry' sent to map.
2026-09-17 18:52:15.430 [DATA] Command 'ar_telemetry' sent to map.
2026-09-17 18:52:15.463 [DATA] Command 'ar_telemetry' sent to map.
2026-09-17 18:52:15.497 [DATA] Command 'ar_telemetry' sent to map.
2026-09-17 18:52:15.533 [DATA] Command 'ar_telemetry' sent to map.
2026-09-17 18:52:15.566 [DATA] Command 'ar_telemetry' sent to map.
2026-09-17 18:52:15.600 [DATA] Command 'ar_telemetry' sent to map.
2026-09-17 18:52:15.607 [DATA] Command 'ar_telemetry' sent to map.
2026-09-17 18:52:15.642 [DATA] Command 'ar_telemetry' sent to map.
2026-09-17 18:52:15.651 [DATA] Command 'ar_telemetry' sent to map.
2026-09-17 18:52:15.686 [DATA] Command 'ar_telemetry' sent to map.
2026-09-17 18:52:15.724 [DATA] Command 'ar_telemetry' sent to map.
2026-09-17 18:52:15.760 [DATA] Command 'ar_telemetry' sent to map.
2026-09-17 18:52:15.805 [DATA] Command 'ar_telemetry' sent to map.
2026-09-17 18:52:15.871 [DATA] Command 'ar_telemetry' sent to map.
2026-09-17 18:52:15.882 [DATA] Command 'ar_telemetry' sent to map.
2026-09-17 18:52:15.917 [DATA] Command 'ar_telemetry' sent to map.
2026-09-17 18:52:15.961 [DATA] Command 'ar_telemetry' sent to map.
2026-09-17 18:52:15.997 [DATA] Command 'ar_telemetry' sent to map.
2026-09-17 18:52:16.033 [DATA] Command 'ar_telemetry' sent to map.
2026-09-17 18:52:16.067 [DATA] Command 'ar_telemetry' sent to map.
2026-09-17 18:52:16.068 [DATA] Command 'ar_telemetry' sent to map.
2026-09-17 18:52:16.101 [DATA] Command 'ar_telemetry' sent to map.
2026-09-17 18:52:16.135 [DATA] Command 'ar_telemetry' sent to map.
2026-09-17 18:52:16.173 [DATA] Command 'ar_telemetry' sent to map.
2026-09-17 18:52:16.217 [DATA] Command 'ar_telemetry' sent to map.
2026-09-17 18:52:16.266 [DATA] Command 'ar_telemetry' sent to map.
2026-09-17 18:52:16.267 [DATA] [AR] Форс-рассылка данных AR (новый WS-клиент).
2026-09-17 18:52:16.312 [DATA] Command 'ar_telemetry' sent to map.
2026-09-17 18:52:16.336 [DATA] Command 'ar_telemetry' sent to map.
2026-09-17 18:52:16.344 [DATA] Command 'ar_telemetry' sent to map.
2026-09-17 18:52:16.399 [DATA] Command 'ar_telemetry' sent to map.
2026-09-17 18:52:16.449 [DATA] Command 'ar_telemetry' sent to map.
2026-09-17 18:52:16.450 [DATA] Command 'ar_telemetry' sent to map.
2026-09-17 18:52:16.501 [DATA] Command 'ar_telemetry' sent to map.
2026-09-17 18:52:16.550 [DATA] Command 'ar_telemetry' sent to map.
2026-09-17 18:52:16.592 [DATA] Command 'ar_telemetry' sent to map.
2026-09-17 18:52:16.635 [DATA] Command 'ar_telemetry' sent to map.
2026-09-17 18:52:16.636 [DATA] Command 'ar_telemetry' sent to map.
2026-09-17 18:52:16.672 [DATA] Command 'ar_telemetry' sent to map.
2026-09-17 18:52:16.705 [DATA] Command 'ar_telemetry' sent to map.
2026-09-17 18:52:16.739 [DATA] Command 'ar_telemetry' sent to map.
2026-09-17 18:52:16.772 [DATA] Command 'ar_telemetry' sent to map.
2026-09-17 18:52:16.805 [DATA] Command 'ar_telemetry' sent to map.
2026-09-17 18:52:16.838 [DATA] Command 'ar_telemetry' sent to map.
2026-09-17 18:52:16.872 [DATA] Command 'ar_telemetry' sent to map.
2026-09-17 18:52:16.904 [DATA] Command 'ar_telemetry' sent to map.
2026-09-17 18:52:16.938 [DATA] Command 'ar_telemetry' sent to map.
2026-09-17 18:52:16.972 [DATA] Command 'ar_telemetry' sent to map.
2026-09-17 18:52:17.005 [DATA] Command 'ar_telemetry' sent to map.
2026-09-17 18:52:17.040 [DATA] Command 'ar_telemetry' sent to map.
2026-09-17 18:52:17.075 [DATA] Command 'ar_telemetry' sent to map.
2026-09-17 18:52:17.109 [DATA] Command 'ar_telemetry' sent to map.
2026-09-17 18:52:17.110 [DATA] Command 'ar_telemetry' sent to map.
2026-09-17 18:52:17.143 [DATA] Command 'ar_telemetry' sent to map.
2026-09-17 18:52:17.185 [DATA] Command 'ar_telemetry' sent to map.
2026-09-17 18:52:17.220 [DATA] Command 'ar_telemetry' sent to map.
2026-09-17 18:52:17.255 [DATA] Command 'ar_telemetry' sent to map.
2026-09-17 18:52:17.291 [DATA] [AR] ground plane: plane origin=(146541.00,111.59,-60999.00) N=(0.0000,1.0000,0.0000) avgWheelH=111.593 refH=111.593 maxRes=0.0007 used=4 wheels=4 | режим=ГОРИЗОНТ (виз.) | измеренный уклон=0 мм
2026-09-17 18:52:17.291 [DATA] [AR] pose 'ws': truck=146540,70,111,60,-60999,00 camera=146540,43,114,11,-60997,08 fwd=-0,585,-0,160,0,795 up=-0,095,0,987,0,129 ground=111,59.
2026-09-17 18:52:17.298 [DATA] Command 'ar_telemetry' sent to map.
2026-09-17 18:52:17.332 [DATA] [AR] tick alive: known=True changed=False forced=False head=True pts=5748 x=146540,7 z=-60999,0
2026-09-17 18:52:17.332 [DATA] Command 'ar_telemetry' sent to map.
2026-09-17 18:52:17.365 [DATA] Command 'ar_telemetry' sent to map.
2026-09-17 18:52:17.400 [DATA] Command 'ar_telemetry' sent to map.
2026-09-17 18:52:17.437 [DATA] Command 'ar_telemetry' sent to map.
2026-09-17 18:52:17.471 [DATA] Command 'ar_telemetry' sent to map.
2026-09-17 18:52:17.472 [DATA] Command 'ar_telemetry' sent to map.
2026-09-17 18:52:17.510 [DATA] Command 'ar_telemetry' sent to map.
2026-09-17 18:52:17.544 [DATA] Command 'ar_telemetry' sent to map.
2026-09-17 18:52:17.577 [DATA] Command 'ar_telemetry' sent to map.
2026-09-17 18:52:17.587 [DATA] Command 'ar_telemetry' sent to map.
2026-09-17 18:52:17.624 [DATA] Command 'ar_telemetry' sent to map.
2026-09-17 18:52:17.658 [DATA] Command 'ar_telemetry' sent to map.
2026-09-17 18:52:17.694 [DATA] Command 'ar_telemetry' sent to map.
2026-09-17 18:52:17.731 [DATA] Command 'ar_telemetry' sent to map.
2026-09-17 18:52:17.767 [DATA] Command 'ar_telemetry' sent to map.
2026-09-17 18:52:17.811 [DATA] Command 'ar_telemetry' sent to map.
2026-09-17 18:52:17.849 [DATA] Command 'ar_telemetry' sent to map.
2026-09-17 18:52:17.884 [DATA] Command 'ar_telemetry' sent to map.
2026-09-17 18:52:17.918 [DATA] Command 'ar_telemetry' sent to map.
2026-09-17 18:52:17.959 [DATA] Command 'ar_telemetry' sent to map.
2026-09-17 18:52:17.997 [DATA] Command 'ar_telemetry' sent to map.
2026-09-17 18:52:18.033 [DATA] Command 'ar_telemetry' sent to map.
2026-09-17 18:52:18.067 [DATA] Command 'ar_telemetry' sent to map.
2026-09-17 18:52:18.102 [DATA] Command 'ar_telemetry' sent to map.
2026-09-17 18:52:18.138 [DATA] Command 'ar_telemetry' sent to map.
2026-09-17 18:52:18.181 [DATA] Command 'ar_telemetry' sent to map.
2026-09-17 18:52:18.228 [DATA] Command 'ar_telemetry' sent to map.
2026-09-17 18:52:18.232 [DATA] Command 'ar_telemetry' sent to map.
2026-09-17 18:52:18.273 [DATA] Command 'ar_telemetry' sent to map.
2026-09-17 18:52:18.274 [DATA] Command 'ar_telemetry' sent to map.
2026-09-17 18:52:18.311 [DATA] Command 'ar_telemetry' sent to map.
2026-09-17 18:52:18.355 [DATA] Command 'ar_telemetry' sent to map.
2026-09-17 18:52:18.401 [DATA] Command 'ar_telemetry' sent to map.
2026-09-17 18:52:18.445 [DATA] Command 'ar_telemetry' sent to map.
2026-09-17 18:52:18.496 [DATA] Command 'ar_telemetry' sent to map.
2026-09-17 18:52:18.537 [DATA] Command 'ar_telemetry' sent to map.
2026-09-17 18:52:18.577 [DATA] Command 'ar_telemetry' sent to map.
2026-09-17 18:52:18.610 [DATA] Command 'ar_telemetry' sent to map.
2026-09-17 18:52:18.647 [DATA] Command 'ar_telemetry' sent to map.
2026-09-17 18:52:18.668 [DATA] Command 'ar_telemetry' sent to map.
2026-09-17 18:52:18.709 [DATA] Command 'ar_telemetry' sent to map.
2026-09-17 18:52:18.744 [DATA] Command 'ar_telemetry' sent to map.
2026-09-17 18:52:18.782 [DATA] Command 'ar_telemetry' sent to map.
2026-09-17 18:52:18.816 [DATA] Command 'ar_telemetry' sent to map.
2026-09-17 18:52:18.850 [DATA] Command 'ar_telemetry' sent to map.
2026-09-17 18:52:18.885 [DATA] Command 'ar_telemetry' sent to map.
2026-09-17 18:52:18.918 [DATA] Command 'ar_telemetry' sent to map.
2026-09-17 18:52:18.951 [DATA] Command 'ar_telemetry' sent to map.
2026-09-17 18:52:18.985 [DATA] Command 'ar_telemetry' sent to map.
2026-09-17 18:52:19.018 [DATA] Command 'ar_telemetry' sent to map.
2026-09-17 18:52:19.019 [DATA] Command 'ar_telemetry' sent to map.
2026-09-17 18:52:19.056 [DATA] Command 'ar_telemetry' sent to map.
2026-09-17 18:52:19.090 [DATA] Command 'ar_telemetry' sent to map.
2026-09-17 18:52:19.129 [DATA] Command 'ar_telemetry' sent to map.
2026-09-17 18:52:19.130 [DATA] Command 'ar_telemetry' sent to map.
2026-09-17 18:52:19.167 [DATA] Command 'ar_telemetry' sent to map.
2026-09-17 18:52:19.202 [DATA] Command 'ar_telemetry' sent to map.
2026-09-17 18:52:19.237 [DATA] Command 'ar_telemetry' sent to map.
2026-09-17 18:52:19.272 [DATA] Command 'ar_telemetry' sent to map.
2026-09-17 18:52:19.307 [DATA] Command 'ar_telemetry' sent to map.
2026-09-17 18:52:19.340 [DATA] Command 'ar_telemetry' sent to map.
2026-09-17 18:52:19.375 [DATA] Command 'ar_telemetry' sent to map.
2026-09-17 18:52:19.419 [DATA] Command 'ar_telemetry' sent to map.
2026-09-17 18:52:19.457 [DATA] Command 'ar_telemetry' sent to map.
2026-09-17 18:52:19.495 [DATA] Command 'ar_telemetry' sent to map.
2026-09-17 18:52:19.504 [DATA] Command 'ar_telemetry' sent to map.
2026-09-17 18:52:19.548 [DATA] Command 'ar_telemetry' sent to map.
2026-09-17 18:52:19.583 [DATA] Command 'ar_telemetry' sent to map.
2026-09-17 18:52:19.622 [DATA] Command 'ar_telemetry' sent to map.
2026-09-17 18:52:19.623 [DATA] Command 'ar_telemetry' sent to map.
2026-09-17 18:52:19.658 [DATA] Command 'ar_telemetry' sent to map.
2026-09-17 18:52:19.694 [DATA] Command 'ar_telemetry' sent to map.
2026-09-17 18:52:19.729 [DATA] Command 'ar_telemetry' sent to map.
2026-09-17 18:52:19.764 [DATA] Command 'ar_telemetry' sent to map.
2026-09-17 18:52:19.765 [DATA] Command 'ar_telemetry' sent to map.
2026-09-17 18:52:19.806 [DATA] Command 'ar_telemetry' sent to map.
2026-09-17 18:52:19.842 [DATA] Command 'ar_telemetry' sent to map.
2026-09-17 18:52:19.875 [DATA] Command 'ar_telemetry' sent to map.
2026-09-17 18:52:19.909 [DATA] Command 'ar_telemetry' sent to map.
2026-09-17 18:52:19.942 [DATA] Command 'ar_telemetry' sent to map.
2026-09-17 18:52:19.978 [DATA] Command 'ar_telemetry' sent to map.
2026-09-17 18:52:20.013 [DATA] Command 'ar_telemetry' sent to map.
2026-09-17 18:52:20.049 [DATA] Command 'ar_telemetry' sent to map.
2026-09-17 18:52:20.083 [DATA] Command 'ar_telemetry' sent to map.
2026-09-17 18:52:20.116 [DATA] Command 'ar_telemetry' sent to map.
2026-09-17 18:52:20.150 [DATA] Command 'ar_telemetry' sent to map.
2026-09-17 18:52:20.185 [DATA] Command 'ar_telemetry' sent to map.
2026-09-17 18:52:20.208 [DATA] Command 'ar_telemetry' sent to map.
2026-09-17 18:52:20.211 [DATA] Command 'ar_telemetry' sent to map.
2026-09-17 18:52:20.247 [DATA] Command 'ar_telemetry' sent to map.
2026-09-17 18:52:20.280 [DATA] Command 'ar_telemetry' sent to map.
2026-09-17 18:52:20.316 [DATA] Command 'ar_telemetry' sent to map.
2026-09-17 18:52:20.319 [DATA] Command 'ar_telemetry' sent to map.
2026-09-17 18:52:20.353 [DATA] Command 'ar_telemetry' sent to map.
2026-09-17 18:52:20.391 [DATA] Command 'ar_telemetry' sent to map.
2026-09-17 18:52:20.425 [DATA] Command 'ar_telemetry' sent to map.
2026-09-17 18:52:20.460 [DATA] Command 'ar_telemetry' sent to map.
2026-09-17 18:52:20.495 [DATA] Command 'ar_telemetry' sent to map.
2026-09-17 18:52:20.534 [DATA] Command 'ar_telemetry' sent to map.
2026-09-17 18:52:20.570 [DATA] Command 'ar_telemetry' sent to map.
2026-09-17 18:52:20.603 [DATA] Command 'ar_telemetry' sent to map.
2026-09-17 18:52:20.637 [DATA] Command 'ar_telemetry' sent to map.
2026-09-17 18:52:20.671 [DATA] Command 'ar_telemetry' sent to map.
2026-09-17 18:52:20.703 [DATA] Command 'ar_telemetry' sent to map.
2026-09-17 18:52:20.741 [DATA] Command 'ar_telemetry' sent to map.
2026-09-17 18:52:20.775 [DATA] Command 'ar_telemetry' sent to map.
2026-09-17 18:52:20.808 [DATA] Command 'ar_telemetry' sent to map.
2026-09-17 18:52:20.844 [DATA] Command 'ar_telemetry' sent to map.
2026-09-17 18:52:20.845 [DATA] Command 'ar_telemetry' sent to map.
2026-09-17 18:52:20.878 [DATA] Command 'ar_telemetry' sent to map.
2026-09-17 18:52:20.918 [DATA] Command 'ar_telemetry' sent to map.
2026-09-17 18:52:20.952 [DATA] Command 'ar_telemetry' sent to map.
2026-09-17 18:52:20.987 [DATA] Command 'ar_telemetry' sent to map.
2026-09-17 18:52:21.021 [DATA] Command 'ar_telemetry' sent to map.
2026-09-17 18:52:21.060 [DATA] Command 'ar_telemetry' sent to map.
2026-09-17 18:52:21.095 [DATA] Command 'ar_telemetry' sent to map.
2026-09-17 18:52:21.129 [DATA] Command 'ar_telemetry' sent to map.
2026-09-17 18:52:21.161 [DATA] Command 'ar_telemetry' sent to map.
2026-09-17 18:52:21.195 [DATA] Command 'ar_telemetry' sent to map.
2026-09-17 18:52:21.229 [DATA] Command 'ar_telemetry' sent to map.
2026-09-17 18:52:21.265 [DATA] Command 'ar_telemetry' sent to map.
2026-09-17 18:52:21.267 [DATA] Command 'ar_telemetry' sent to map.
2026-09-17 18:52:21.318 [DATA] Command 'ar_telemetry' sent to map.
2026-09-17 18:52:21.369 [DATA] Command 'ar_telemetry' sent to map.
2026-09-17 18:52:21.408 [DATA] Command 'ar_telemetry' sent to map.
2026-09-17 18:52:21.446 [DATA] Command 'ar_telemetry' sent to map.
2026-09-17 18:52:21.493 [DATA] Command 'ar_telemetry' sent to map.
2026-09-17 18:52:21.535 [DATA] Command 'ar_telemetry' sent to map.
2026-09-17 18:52:21.587 [DATA] Command 'ar_telemetry' sent to map.
2026-09-17 18:52:21.632 [DATA] Command 'ar_telemetry' sent to map.
2026-09-17 18:52:21.672 [DATA] Command 'ar_telemetry' sent to map.
2026-09-17 18:52:21.710 [DATA] Command 'ar_telemetry' sent to map.
2026-09-17 18:52:21.745 [DATA] Command 'ar_telemetry' sent to map.
2026-09-17 18:52:21.781 [DATA] Command 'ar_telemetry' sent to map.
2026-09-17 18:52:21.815 [DATA] Command 'ar_telemetry' sent to map.
2026-09-17 18:52:21.848 [DATA] Command 'ar_telemetry' sent to map.
2026-09-17 18:52:21.884 [DATA] Command 'ar_telemetry' sent to map.
2026-09-17 18:52:21.918 [DATA] Command 'ar_telemetry' sent to map.
2026-09-17 18:52:21.954 [DATA] Command 'ar_telemetry' sent to map.
2026-09-17 18:52:21.987 [DATA] Command 'ar_telemetry' sent to map.
2026-09-17 18:52:22.022 [DATA] Command 'ar_telemetry' sent to map.
2026-09-17 18:52:22.058 [DATA] Command 'ar_telemetry' sent to map.
2026-09-17 18:52:22.091 [DATA] Command 'ar_telemetry' sent to map.
2026-09-17 18:52:22.126 [DATA] Command 'ar_telemetry' sent to map.
2026-09-17 18:52:22.163 [DATA] Command 'ar_telemetry' sent to map.
2026-09-17 18:52:22.196 [DATA] Command 'ar_telemetry' sent to map.
2026-09-17 18:52:22.231 [DATA] Command 'ar_telemetry' sent to map.
2026-09-17 18:52:22.269 [DATA] Command 'ar_telemetry' sent to map.
2026-09-17 18:52:22.306 [DATA] Command 'ar_telemetry' sent to map.
2026-09-17 18:52:22.306 [DATA] [AR] ground plane: plane origin=(146541.00,111.59,-60999.00) N=(0.0000,1.0000,0.0000) avgWheelH=111.593 refH=111.593 maxRes=0.0007 used=4 wheels=4 | режим=ГОРИЗОНТ (виз.) | измеренный уклон=0 мм
2026-09-17 18:52:22.306 [DATA] [AR] pose 'ws': truck=146540,70,111,60,-60999,00 camera=146540,43,114,11,-60997,08 fwd=-0,585,-0,160,0,795 up=-0,095,0,987,0,129 ground=111,59.
2026-09-17 18:52:22.344 [DATA] [AR] tick alive: known=True changed=True forced=False head=True pts=5748 x=146540,7 z=-60999,0
2026-09-17 18:52:22.345 [DATA] Command 'ar_telemetry' sent to map.
2026-09-17 18:52:22.346 [DATA] Command 'ar_telemetry' sent to map.
2026-09-17 18:52:22.381 [DATA] Command 'ar_telemetry' sent to map.
2026-09-17 18:52:22.422 [DATA] Command 'ar_telemetry' sent to map.
2026-09-17 18:52:22.458 [DATA] Command 'ar_telemetry' sent to map.
2026-09-17 18:52:22.493 [DATA] Command 'ar_telemetry' sent to map.
2026-09-17 18:52:22.528 [DATA] Command 'ar_telemetry' sent to map.
2026-09-17 18:52:22.563 [DATA] Command 'ar_telemetry' sent to map.
2026-09-17 18:52:22.600 [DATA] Command 'ar_telemetry' sent to map.
2026-09-17 18:52:22.634 [DATA] Command 'ar_telemetry' sent to map.
2026-09-17 18:52:22.667 [DATA] Command 'ar_telemetry' sent to map.
2026-09-17 18:52:22.668 [DATA] Command 'ar_telemetry' sent to map.
2026-09-17 18:52:22.703 [DATA] Command 'ar_telemetry' sent to map.
2026-09-17 18:52:22.736 [DATA] Command 'ar_telemetry' sent to map.
2026-09-17 18:52:22.772 [DATA] Command 'ar_telemetry' sent to map.
2026-09-17 18:52:22.809 [DATA] Command 'ar_telemetry' sent to map.
2026-09-17 18:52:22.846 [DATA] Command 'ar_telemetry' sent to map.
2026-09-17 18:52:22.888 [DATA] Command 'ar_telemetry' sent to map.
2026-09-17 18:52:22.943 [DATA] Command 'ar_telemetry' sent to map.
2026-09-17 18:52:22.977 [DATA] Command 'ar_telemetry' sent to map.
2026-09-17 18:52:22.982 [DATA] Command 'ar_telemetry' sent to map.
2026-09-17 18:52:23.017 [DATA] Command 'ar_telemetry' sent to map.
2026-09-17 18:52:23.060 [DATA] Command 'ar_telemetry' sent to map.
2026-09-17 18:52:23.098 [DATA] Command 'ar_telemetry' sent to map.
2026-09-17 18:52:23.132 [DATA] Command 'ar_telemetry' sent to map.
2026-09-17 18:52:23.133 [DATA] Command 'ar_telemetry' sent to map.
2026-09-17 18:52:23.167 [DATA] Command 'ar_telemetry' sent to map.
2026-09-17 18:52:23.200 [DATA] Command 'ar_telemetry' sent to map.
2026-09-17 18:52:23.234 [DATA] Command 'ar_telemetry' sent to map.
2026-09-17 18:52:23.279 [DATA] Command 'ar_telemetry' sent to map.
2026-09-17 18:52:23.330 [DATA] Command 'ar_telemetry' sent to map.
2026-09-17 18:52:23.369 [DATA] Command 'ar_telemetry' sent to map.
2026-09-17 18:52:23.407 [DATA] Command 'ar_telemetry' sent to map.
2026-09-17 18:52:23.450 [DATA] Command 'ar_telemetry' sent to map.
2026-09-17 18:52:23.491 [DATA] Command 'ar_telemetry' sent to map.
2026-09-17 18:52:23.535 [DATA] Command 'ar_telemetry' sent to map.
2026-09-17 18:52:23.586 [DATA] Command 'ar_telemetry' sent to map.
2026-09-17 18:52:23.626 [DATA] Command 'ar_telemetry' sent to map.
2026-09-17 18:52:23.665 [DATA] Command 'ar_telemetry' sent to map.
2026-09-17 18:52:23.698 [DATA] Command 'ar_telemetry' sent to map.
2026-09-17 18:52:23.733 [DATA] Command 'ar_telemetry' sent to map.
2026-09-17 18:52:23.769 [DATA] Command 'ar_telemetry' sent to map.
2026-09-17 18:52:23.803 [DATA] Command 'ar_telemetry' sent to map.
2026-09-17 18:52:23.836 [DATA] Command 'ar_telemetry' sent to map.
2026-09-17 18:52:23.871 [DATA] Command 'ar_telemetry' sent to map.
2026-09-17 18:52:23.904 [DATA] Command 'ar_telemetry' sent to map.
2026-09-17 18:52:23.939 [DATA] Command 'ar_telemetry' sent to map.
2026-09-17 18:52:23.976 [DATA] Command 'ar_telemetry' sent to map.
2026-09-17 18:52:24.009 [DATA] Command 'ar_telemetry' sent to map.
2026-09-17 18:52:24.043 [DATA] Command 'ar_telemetry' sent to map.
2026-09-17 18:52:24.078 [DATA] Command 'ar_telemetry' sent to map.
2026-09-17 18:52:24.114 [DATA] Command 'ar_telemetry' sent to map.
2026-09-17 18:52:24.149 [DATA] Command 'ar_telemetry' sent to map.
2026-09-17 18:52:24.188 [DATA] Command 'ar_telemetry' sent to map.
2026-09-17 18:52:24.222 [DATA] Command 'ar_telemetry' sent to map.
2026-09-17 18:52:24.256 [DATA] Command 'ar_telemetry' sent to map.
2026-09-17 18:52:24.289 [DATA] Command 'ar_telemetry' sent to map.
2026-09-17 18:52:24.322 [DATA] Command 'ar_telemetry' sent to map.
2026-09-17 18:52:24.357 [DATA] Command 'ar_telemetry' sent to map.
2026-09-17 18:52:24.393 [DATA] Command 'ar_telemetry' sent to map.
2026-09-17 18:52:24.433 [DATA] Command 'ar_telemetry' sent to map.
2026-09-17 18:52:24.477 [DATA] Command 'ar_telemetry' sent to map.
2026-09-17 18:52:24.514 [DATA] Command 'ar_telemetry' sent to map.
2026-09-17 18:52:24.548 [DATA] Command 'ar_telemetry' sent to map.
2026-09-17 18:52:24.585 [DATA] Command 'ar_telemetry' sent to map.
2026-09-17 18:52:24.629 [DATA] Command 'ar_telemetry' sent to map.
2026-09-17 18:52:24.664 [DATA] Command 'ar_telemetry' sent to map.
2026-09-17 18:52:24.698 [DATA] Command 'ar_telemetry' sent to map.
2026-09-17 18:52:24.731 [DATA] Command 'ar_telemetry' sent to map.
2026-09-17 18:52:24.766 [DATA] Command 'ar_telemetry' sent to map.
2026-09-17 18:52:24.801 [DATA] Command 'ar_telemetry' sent to map.
2026-09-17 18:52:24.834 [DATA] Command 'ar_telemetry' sent to map.
2026-09-17 18:52:24.867 [DATA] Command 'ar_telemetry' sent to map.
2026-09-17 18:52:24.903 [DATA] Command 'ar_telemetry' sent to map.
2026-09-17 18:52:24.937 [DATA] Command 'ar_telemetry' sent to map.
2026-09-17 18:52:24.972 [DATA] Command 'ar_telemetry' sent to map.
2026-09-17 18:52:25.008 [DATA] Command 'ar_telemetry' sent to map.
2026-09-17 18:52:25.043 [DATA] Command 'ar_telemetry' sent to map.
2026-09-17 18:52:25.048 [DATA] Command 'ar_telemetry' sent to map.
2026-09-17 18:52:25.084 [DATA] Command 'ar_telemetry' sent to map.
2026-09-17 18:52:25.122 [DATA] Command 'ar_telemetry' sent to map.
2026-09-17 18:52:25.156 [DATA] Command 'ar_telemetry' sent to map.
2026-09-17 18:52:25.188 [DATA] Command 'ar_telemetry' sent to map.
2026-09-17 18:52:25.221 [DATA] Command 'ar_telemetry' sent to map.
2026-09-17 18:52:25.275 [DATA] Command 'ar_telemetry' sent to map.
2026-09-17 18:52:25.276 [DATA] Command 'ar_telemetry' sent to map.
2026-09-17 18:52:25.312 [DATA] Command 'ar_telemetry' sent to map.
2026-09-17 18:52:25.344 [DATA] Command 'ar_telemetry' sent to map.
2026-09-17 18:52:25.378 [DATA] Command 'ar_telemetry' sent to map.
2026-09-17 18:52:25.413 [DATA] Command 'ar_telemetry' sent to map.
2026-09-17 18:52:25.447 [DATA] Command 'ar_telemetry' sent to map.
2026-09-17 18:52:25.479 [DATA] Command 'ar_telemetry' sent to map.
2026-09-17 18:52:25.515 [DATA] Command 'ar_telemetry' sent to map.
2026-09-17 18:52:25.549 [DATA] Command 'ar_telemetry' sent to map.
2026-09-17 18:52:25.584 [DATA] Command 'ar_telemetry' sent to map.
2026-09-17 18:52:25.621 [DATA] Command 'ar_telemetry' sent to map.
2026-09-17 18:52:25.656 [DATA] Command 'ar_telemetry' sent to map.
2026-09-17 18:52:25.690 [DATA] Command 'ar_telemetry' sent to map.
2026-09-17 18:52:25.726 [DATA] Command 'ar_telemetry' sent to map.
2026-09-17 18:52:25.763 [DATA] Command 'ar_telemetry' sent to map.
2026-09-17 18:52:25.799 [DATA] Command 'ar_telemetry' sent to map.
2026-09-17 18:52:25.834 [DATA] Command 'ar_telemetry' sent to map.
2026-09-17 18:52:25.835 [DATA] Command 'ar_telemetry' sent to map.
2026-09-17 18:52:25.872 [DATA] Command 'ar_telemetry' sent to map.
2026-09-17 18:52:25.906 [DATA] Command 'ar_telemetry' sent to map.
2026-09-17 18:52:25.944 [DATA] Command 'ar_telemetry' sent to map.
2026-09-17 18:52:25.979 [DATA] Command 'ar_telemetry' sent to map.
2026-09-17 18:52:26.013 [DATA] Command 'ar_telemetry' sent to map.
2026-09-17 18:52:26.050 [DATA] Command 'ar_telemetry' sent to map.
2026-09-17 18:52:26.083 [DATA] Command 'ar_telemetry' sent to map.
2026-09-17 18:52:26.121 [DATA] Command 'ar_telemetry' sent to map.
2026-09-17 18:52:26.165 [DATA] Command 'ar_telemetry' sent to map.
2026-09-17 18:52:26.215 [DATA] Command 'ar_telemetry' sent to map.
2026-09-17 18:52:26.256 [DATA] Command 'ar_telemetry' sent to map.
2026-09-17 18:52:26.273 [DATA] Command 'ar_telemetry' sent to map.
2026-09-17 18:52:26.312 [DATA] Command 'ar_telemetry' sent to map.
2026-09-17 18:52:26.356 [DATA] Command 'ar_telemetry' sent to map.
2026-09-17 18:52:26.398 [DATA] Command 'ar_telemetry' sent to map.
2026-09-17 18:52:26.464 [DATA] Command 'ar_telemetry' sent to map.
2026-09-17 18:52:26.503 [DATA] Command 'ar_telemetry' sent to map.
2026-09-17 18:52:26.543 [DATA] Command 'ar_telemetry' sent to map.
2026-09-17 18:52:26.581 [DATA] Command 'ar_telemetry' sent to map.
2026-09-17 18:52:26.618 [DATA] Command 'ar_telemetry' sent to map.
2026-09-17 18:52:26.652 [DATA] Command 'ar_telemetry' sent to map.
2026-09-17 18:52:26.686 [DATA] Command 'ar_telemetry' sent to map.
2026-09-17 18:52:26.726 [DATA] Command 'ar_telemetry' sent to map.
2026-09-17 18:52:26.766 [DATA] Command 'ar_telemetry' sent to map.
2026-09-17 18:52:26.803 [DATA] Command 'ar_telemetry' sent to map.
2026-09-17 18:52:26.842 [DATA] Command 'ar_telemetry' sent to map.
2026-09-17 18:52:26.876 [DATA] Command 'ar_telemetry' sent to map.
2026-09-17 18:52:26.909 [DATA] Command 'ar_telemetry' sent to map.
2026-09-17 18:52:26.943 [DATA] Command 'ar_telemetry' sent to map.
2026-09-17 18:52:26.981 [DATA] Command 'ar_telemetry' sent to map.
2026-09-17 18:52:27.018 [DATA] Command 'ar_telemetry' sent to map.
2026-09-17 18:52:27.057 [DATA] Command 'ar_telemetry' sent to map.
2026-09-17 18:52:27.092 [DATA] Command 'ar_telemetry' sent to map.
2026-09-17 18:52:27.129 [DATA] Command 'ar_telemetry' sent to map.
2026-09-17 18:52:27.165 [DATA] Command 'ar_telemetry' sent to map.
2026-09-17 18:52:27.206 [DATA] Command 'ar_telemetry' sent to map.
2026-09-17 18:52:27.240 [DATA] Command 'ar_telemetry' sent to map.
2026-09-17 18:52:27.275 [DATA] Command 'ar_telemetry' sent to map.
2026-09-17 18:52:27.275 [DATA] [TRUCK] приём: WS=2082 REST=126 без-placement=0 битых=0 применено=2208 live=True возраст_данных=0,0с
2026-09-17 18:52:27.309 [DATA] Command 'ar_telemetry' sent to map.
2026-09-17 18:52:27.309 [DATA] [AR] ground plane: plane origin=(146541.00,111.59,-60999.00) N=(-0.0002,1.0000,0.0003) avgWheelH=111.593 refH=111.593 maxRes=0.0000 used=4 wheels=4 | режим=по колёсам | измеренный уклон=0 мм
2026-09-17 18:52:27.309 [DATA] [AR] pose 'ws': truck=146540,70,111,60,-60999,00 camera=146540,43,114,11,-60997,08 fwd=-0,585,-0,160,0,795 up=-0,095,0,987,0,129 ground=111,59.
2026-09-17 18:52:27.348 [DATA] [AR] tick alive: known=True changed=True forced=False head=True pts=5748 x=146540,7 z=-60999,0
2026-09-17 18:52:27.348 [DATA] Command 'ar_telemetry' sent to map.
2026-09-17 18:52:27.382 [DATA] Command 'ar_telemetry' sent to map.
2026-09-17 18:52:27.417 [DATA] Command 'ar_telemetry' sent to map.
2026-09-17 18:52:27.452 [DATA] Command 'ar_telemetry' sent to map.
2026-09-17 18:52:27.498 [DATA] Command 'ar_telemetry' sent to map.
2026-09-17 18:52:27.505 [DATA] Command 'ar_telemetry' sent to map.
2026-09-17 18:52:27.538 [DATA] Command 'ar_telemetry' sent to map.
2026-09-17 18:52:27.573 [DATA] Command 'ar_telemetry' sent to map.
2026-09-17 18:52:27.611 [DATA] Command 'ar_telemetry' sent to map.
2026-09-17 18:52:27.650 [DATA] Command 'ar_telemetry' sent to map.
2026-09-17 18:52:27.655 [DATA] Command 'ar_telemetry' sent to map.
2026-09-17 18:52:27.693 [DATA] Command 'ar_telemetry' sent to map.
2026-09-17 18:52:27.731 [DATA] Command 'ar_telemetry' sent to map.
2026-09-17 18:52:27.769 [DATA] Command 'ar_telemetry' sent to map.
2026-09-17 18:52:27.803 [DATA] Command 'ar_telemetry' sent to map.
2026-09-17 18:52:27.836 [DATA] Command 'ar_telemetry' sent to map.
2026-09-17 18:52:27.838 [DATA] Command 'ar_telemetry' sent to map.
2026-09-17 18:52:27.871 [DATA] Command 'ar_telemetry' sent to map.
2026-09-17 18:52:27.904 [DATA] Command 'ar_telemetry' sent to map.
2026-09-17 18:52:27.942 [DATA] Command 'ar_telemetry' sent to map.
2026-09-17 18:52:27.985 [DATA] Command 'ar_telemetry' sent to map.
2026-09-17 18:52:28.038 [DATA] Command 'ar_telemetry' sent to map.
2026-09-17 18:52:28.076 [DATA] Command 'ar_telemetry' sent to map.
2026-09-17 18:52:28.119 [DATA] Command 'ar_telemetry' sent to map.
2026-09-17 18:52:28.168 [DATA] Command 'ar_telemetry' sent to map.
2026-09-17 18:52:28.204 [DATA] Command 'ar_telemetry' sent to map.
2026-09-17 18:52:28.252 [DATA] Command 'ar_telemetry' sent to map.
2026-09-17 18:52:28.253 [DATA] Command 'ar_telemetry' sent to map.
2026-09-17 18:52:28.298 [DATA] Command 'ar_telemetry' sent to map.
2026-09-17 18:52:28.339 [DATA] Command 'ar_telemetry' sent to map.
2026-09-17 18:52:28.375 [DATA] Command 'ar_telemetry' sent to map.
2026-09-17 18:52:28.376 [DATA] Command 'ar_telemetry' sent to map.
2026-09-17 18:52:28.410 [DATA] Command 'ar_telemetry' sent to map.
2026-09-17 18:52:28.445 [DATA] Command 'ar_telemetry' sent to map.
2026-09-17 18:52:28.490 [DATA] Command 'ar_telemetry' sent to map.
2026-09-17 18:52:28.532 [DATA] Command 'ar_telemetry' sent to map.
2026-09-17 18:52:28.532 [DATA] Command 'ar_telemetry' sent to map.
2026-09-17 18:52:28.565 [DATA] Command 'ar_telemetry' sent to map.
2026-09-17 18:52:28.599 [DATA] Command 'ar_telemetry' sent to map.
2026-09-17 18:52:28.639 [DATA] Command 'ar_telemetry' sent to map.
2026-09-17 18:52:28.672 [DATA] Command 'ar_telemetry' sent to map.
2026-09-17 18:52:28.706 [DATA] Command 'ar_telemetry' sent to map.
2026-09-17 18:52:28.740 [DATA] Command 'ar_telemetry' sent to map.
2026-09-17 18:52:28.773 [DATA] Command 'ar_telemetry' sent to map.
2026-09-17 18:52:28.806 [DATA] Command 'ar_telemetry' sent to map.
2026-09-17 18:52:28.846 [DATA] Command 'ar_telemetry' sent to map.
2026-09-17 18:52:28.882 [DATA] Command 'ar_telemetry' sent to map.
2026-09-17 18:52:28.916 [DATA] Command 'ar_telemetry' sent to map.
2026-09-17 18:52:28.950 [DATA] Command 'ar_telemetry' sent to map.
2026-09-17 18:52:28.984 [DATA] Command 'ar_telemetry' sent to map.
2026-09-17 18:52:28.985 [DATA] Command 'ar_telemetry' sent to map.
2026-09-17 18:52:29.021 [DATA] Command 'ar_telemetry' sent to map.
2026-09-17 18:52:29.059 [DATA] Command 'ar_telemetry' sent to map.
2026-09-17 18:52:29.108 [DATA] Command 'ar_telemetry' sent to map.
2026-09-17 18:52:29.150 [DATA] Command 'ar_telemetry' sent to map.
2026-09-17 18:52:29.187 [DATA] Command 'ar_telemetry' sent to map.
2026-09-17 18:52:29.189 [DATA] Command 'ar_telemetry' sent to map.
2026-09-17 18:52:29.226 [DATA] Command 'ar_telemetry' sent to map.
2026-09-17 18:52:29.268 [DATA] Command 'ar_telemetry' sent to map.
2026-09-17 18:52:29.302 [DATA] Command 'ar_telemetry' sent to map.
2026-09-17 18:52:29.336 [DATA] Command 'ar_telemetry' sent to map.
2026-09-17 18:52:29.371 [DATA] Command 'ar_telemetry' sent to map.
2026-09-17 18:52:29.406 [DATA] Command 'ar_telemetry' sent to map.
2026-09-17 18:52:29.440 [DATA] Command 'ar_telemetry' sent to map.
2026-09-17 18:52:29.473 [DATA] Command 'ar_telemetry' sent to map.
2026-09-17 18:52:29.489 [DATA] Command 'ar_telemetry' sent to map.
2026-09-17 18:52:29.527 [DATA] Command 'ar_telemetry' sent to map.
2026-09-17 18:52:29.564 [DATA] Command 'ar_telemetry' sent to map.
2026-09-17 18:52:29.598 [DATA] Command 'ar_telemetry' sent to map.
2026-09-17 18:52:29.600 [DATA] Command 'ar_telemetry' sent to map.
2026-09-17 18:52:29.636 [DATA] Command 'ar_telemetry' sent to map.
2026-09-17 18:52:29.672 [DATA] Command 'ar_telemetry' sent to map.
2026-09-17 18:52:29.706 [DATA] Command 'ar_telemetry' sent to map.
2026-09-17 18:52:29.741 [DATA] Command 'ar_telemetry' sent to map.
2026-09-17 18:52:29.775 [DATA] Command 'ar_telemetry' sent to map.
2026-09-17 18:52:29.808 [DATA] Command 'ar_telemetry' sent to map.
2026-09-17 18:52:29.841 [DATA] Command 'ar_telemetry' sent to map.
2026-09-17 18:52:29.874 [DATA] Command 'ar_telemetry' sent to map.
2026-09-17 18:52:29.907 [DATA] Command 'ar_telemetry' sent to map.
2026-09-17 18:52:29.931 [DATA] [OVR] load_order.txt: [custom_map1.json, test_targets.json] (снизу=низший приоритет)
2026-09-17 18:52:29.934 [DATA] [OVR] файл из load_order не найден: custom_map1.json (пропущен)
2026-09-17 18:52:29.935 [DATA] [OVR] прочитан test_targets.json: записей=1
2026-09-17 18:52:29.935 [DATA] [OVR]   test_targets.json -> random: 119646.75, 0.00, -53344.43
2026-09-17 18:52:29.942 [DATA] [AR] Модель точек без изменений: 5748.
2026-09-17 18:52:29.945 [DATA] Command 'ar_telemetry' sent to map.
2026-09-17 18:52:29.978 [DATA] Command 'ar_telemetry' sent to map.
2026-09-17 18:52:30.013 [DATA] Command 'ar_telemetry' sent to map.
2026-09-17 18:52:30.048 [DATA] Command 'ar_telemetry' sent to map.
2026-09-17 18:52:30.083 [DATA] Command 'ar_telemetry' sent to map.
2026-09-17 18:52:30.117 [DATA] Command 'ar_telemetry' sent to map.
2026-09-17 18:52:30.155 [DATA] Command 'ar_telemetry' sent to map.
2026-09-17 18:52:30.189 [DATA] Command 'ar_telemetry' sent to map.
2026-09-17 18:52:30.227 [DATA] Command 'ar_telemetry' sent to map.
2026-09-17 18:52:30.232 [DATA] Command 'ar_telemetry' sent to map.
2026-09-17 18:52:30.268 [DATA] Command 'ar_telemetry' sent to map.
2026-09-17 18:52:30.302 [DATA] Command 'ar_telemetry' sent to map.
2026-09-17 18:52:30.337 [DATA] Command 'ar_telemetry' sent to map.
2026-09-17 18:52:30.370 [DATA] Command 'ar_telemetry' sent to map.
2026-09-17 18:52:30.404 [DATA] Command 'ar_telemetry' sent to map.
2026-09-17 18:52:30.437 [DATA] Command 'ar_telemetry' sent to map.
2026-09-17 18:52:30.470 [DATA] Command 'ar_telemetry' sent to map.
2026-09-17 18:52:30.508 [DATA] Command 'ar_telemetry' sent to map.
2026-09-17 18:52:30.509 [DATA] Command 'ar_telemetry' sent to map.
2026-09-17 18:52:30.543 [DATA] Command 'ar_telemetry' sent to map.
2026-09-17 18:52:30.576 [DATA] Command 'ar_telemetry' sent to map.
2026-09-17 18:52:30.614 [DATA] Command 'ar_telemetry' sent to map.
2026-09-17 18:52:30.648 [DATA] Command 'ar_telemetry' sent to map.
2026-09-17 18:52:30.685 [DATA] Command 'ar_telemetry' sent to map.
2026-09-17 18:52:30.722 [DATA] Command 'ar_telemetry' sent to map.
2026-09-17 18:52:30.757 [DATA] Command 'ar_telemetry' sent to map.
2026-09-17 18:52:30.791 [DATA] Command 'ar_telemetry' sent to map.
2026-09-17 18:52:30.825 [DATA] Command 'ar_telemetry' sent to map.
2026-09-17 18:52:30.859 [DATA] Command 'ar_telemetry' sent to map.
2026-09-17 18:52:30.895 [DATA] Command 'ar_telemetry' sent to map.
2026-09-17 18:52:30.911 [DATA] Command 'ar_telemetry' sent to map.
2026-09-17 18:52:30.950 [DATA] Command 'ar_telemetry' sent to map.
2026-09-17 18:52:30.983 [DATA] Command 'ar_telemetry' sent to map.
2026-09-17 18:52:31.016 [DATA] Command 'ar_telemetry' sent to map.
2026-09-17 18:52:31.017 [DATA] Command 'ar_telemetry' sent to map.
2026-09-17 18:52:31.054 [DATA] Command 'ar_telemetry' sent to map.
2026-09-17 18:52:31.089 [DATA] Command 'ar_telemetry' sent to map.
2026-09-17 18:52:31.123 [DATA] Command 'ar_telemetry' sent to map.
2026-09-17 18:52:31.163 [DATA] Command 'ar_telemetry' sent to map.
2026-09-17 18:52:31.197 [DATA] Command 'ar_telemetry' sent to map.
2026-09-17 18:52:31.230 [DATA] Command 'ar_telemetry' sent to map.
2026-09-17 18:52:31.266 [DATA] Command 'ar_telemetry' sent to map.
2026-09-17 18:52:31.307 [DATA] Command 'ar_telemetry' sent to map.
2026-09-17 18:52:31.351 [DATA] Command 'ar_telemetry' sent to map.
2026-09-17 18:52:31.393 [DATA] Command 'ar_telemetry' sent to map.
2026-09-17 18:52:31.432 [DATA] Command 'ar_telemetry' sent to map.
2026-09-17 18:52:31.471 [DATA] Command 'ar_telemetry' sent to map.
2026-09-17 18:52:31.512 [DATA] Command 'ar_telemetry' sent to map.
2026-09-17 18:52:31.550 [DATA] Command 'ar_telemetry' sent to map.
2026-09-17 18:52:31.601 [DATA] Command 'ar_telemetry' sent to map.
2026-09-17 18:52:31.644 [DATA] Command 'ar_telemetry' sent to map.
2026-09-17 18:52:31.693 [DATA] Command 'ar_telemetry' sent to map.
2026-09-17 18:52:31.728 [DATA] Command 'ar_telemetry' sent to map.
2026-09-17 18:52:31.730 [DATA] Command 'ar_telemetry' sent to map.
2026-09-17 18:52:31.770 [DATA] Command 'ar_telemetry' sent to map.
2026-09-17 18:52:31.812 [DATA] Command 'ar_telemetry' sent to map.
2026-09-17 18:52:31.847 [DATA] Command 'ar_telemetry' sent to map.
2026-09-17 18:52:31.881 [DATA] Command 'ar_telemetry' sent to map.
2026-09-17 18:52:31.915 [DATA] Command 'ar_telemetry' sent to map.
2026-09-17 18:52:31.950 [DATA] Command 'ar_telemetry' sent to map.
2026-09-17 18:52:31.985 [DATA] Command 'ar_telemetry' sent to map.
2026-09-17 18:52:32.020 [DATA] Command 'ar_telemetry' sent to map.
2026-09-17 18:52:32.054 [DATA] Command 'ar_telemetry' sent to map.
2026-09-17 18:52:32.089 [DATA] Command 'ar_telemetry' sent to map.
2026-09-17 18:52:32.125 [DATA] Command 'ar_telemetry' sent to map.
2026-09-17 18:52:32.163 [DATA] Command 'ar_telemetry' sent to map.
2026-09-17 18:52:32.201 [DATA] Command 'ar_telemetry' sent to map.
2026-09-17 18:52:32.234 [DATA] Command 'ar_telemetry' sent to map.
2026-09-17 18:52:32.268 [DATA] Command 'ar_telemetry' sent to map.
2026-09-17 18:52:32.307 [DATA] Command 'ar_telemetry' sent to map.
2026-09-17 18:52:32.341 [DATA] Command 'ar_telemetry' sent to map.
2026-09-17 18:52:32.341 [DATA] [AR] ground plane: plane origin=(146541.00,111.59,-60999.00) N=(-0.0002,1.0000,0.0003) avgWheelH=111.593 refH=111.593 maxRes=0.0000 used=4 wheels=4 | режим=по колёсам | измеренный уклон=0 мм
2026-09-17 18:52:32.341 [DATA] [AR] pose 'ws': truck=146540,70,111,60,-60999,00 camera=146540,43,114,11,-60997,08 fwd=-0,585,-0,160,0,795 up=-0,095,0,987,0,129 ground=111,59.
2026-09-17 18:52:32.346 [DATA] Command 'ar_telemetry' sent to map.
2026-09-17 18:52:32.381 [DATA] [AR] tick alive: known=True changed=True forced=False head=True pts=5748 x=146540,7 z=-60999,0
2026-09-17 18:52:32.381 [DATA] Command 'ar_telemetry' sent to map.
2026-09-17 18:52:32.420 [DATA] Command 'ar_telemetry' sent to map.
2026-09-17 18:52:32.455 [DATA] Command 'ar_telemetry' sent to map.
2026-09-17 18:52:32.490 [DATA] Command 'ar_telemetry' sent to map.
2026-09-17 18:52:32.532 [DATA] Command 'ar_telemetry' sent to map.
2026-09-17 18:52:32.533 [DATA] Command 'ar_telemetry' sent to map.
2026-09-17 18:52:32.568 [DATA] Command 'ar_telemetry' sent to map.
2026-09-17 18:52:32.602 [DATA] Command 'ar_telemetry' sent to map.
2026-09-17 18:52:32.638 [DATA] Command 'ar_telemetry' sent to map.
2026-09-17 18:52:32.684 [DATA] Command 'ar_telemetry' sent to map.
2026-09-17 18:52:32.721 [DATA] Command 'ar_telemetry' sent to map.
2026-09-17 18:52:32.758 [DATA] Command 'ar_telemetry' sent to map.
2026-09-17 18:52:32.800 [DATA] Command 'ar_telemetry' sent to map.
2026-09-17 18:52:32.837 [DATA] Command 'ar_telemetry' sent to map.
2026-09-17 18:52:32.871 [DATA] Command 'ar_telemetry' sent to map.
2026-09-17 18:52:32.906 [DATA] Command 'ar_telemetry' sent to map.
2026-09-17 18:52:32.941 [DATA] Command 'ar_telemetry' sent to map.
2026-09-17 18:52:32.975 [DATA] Command 'ar_telemetry' sent to map.
2026-09-17 18:52:33.009 [DATA] Command 'ar_telemetry' sent to map.
2026-09-17 18:52:33.045 [DATA] Command 'ar_telemetry' sent to map.
2026-09-17 18:52:33.090 [DATA] Command 'ar_telemetry' sent to map.
2026-09-17 18:52:33.140 [DATA] Command 'ar_telemetry' sent to map.
2026-09-17 18:52:33.141 [DATA] Command 'ar_telemetry' sent to map.
2026-09-17 18:52:33.180 [DATA] Command 'ar_telemetry' sent to map.
2026-09-17 18:52:33.221 [DATA] Command 'ar_telemetry' sent to map.
2026-09-17 18:52:33.264 [DATA] Command 'ar_telemetry' sent to map.
2026-09-17 18:52:33.304 [DATA] Command 'ar_telemetry' sent to map.
2026-09-17 18:52:33.350 [DATA] Command 'ar_telemetry' sent to map.
2026-09-17 18:52:33.396 [DATA] Command 'ar_telemetry' sent to map.
2026-09-17 18:52:33.437 [DATA] Command 'ar_telemetry' sent to map.
2026-09-17 18:52:33.477 [DATA] Command 'ar_telemetry' sent to map.
2026-09-17 18:52:33.511 [DATA] Command 'ar_telemetry' sent to map.
2026-09-17 18:52:33.512 [DATA] Command 'ar_telemetry' sent to map.
2026-09-17 18:52:33.545 [DATA] Command 'ar_telemetry' sent to map.
2026-09-17 18:52:33.580 [DATA] Command 'ar_telemetry' sent to map.
2026-09-17 18:52:33.613 [DATA] Command 'ar_telemetry' sent to map.
2026-09-17 18:52:33.646 [DATA] Command 'ar_telemetry' sent to map.
2026-09-17 18:52:33.683 [DATA] Command 'ar_telemetry' sent to map.
2026-09-17 18:52:33.718 [DATA] Command 'ar_telemetry' sent to map.
2026-09-17 18:52:33.756 [DATA] Command 'ar_telemetry' sent to map.
2026-09-17 18:52:33.790 [DATA] Command 'ar_telemetry' sent to map.
2026-09-17 18:52:33.825 [DATA] Command 'ar_telemetry' sent to map.
2026-09-17 18:52:33.863 [DATA] Command 'ar_telemetry' sent to map.
2026-09-17 18:52:33.896 [DATA] Command 'ar_telemetry' sent to map.
2026-09-17 18:52:33.938 [DATA] Command 'ar_telemetry' sent to map.
2026-09-17 18:52:33.974 [DATA] Command 'ar_telemetry' sent to map.
2026-09-17 18:52:34.010 [DATA] Command 'ar_telemetry' sent to map.
2026-09-17 18:52:34.044 [DATA] Command 'ar_telemetry' sent to map.
2026-09-17 18:52:34.079 [DATA] Command 'ar_telemetry' sent to map.
2026-09-17 18:52:34.113 [DATA] Command 'ar_telemetry' sent to map.
2026-09-17 18:52:34.150 [DATA] Command 'ar_telemetry' sent to map.
2026-09-17 18:52:34.151 [DATA] Command 'ar_telemetry' sent to map.
2026-09-17 18:52:34.185 [DATA] Command 'ar_telemetry' sent to map.
2026-09-17 18:52:34.220 [DATA] Command 'ar_telemetry' sent to map.
2026-09-17 18:52:34.254 [DATA] Command 'ar_telemetry' sent to map.
2026-09-17 18:52:34.292 [DATA] Command 'ar_telemetry' sent to map.
2026-09-17 18:52:34.325 [DATA] Command 'ar_telemetry' sent to map.
2026-09-17 18:52:34.359 [DATA] Command 'ar_telemetry' sent to map.
2026-09-17 18:52:34.397 [DATA] Command 'ar_telemetry' sent to map.
2026-09-17 18:52:34.432 [DATA] Command 'ar_telemetry' sent to map.
2026-09-17 18:52:34.468 [DATA] Command 'ar_telemetry' sent to map.
2026-09-17 18:52:34.503 [DATA] Command 'ar_telemetry' sent to map.
2026-09-17 18:52:34.543 [DATA] Command 'ar_telemetry' sent to map.
2026-09-17 18:52:34.580 [DATA] Command 'ar_telemetry' sent to map.
2026-09-17 18:52:34.613 [DATA] Command 'ar_telemetry' sent to map.
2026-09-17 18:52:34.647 [DATA] Command 'ar_telemetry' sent to map.
2026-09-17 18:52:34.687 [DATA] Command 'ar_telemetry' sent to map.
2026-09-17 18:52:34.733 [DATA] Command 'ar_telemetry' sent to map.
2026-09-17 18:52:34.768 [DATA] Command 'ar_telemetry' sent to map.
2026-09-17 18:52:34.803 [DATA] Command 'ar_telemetry' sent to map.
2026-09-17 18:52:34.837 [DATA] Command 'ar_telemetry' sent to map.
2026-09-17 18:52:34.870 [DATA] Command 'ar_telemetry' sent to map.
2026-09-17 18:52:34.906 [DATA] Command 'ar_telemetry' sent to map.
2026-09-17 18:52:34.941 [DATA] Command 'ar_telemetry' sent to map.
2026-09-17 18:52:34.977 [DATA] Command 'ar_telemetry' sent to map.
2026-09-17 18:52:35.010 [DATA] Command 'ar_telemetry' sent to map.
2026-09-17 18:52:35.045 [DATA] Command 'ar_telemetry' sent to map.
2026-09-17 18:52:35.079 [DATA] Command 'ar_telemetry' sent to map.
2026-09-17 18:52:35.114 [DATA] Command 'ar_telemetry' sent to map.
2026-09-17 18:52:35.147 [DATA] Command 'ar_telemetry' sent to map.
2026-09-17 18:52:35.181 [DATA] Command 'ar_telemetry' sent to map.
2026-09-17 18:52:35.215 [DATA] Command 'ar_telemetry' sent to map.
2026-09-17 18:52:35.249 [DATA] Command 'ar_telemetry' sent to map.
2026-09-17 18:52:35.282 [DATA] Command 'ar_telemetry' sent to map.
2026-09-17 18:52:35.319 [DATA] Command 'ar_telemetry' sent to map.
2026-09-17 18:52:35.352 [DATA] Command 'ar_telemetry' sent to map.
2026-09-17 18:52:35.388 [DATA] Command 'ar_telemetry' sent to map.
2026-09-17 18:52:35.425 [DATA] Command 'ar_telemetry' sent to map.
2026-09-17 18:52:35.459 [DATA] Command 'ar_telemetry' sent to map.
2026-09-17 18:52:35.496 [DATA] Command 'ar_telemetry' sent to map.
2026-09-17 18:52:35.530 [DATA] Command 'ar_telemetry' sent to map.
2026-09-17 18:52:35.567 [DATA] Command 'ar_telemetry' sent to map.
2026-09-17 18:52:35.606 [DATA] Command 'ar_telemetry' sent to map.
2026-09-17 18:52:35.639 [DATA] Command 'ar_telemetry' sent to map.
2026-09-17 18:52:35.673 [DATA] Command 'ar_telemetry' sent to map.
2026-09-17 18:52:35.708 [DATA] Command 'ar_telemetry' sent to map.
2026-09-17 18:52:35.741 [DATA] Command 'ar_telemetry' sent to map.
2026-09-17 18:52:35.775 [DATA] Command 'ar_telemetry' sent to map.
2026-09-17 18:52:35.810 [DATA] Command 'ar_telemetry' sent to map.
2026-09-17 18:52:35.849 [DATA] Command 'ar_telemetry' sent to map.
2026-09-17 18:52:35.854 [DATA] Command 'ar_telemetry' sent to map.
2026-09-17 18:52:35.894 [DATA] Command 'ar_telemetry' sent to map.
2026-09-17 18:52:35.900 [DATA] Command 'ar_telemetry' sent to map.
2026-09-17 18:52:35.938 [DATA] Command 'ar_telemetry' sent to map.
2026-09-17 18:52:35.944 [DATA] Command 'ar_telemetry' sent to map.
2026-09-17 18:52:35.984 [DATA] Command 'ar_telemetry' sent to map.
2026-09-17 18:52:36.024 [DATA] Command 'ar_telemetry' sent to map.
2026-09-17 18:52:36.059 [DATA] Command 'ar_telemetry' sent to map.
2026-09-17 18:52:36.092 [DATA] Command 'ar_telemetry' sent to map.
2026-09-17 18:52:36.126 [DATA] Command 'ar_telemetry' sent to map.
2026-09-17 18:52:36.160 [DATA] Command 'ar_telemetry' sent to map.
2026-09-17 18:52:36.196 [DATA] Command 'ar_telemetry' sent to map.
2026-09-17 18:52:36.230 [DATA] Command 'ar_telemetry' sent to map.
2026-09-17 18:52:36.264 [DATA] Command 'ar_telemetry' sent to map.
2026-09-17 18:52:36.299 [DATA] Command 'ar_telemetry' sent to map.
2026-09-17 18:52:36.348 [DATA] Command 'ar_telemetry' sent to map.
2026-09-17 18:52:36.395 [DATA] Command 'ar_telemetry' sent to map.
2026-09-17 18:52:36.488 [DATA] Command 'ar_telemetry' sent to map.
2026-09-17 18:52:36.534 [DATA] Command 'ar_telemetry' sent to map.
2026-09-17 18:52:36.579 [DATA] Command 'ar_telemetry' sent to map.
2026-09-17 18:52:36.625 [DATA] Command 'ar_telemetry' sent to map.
2026-09-17 18:52:36.665 [DATA] Command 'ar_telemetry' sent to map.
2026-09-17 18:52:36.707 [DATA] Command 'ar_telemetry' sent to map.
2026-09-17 18:52:36.741 [DATA] Command 'ar_telemetry' sent to map.
2026-09-17 18:52:36.774 [DATA] Command 'ar_telemetry' sent to map.
2026-09-17 18:52:36.811 [DATA] Command 'ar_telemetry' sent to map.
2026-09-17 18:52:36.846 [DATA] Command 'ar_telemetry' sent to map.
2026-09-17 18:52:36.883 [DATA] Command 'ar_telemetry' sent to map.
2026-09-17 18:52:36.920 [DATA] Command 'ar_telemetry' sent to map.
2026-09-17 18:52:36.957 [DATA] Command 'ar_telemetry' sent to map.
2026-09-17 18:52:36.995 [DATA] Command 'ar_telemetry' sent to map.
2026-09-17 18:52:37.033 [DATA] Command 'ar_telemetry' sent to map.
2026-09-17 18:52:37.068 [DATA] Command 'ar_telemetry' sent to map.
2026-09-17 18:52:37.070 [DATA] Command 'ar_telemetry' sent to map.
2026-09-17 18:52:37.104 [DATA] Command 'ar_telemetry' sent to map.
2026-09-17 18:52:37.139 [DATA] Command 'ar_telemetry' sent to map.
2026-09-17 18:52:37.174 [DATA] Command 'ar_telemetry' sent to map.
2026-09-17 18:52:37.215 [DATA] Command 'ar_telemetry' sent to map.
2026-09-17 18:52:37.251 [DATA] Command 'ar_telemetry' sent to map.
2026-09-17 18:52:37.287 [DATA] Command 'ar_telemetry' sent to map.
2026-09-17 18:52:37.323 [DATA] Command 'ar_telemetry' sent to map.
2026-09-17 18:52:37.357 [DATA] [AR] ground plane: plane origin=(146541.00,111.59,-60999.00) N=(-0.0002,1.0000,0.0003) avgWheelH=111.593 refH=111.593 maxRes=0.0000 used=4 wheels=4 | режим=по колёсам | измеренный уклон=0 мм
2026-09-17 18:52:37.358 [DATA] [AR] pose 'ws': truck=146540,70,111,60,-60999,00 camera=146540,43,114,11,-60997,08 fwd=-0,585,-0,160,0,795 up=-0,095,0,987,0,129 ground=111,59.
2026-09-17 18:52:37.366 [DATA] Command 'ar_telemetry' sent to map.
2026-09-17 18:52:37.404 [DATA] [AR] tick alive: known=True changed=False forced=False head=True pts=5748 x=146540,7 z=-60999,0
2026-09-17 18:52:37.405 [DATA] Command 'ar_telemetry' sent to map.
2026-09-17 18:52:37.441 [DATA] Command 'ar_telemetry' sent to map.
2026-09-17 18:52:37.478 [DATA] Command 'ar_telemetry' sent to map.
2026-09-17 18:52:37.518 [DATA] Command 'ar_telemetry' sent to map.
2026-09-17 18:52:37.520 [DATA] Command 'ar_telemetry' sent to map.
2026-09-17 18:52:37.556 [DATA] Command 'ar_telemetry' sent to map.
2026-09-17 18:52:37.591 [DATA] Command 'ar_telemetry' sent to map.
2026-09-17 18:52:37.626 [DATA] Command 'ar_telemetry' sent to map.
2026-09-17 18:52:37.662 [DATA] Command 'ar_telemetry' sent to map.
2026-09-17 18:52:37.698 [DATA] Command 'ar_telemetry' sent to map.
2026-09-17 18:52:37.733 [DATA] Command 'ar_telemetry' sent to map.
2026-09-17 18:52:37.779 [DATA] Command 'ar_telemetry' sent to map.
2026-09-17 18:52:37.821 [DATA] Command 'ar_telemetry' sent to map.
2026-09-17 18:52:37.855 [DATA] Command 'ar_telemetry' sent to map.
2026-09-17 18:52:37.895 [DATA] Command 'ar_telemetry' sent to map.
2026-09-17 18:52:37.938 [DATA] Command 'ar_telemetry' sent to map.
2026-09-17 18:52:37.974 [DATA] Command 'ar_telemetry' sent to map.
2026-09-17 18:52:38.013 [DATA] Command 'ar_telemetry' sent to map.
2026-09-17 18:52:38.014 [DATA] Command 'ar_telemetry' sent to map.
2026-09-17 18:52:38.056 [DATA] Command 'ar_telemetry' sent to map.
2026-09-17 18:52:38.103 [DATA] Command 'ar_telemetry' sent to map.
2026-09-17 18:52:38.146 [DATA] Command 'ar_telemetry' sent to map.
2026-09-17 18:52:38.184 [DATA] Command 'ar_telemetry' sent to map.
2026-09-17 18:52:38.223 [DATA] Command 'ar_telemetry' sent to map.
2026-09-17 18:52:38.266 [DATA] Command 'ar_telemetry' sent to map.
2026-09-17 18:52:38.304 [DATA] Command 'ar_telemetry' sent to map.
2026-09-17 18:52:38.351 [DATA] Command 'ar_telemetry' sent to map.
2026-09-17 18:52:38.392 [DATA] Command 'ar_telemetry' sent to map.
2026-09-17 18:52:38.437 [DATA] Command 'ar_telemetry' sent to map.
2026-09-17 18:52:38.472 [DATA] Command 'ar_telemetry' sent to map.
2026-09-17 18:52:38.508 [DATA] Command 'ar_telemetry' sent to map.
2026-09-17 18:52:38.544 [DATA] Command 'ar_telemetry' sent to map.
2026-09-17 18:52:38.584 [DATA] Command 'ar_telemetry' sent to map.
2026-09-17 18:52:38.619 [DATA] Command 'ar_telemetry' sent to map.
2026-09-17 18:52:38.653 [DATA] Command 'ar_telemetry' sent to map.
2026-09-17 18:52:38.688 [DATA] Command 'ar_telemetry' sent to map.
2026-09-17 18:52:38.721 [DATA] Command 'ar_telemetry' sent to map.
2026-09-17 18:52:38.757 [DATA] Command 'ar_telemetry' sent to map.
2026-09-17 18:52:38.792 [DATA] Command 'ar_telemetry' sent to map.
2026-09-17 18:52:38.829 [DATA] Command 'ar_telemetry' sent to map.
2026-09-17 18:52:38.863 [DATA] Command 'ar_telemetry' sent to map.
2026-09-17 18:52:38.903 [DATA] Command 'ar_telemetry' sent to map.
2026-09-17 18:52:38.938 [DATA] Command 'ar_telemetry' sent to map.
2026-09-17 18:52:38.976 [DATA] Command 'ar_telemetry' sent to map.
2026-09-17 18:52:39.013 [DATA] Command 'ar_telemetry' sent to map.
2026-09-17 18:52:39.048 [DATA] Command 'ar_telemetry' sent to map.
2026-09-17 18:52:39.086 [DATA] Command 'ar_telemetry' sent to map.
2026-09-17 18:52:39.122 [DATA] Command 'ar_telemetry' sent to map.
2026-09-17 18:52:39.169 [DATA] Command 'ar_telemetry' sent to map.
2026-09-17 18:52:39.171 [DATA] Command 'ar_telemetry' sent to map.
2026-09-17 18:52:39.206 [DATA] Command 'ar_telemetry' sent to map.
2026-09-17 18:52:39.241 [DATA] Command 'ar_telemetry' sent to map.
2026-09-17 18:52:39.278 [DATA] Command 'ar_telemetry' sent to map.
2026-09-17 18:52:39.318 [DATA] Command 'ar_telemetry' sent to map.
2026-09-17 18:52:39.353 [DATA] Command 'ar_telemetry' sent to map.
2026-09-17 18:52:39.388 [DATA] Command 'ar_telemetry' sent to map.
2026-09-17 18:52:39.422 [DATA] Command 'ar_telemetry' sent to map.
2026-09-17 18:52:39.457 [DATA] Command 'ar_telemetry' sent to map.
2026-09-17 18:52:39.492 [DATA] Command 'ar_telemetry' sent to map.
2026-09-17 18:52:39.527 [DATA] Command 'ar_telemetry' sent to map.
2026-09-17 18:52:39.529 [DATA] Command 'ar_telemetry' sent to map.
2026-09-17 18:52:39.563 [DATA] Command 'ar_telemetry' sent to map.
2026-09-17 18:52:39.602 [DATA] Command 'ar_telemetry' sent to map.
2026-09-17 18:52:39.637 [DATA] Command 'ar_telemetry' sent to map.
2026-09-17 18:52:39.670 [DATA] Command 'ar_telemetry' sent to map.
2026-09-17 18:52:39.705 [DATA] Command 'ar_telemetry' sent to map.
2026-09-17 18:52:39.741 [DATA] Command 'ar_telemetry' sent to map.
2026-09-17 18:52:39.777 [DATA] Command 'ar_telemetry' sent to map.
2026-09-17 18:52:39.812 [DATA] Command 'ar_telemetry' sent to map.
2026-09-17 18:52:39.848 [DATA] Command 'ar_telemetry' sent to map.
2026-09-17 18:52:39.884 [DATA] Command 'ar_telemetry' sent to map.
2026-09-17 18:52:39.919 [DATA] Command 'ar_telemetry' sent to map.
2026-09-17 18:52:39.953 [DATA] Command 'ar_telemetry' sent to map.
2026-09-17 18:52:39.991 [DATA] Command 'ar_telemetry' sent to map.
2026-09-17 18:52:40.027 [DATA] Command 'ar_telemetry' sent to map.
2026-09-17 18:52:40.060 [DATA] Command 'ar_telemetry' sent to map.
2026-09-17 18:52:40.098 [DATA] Command 'ar_telemetry' sent to map.
2026-09-17 18:52:40.132 [DATA] Command 'ar_telemetry' sent to map.
2026-09-17 18:52:40.166 [DATA] Command 'ar_telemetry' sent to map.
2026-09-17 18:52:40.200 [DATA] Command 'ar_telemetry' sent to map.
2026-09-17 18:52:40.237 [DATA] Command 'ar_telemetry' sent to map.
2026-09-17 18:52:40.271 [DATA] Command 'ar_telemetry' sent to map.
2026-09-17 18:52:40.305 [DATA] Command 'ar_telemetry' sent to map.
2026-09-17 18:52:40.340 [DATA] Command 'ar_telemetry' sent to map.
2026-09-17 18:52:40.375 [DATA] Command 'ar_telemetry' sent to map.
2026-09-17 18:52:40.408 [DATA] Command 'ar_telemetry' sent to map.
2026-09-17 18:52:40.443 [DATA] Command 'ar_telemetry' sent to map.
2026-09-17 18:52:40.444 [DATA] Command 'ar_telemetry' sent to map.
2026-09-17 18:52:40.479 [DATA] Command 'ar_telemetry' sent to map.
2026-09-17 18:52:40.518 [DATA] Command 'ar_telemetry' sent to map.
2026-09-17 18:52:40.553 [DATA] Command 'ar_telemetry' sent to map.
2026-09-17 18:52:40.556 [DATA] Command 'ar_telemetry' sent to map.
2026-09-17 18:52:40.598 [DATA] Command 'ar_telemetry' sent to map.
2026-09-17 18:52:40.636 [DATA] Command 'ar_telemetry' sent to map.
2026-09-17 18:52:40.676 [DATA] Command 'ar_telemetry' sent to map.
2026-09-17 18:52:40.715 [DATA] Command 'ar_telemetry' sent to map.
2026-09-17 18:52:40.754 [DATA] Command 'ar_telemetry' sent to map.
2026-09-17 18:52:40.792 [DATA] Command 'ar_telemetry' sent to map.
2026-09-17 18:52:40.830 [DATA] Command 'ar_telemetry' sent to map.
2026-09-17 18:52:40.871 [DATA] Command 'ar_telemetry' sent to map.
2026-09-17 18:52:40.909 [DATA] Command 'ar_telemetry' sent to map.
2026-09-17 18:52:40.943 [DATA] Command 'ar_telemetry' sent to map.
2026-09-17 18:52:41.005 [DATA] Command 'ar_telemetry' sent to map.
2026-09-17 18:52:41.048 [DATA] Command 'ar_telemetry' sent to map.
2026-09-17 18:52:41.082 [DATA] Command 'ar_telemetry' sent to map.
2026-09-17 18:52:41.083 [DATA] Command 'ar_telemetry' sent to map.
2026-09-17 18:52:41.121 [DATA] Command 'ar_telemetry' sent to map.
2026-09-17 18:52:41.156 [DATA] Command 'ar_telemetry' sent to map.
2026-09-17 18:52:41.189 [DATA] Command 'ar_telemetry' sent to map.
2026-09-17 18:52:41.225 [DATA] Command 'ar_telemetry' sent to map.
2026-09-17 18:52:41.261 [DATA] Command 'ar_telemetry' sent to map.
2026-09-17 18:52:41.300 [DATA] Command 'ar_telemetry' sent to map.
2026-09-17 18:52:41.349 [DATA] Command 'ar_telemetry' sent to map.
2026-09-17 18:52:41.402 [DATA] Command 'ar_telemetry' sent to map.
2026-09-17 18:52:41.447 [DATA] Command 'ar_telemetry' sent to map.
2026-09-17 18:52:41.502 [DATA] Command 'ar_telemetry' sent to map.
2026-09-17 18:52:41.563 [DATA] Command 'ar_telemetry' sent to map.
2026-09-17 18:52:41.629 [DATA] Command 'ar_telemetry' sent to map.
2026-09-17 18:52:41.686 [DATA] Command 'ar_telemetry' sent to map.
2026-09-17 18:52:41.742 [DATA] Command 'ar_telemetry' sent to map.
2026-09-17 18:52:41.782 [DATA] Command 'ar_telemetry' sent to map.
2026-09-17 18:52:41.825 [DATA] Command 'ar_telemetry' sent to map.
2026-09-17 18:52:41.866 [DATA] Command 'ar_telemetry' sent to map.
2026-09-17 18:52:41.907 [DATA] Command 'ar_telemetry' sent to map.
2026-09-17 18:52:41.948 [DATA] Command 'ar_telemetry' sent to map.
2026-09-17 18:52:41.985 [DATA] Command 'ar_telemetry' sent to map.
2026-09-17 18:52:42.020 [DATA] Command 'ar_telemetry' sent to map.
2026-09-17 18:52:42.059 [DATA] Command 'ar_telemetry' sent to map.
2026-09-17 18:52:42.096 [DATA] Command 'ar_telemetry' sent to map.
2026-09-17 18:52:42.137 [DATA] Command 'ar_telemetry' sent to map.
2026-09-17 18:52:42.175 [DATA] Command 'ar_telemetry' sent to map.
2026-09-17 18:52:42.213 [DATA] Command 'ar_telemetry' sent to map.
2026-09-17 18:52:42.246 [DATA] Command 'ar_telemetry' sent to map.
2026-09-17 18:52:42.280 [DATA] Command 'ar_telemetry' sent to map.
2026-09-17 18:52:42.281 [DATA] [TRUCK] приём: WS=2307 REST=140 без-placement=0 битых=0 применено=2447 live=True возраст_данных=0,0с
2026-09-17 18:52:42.316 [DATA] Command 'ar_telemetry' sent to map.
2026-09-17 18:52:42.353 [DATA] Command 'ar_telemetry' sent to map.
2026-09-17 18:52:42.390 [DATA] [AR] ground plane: plane origin=(146541.00,111.59,-60999.00) N=(-0.0002,1.0000,0.0003) avgWheelH=111.593 refH=111.593 maxRes=0.0000 used=4 wheels=4 | режим=по колёсам | измеренный уклон=0 мм
2026-09-17 18:52:42.390 [DATA] [AR] pose 'ws': truck=146540,70,111,60,-60999,00 camera=146540,43,114,11,-60997,08 fwd=-0,585,-0,160,0,795 up=-0,095,0,987,0,129 ground=111,59.
2026-09-17 18:52:42.397 [DATA] Command 'ar_telemetry' sent to map.
2026-09-17 18:52:42.431 [DATA] [AR] tick alive: known=True changed=False forced=False head=True pts=5748 x=146540,7 z=-60999,0
2026-09-17 18:52:42.432 [DATA] Command 'ar_telemetry' sent to map.
2026-09-17 18:52:42.466 [DATA] Command 'ar_telemetry' sent to map.
2026-09-17 18:52:42.501 [DATA] Command 'ar_telemetry' sent to map.
2026-09-17 18:52:42.541 [DATA] Command 'ar_telemetry' sent to map.
2026-09-17 18:52:42.576 [DATA] Command 'ar_telemetry' sent to map.
2026-09-17 18:52:42.577 [DATA] Command 'ar_telemetry' sent to map.
2026-09-17 18:52:42.627 [DATA] Command 'ar_telemetry' sent to map.
2026-09-17 18:52:42.670 [DATA] Command 'ar_telemetry' sent to map.
2026-09-17 18:52:42.719 [DATA] Command 'ar_telemetry' sent to map.
2026-09-17 18:52:42.764 [DATA] Command 'ar_telemetry' sent to map.
2026-09-17 18:52:42.821 [DATA] Command 'ar_telemetry' sent to map.
2026-09-17 18:52:42.856 [DATA] Command 'ar_telemetry' sent to map.
2026-09-17 18:52:42.892 [DATA] Command 'ar_telemetry' sent to map.
2026-09-17 18:52:42.930 [DATA] Command 'ar_telemetry' sent to map.
2026-09-17 18:52:42.969 [DATA] Command 'ar_telemetry' sent to map.
2026-09-17 18:52:43.002 [DATA] Command 'ar_telemetry' sent to map.
2026-09-17 18:52:43.036 [DATA] Command 'ar_telemetry' sent to map.
2026-09-17 18:52:43.069 [DATA] Command 'ar_telemetry' sent to map.
2026-09-17 18:52:43.106 [DATA] Command 'ar_telemetry' sent to map.
2026-09-17 18:52:43.160 [DATA] Command 'ar_telemetry' sent to map.
2026-09-17 18:52:43.205 [DATA] Command 'ar_telemetry' sent to map.
2026-09-17 18:52:43.246 [DATA] Command 'ar_telemetry' sent to map.
2026-09-17 18:52:43.293 [DATA] Command 'ar_telemetry' sent to map.
2026-09-17 18:52:43.343 [DATA] Command 'ar_telemetry' sent to map.
2026-09-17 18:52:43.398 [DATA] Command 'ar_telemetry' sent to map.
2026-09-17 18:52:43.460 [DATA] Command 'ar_telemetry' sent to map.
2026-09-17 18:52:43.513 [DATA] Command 'ar_telemetry' sent to map.
2026-09-17 18:52:43.555 [DATA] Command 'ar_telemetry' sent to map.
2026-09-17 18:52:43.596 [DATA] Command 'ar_telemetry' sent to map.
2026-09-17 18:52:43.641 [DATA] Command 'ar_telemetry' sent to map.
2026-09-17 18:52:43.678 [DATA] Command 'ar_telemetry' sent to map.
2026-09-17 18:52:43.721 [DATA] Command 'ar_telemetry' sent to map.
2026-09-17 18:52:43.764 [DATA] Command 'ar_telemetry' sent to map.
2026-09-17 18:52:43.804 [DATA] Command 'ar_telemetry' sent to map.
2026-09-17 18:52:43.846 [DATA] Command 'ar_telemetry' sent to map.
2026-09-17 18:52:43.890 [DATA] Command 'ar_telemetry' sent to map.
2026-09-17 18:52:43.932 [DATA] Command 'ar_telemetry' sent to map.
2026-09-17 18:52:43.981 [DATA] Command 'ar_telemetry' sent to map.
2026-09-17 18:52:44.025 [DATA] Command 'ar_telemetry' sent to map.
2026-09-17 18:52:44.065 [DATA] Command 'ar_telemetry' sent to map.
2026-09-17 18:52:44.107 [DATA] Command 'ar_telemetry' sent to map.
2026-09-17 18:52:44.149 [DATA] Command 'ar_telemetry' sent to map.
2026-09-17 18:52:44.191 [DATA] Command 'ar_telemetry' sent to map.
2026-09-17 18:52:44.193 [DATA] Command 'ar_telemetry' sent to map.
2026-09-17 18:52:44.232 [DATA] Command 'ar_telemetry' sent to map.
2026-09-17 18:52:44.268 [DATA] Command 'ar_telemetry' sent to map.
2026-09-17 18:52:44.303 [DATA] Command 'ar_telemetry' sent to map.
2026-09-17 18:52:44.336 [DATA] Command 'ar_telemetry' sent to map.
2026-09-17 18:52:44.368 [DATA] Command 'ar_telemetry' sent to map.
2026-09-17 18:52:44.402 [DATA] Command 'ar_telemetry' sent to map.
2026-09-17 18:52:44.436 [DATA] Command 'ar_telemetry' sent to map.
2026-09-17 18:52:44.471 [DATA] Command 'ar_telemetry' sent to map.
2026-09-17 18:52:44.504 [DATA] Command 'ar_telemetry' sent to map.
2026-09-17 18:52:44.538 [DATA] Command 'ar_telemetry' sent to map.
2026-09-17 18:52:44.573 [DATA] Command 'ar_telemetry' sent to map.
2026-09-17 18:52:44.606 [DATA] Command 'ar_telemetry' sent to map.
2026-09-17 18:52:44.644 [DATA] Command 'ar_telemetry' sent to map.
2026-09-17 18:52:44.688 [DATA] Command 'ar_telemetry' sent to map.
2026-09-17 18:52:44.725 [DATA] Command 'ar_telemetry' sent to map.
2026-09-17 18:52:44.768 [DATA] Command 'ar_telemetry' sent to map.
2026-09-17 18:52:44.809 [DATA] Command 'ar_telemetry' sent to map.
2026-09-17 18:52:44.850 [DATA] Command 'ar_telemetry' sent to map.
2026-09-17 18:52:44.889 [DATA] Command 'ar_telemetry' sent to map.
2026-09-17 18:52:44.957 [DATA] Command 'ar_telemetry' sent to map.
2026-09-17 18:52:45.004 [DATA] Command 'ar_telemetry' sent to map.
2026-09-17 18:52:45.037 [DATA] Command 'ar_telemetry' sent to map.
2026-09-17 18:52:45.071 [DATA] Command 'ar_telemetry' sent to map.
2026-09-17 18:52:45.108 [DATA] Command 'ar_telemetry' sent to map.
2026-09-17 18:52:45.141 [DATA] Command 'ar_telemetry' sent to map.
2026-09-17 18:52:45.186 [DATA] Command 'ar_telemetry' sent to map.
2026-09-17 18:52:45.234 [DATA] Command 'ar_telemetry' sent to map.
2026-09-17 18:52:45.271 [DATA] Command 'ar_telemetry' sent to map.
2026-09-17 18:52:45.304 [DATA] Command 'ar_telemetry' sent to map.
2026-09-17 18:52:45.339 [DATA] Command 'ar_telemetry' sent to map.
2026-09-17 18:52:45.375 [DATA] Command 'ar_telemetry' sent to map.
2026-09-17 18:52:45.409 [DATA] Command 'ar_telemetry' sent to map.
2026-09-17 18:52:45.442 [DATA] Command 'ar_telemetry' sent to map.
2026-09-17 18:52:45.476 [DATA] Command 'ar_telemetry' sent to map.
2026-09-17 18:52:45.511 [DATA] Command 'ar_telemetry' sent to map.
2026-09-17 18:52:45.548 [DATA] Command 'ar_telemetry' sent to map.
2026-09-17 18:52:45.583 [DATA] Command 'ar_telemetry' sent to map.
2026-09-17 18:52:45.619 [DATA] Command 'ar_telemetry' sent to map.
2026-09-17 18:52:45.655 [DATA] Command 'ar_telemetry' sent to map.
2026-09-17 18:52:45.692 [DATA] Command 'ar_telemetry' sent to map.
2026-09-17 18:52:45.733 [DATA] Command 'ar_telemetry' sent to map.
2026-09-17 18:52:45.768 [DATA] Command 'ar_telemetry' sent to map.
2026-09-17 18:52:45.802 [DATA] Command 'ar_telemetry' sent to map.
2026-09-17 18:52:45.835 [DATA] Command 'ar_telemetry' sent to map.
2026-09-17 18:52:45.871 [DATA] Command 'ar_telemetry' sent to map.
2026-09-17 18:52:45.904 [DATA] Command 'ar_telemetry' sent to map.
2026-09-17 18:52:45.939 [DATA] Command 'ar_telemetry' sent to map.
2026-09-17 18:52:45.973 [DATA] Command 'ar_telemetry' sent to map.
2026-09-17 18:52:46.008 [DATA] Command 'ar_telemetry' sent to map.
2026-09-17 18:52:46.041 [DATA] Command 'ar_telemetry' sent to map.
2026-09-17 18:52:46.077 [DATA] Command 'ar_telemetry' sent to map.
2026-09-17 18:52:46.111 [DATA] Command 'ar_telemetry' sent to map.
2026-09-17 18:52:46.147 [DATA] Command 'ar_telemetry' sent to map.
2026-09-17 18:52:46.149 [DATA] [OVR] load_order.txt: [custom_map1.json, test_targets.json] (снизу=низший приоритет)
2026-09-17 18:52:46.152 [DATA] [OVR] файл из load_order не найден: custom_map1.json (пропущен)
2026-09-17 18:52:46.153 [DATA] [OVR] прочитан test_targets.json: записей=1
2026-09-17 18:52:46.153 [DATA] [OVR]   test_targets.json -> random: 119646.75, 0.00, -53344.43
2026-09-17 18:52:46.161 [DATA] [AR] Модель точек без изменений: 5748.
2026-09-17 18:52:46.201 [DATA] Command 'ar_telemetry' sent to map.
2026-09-17 18:52:46.258 [DATA] Command 'ar_telemetry' sent to map.
2026-09-17 18:52:46.296 [DATA] Command 'ar_telemetry' sent to map.
2026-09-17 18:52:46.338 [DATA] Command 'ar_telemetry' sent to map.
2026-09-17 18:52:46.384 [DATA] Command 'ar_telemetry' sent to map.
2026-09-17 18:52:46.423 [DATA] Command 'ar_telemetry' sent to map.
2026-09-17 18:52:46.470 [DATA] Command 'ar_telemetry' sent to map.
2026-09-17 18:52:46.515 [DATA] Command 'ar_telemetry' sent to map.
2026-09-17 18:52:46.516 [DATA] Command 'ar_telemetry' sent to map.
2026-09-17 18:52:46.560 [DATA] Command 'ar_telemetry' sent to map.
2026-09-17 18:52:46.563 [DATA] Command 'ar_telemetry' sent to map.
2026-09-17 18:52:46.597 [DATA] Command 'ar_telemetry' sent to map.
2026-09-17 18:52:46.633 [DATA] Command 'ar_telemetry' sent to map.
2026-09-17 18:52:46.677 [DATA] Command 'ar_telemetry' sent to map.
2026-09-17 18:52:46.712 [DATA] Command 'ar_telemetry' sent to map.
2026-09-17 18:52:46.750 [DATA] Command 'ar_telemetry' sent to map.
2026-09-17 18:52:46.788 [DATA] Command 'ar_telemetry' sent to map.
2026-09-17 18:52:46.822 [DATA] Command 'ar_telemetry' sent to map.
2026-09-17 18:52:46.856 [DATA] Command 'ar_telemetry' sent to map.
2026-09-17 18:52:46.896 [DATA] Command 'ar_telemetry' sent to map.
2026-09-17 18:52:46.898 [DATA] Command 'ar_telemetry' sent to map.
2026-09-17 18:52:46.936 [DATA] Command 'ar_telemetry' sent to map.
2026-09-17 18:52:46.970 [DATA] Command 'ar_telemetry' sent to map.
2026-09-17 18:52:47.009 [DATA] Command 'ar_telemetry' sent to map.
2026-09-17 18:52:47.045 [DATA] Command 'ar_telemetry' sent to map.
2026-09-17 18:52:47.080 [DATA] Command 'ar_telemetry' sent to map.
2026-09-17 18:52:47.116 [DATA] Command 'ar_telemetry' sent to map.
2026-09-17 18:52:47.151 [DATA] Command 'ar_telemetry' sent to map.
2026-09-17 18:52:47.186 [DATA] Command 'ar_telemetry' sent to map.
2026-09-17 18:52:47.233 [DATA] Command 'ar_telemetry' sent to map.
2026-09-17 18:52:47.273 [DATA] Command 'ar_telemetry' sent to map.
2026-09-17 18:52:47.310 [DATA] Command 'ar_telemetry' sent to map.
2026-09-17 18:52:47.345 [DATA] Command 'ar_telemetry' sent to map.
2026-09-17 18:52:47.379 [DATA] Command 'ar_telemetry' sent to map.
2026-09-17 18:52:47.421 [DATA] Command 'ar_telemetry' sent to map.
2026-09-17 18:52:47.422 [DATA] [AR] ground plane: plane origin=(146541.00,111.59,-60999.00) N=(-0.0002,1.0000,0.0003) avgWheelH=111.593 refH=111.593 maxRes=0.0000 used=4 wheels=4 | режим=по колёсам | измеренный уклон=0 мм
2026-09-17 18:52:47.422 [DATA] [AR] pose 'ws': truck=146540,70,111,60,-60999,00 camera=146540,43,114,11,-60997,08 fwd=-0,585,-0,160,0,795 up=-0,095,0,987,0,129 ground=111,59.
2026-09-17 18:52:47.461 [DATA] [AR] tick alive: known=True changed=True forced=False head=True pts=5748 x=146540,7 z=-60999,0
2026-09-17 18:52:47.462 [DATA] Command 'ar_telemetry' sent to map.
2026-09-17 18:52:47.494 [DATA] Command 'ar_telemetry' sent to map.
2026-09-17 18:52:47.527 [DATA] Command 'ar_telemetry' sent to map.
2026-09-17 18:52:47.561 [DATA] Command 'ar_telemetry' sent to map.
2026-09-17 18:52:47.595 [DATA] Command 'ar_telemetry' sent to map.
2026-09-17 18:52:47.628 [DATA] Command 'ar_telemetry' sent to map.
2026-09-17 18:52:47.661 [DATA] Command 'ar_telemetry' sent to map.
2026-09-17 18:52:47.695 [DATA] Command 'ar_telemetry' sent to map.
2026-09-17 18:52:47.729 [DATA] Command 'ar_telemetry' sent to map.
2026-09-17 18:52:47.768 [DATA] Command 'ar_telemetry' sent to map.
2026-09-17 18:52:47.806 [DATA] Command 'ar_telemetry' sent to map.
2026-09-17 18:52:47.845 [DATA] Command 'ar_telemetry' sent to map.
2026-09-17 18:52:47.880 [DATA] Command 'ar_telemetry' sent to map.
2026-09-17 18:52:47.919 [DATA] Command 'ar_telemetry' sent to map.
2026-09-17 18:52:47.957 [DATA] Command 'ar_telemetry' sent to map.
2026-09-17 18:52:47.994 [DATA] Command 'ar_telemetry' sent to map.
2026-09-17 18:52:48.036 [DATA] Command 'ar_telemetry' sent to map.
2026-09-17 18:52:48.078 [DATA] Command 'ar_telemetry' sent to map.
2026-09-17 18:52:48.141 [DATA] Command 'ar_telemetry' sent to map.
2026-09-17 18:52:48.188 [DATA] Command 'ar_telemetry' sent to map.
2026-09-17 18:52:48.236 [DATA] Command 'ar_telemetry' sent to map.
2026-09-17 18:52:48.288 [DATA] Command 'ar_telemetry' sent to map.
2026-09-17 18:52:48.336 [DATA] Command 'ar_telemetry' sent to map.
2026-09-17 18:52:48.384 [DATA] Command 'ar_telemetry' sent to map.
2026-09-17 18:52:48.436 [DATA] Command 'ar_telemetry' sent to map.
2026-09-17 18:52:48.441 [DATA] Command 'ar_telemetry' sent to map.
2026-09-17 18:52:48.486 [DATA] Command 'ar_telemetry' sent to map.
2026-09-17 18:52:48.523 [DATA] Command 'ar_telemetry' sent to map.
2026-09-17 18:52:48.560 [DATA] Command 'ar_telemetry' sent to map.
2026-09-17 18:52:48.594 [DATA] Command 'ar_telemetry' sent to map.
2026-09-17 18:52:48.628 [DATA] Command 'ar_telemetry' sent to map.
2026-09-17 18:52:48.663 [DATA] Command 'ar_telemetry' sent to map.
2026-09-17 18:52:48.705 [DATA] Command 'ar_telemetry' sent to map.
2026-09-17 18:52:48.743 [DATA] Command 'ar_telemetry' sent to map.
2026-09-17 18:52:48.782 [DATA] Command 'ar_telemetry' sent to map.
2026-09-17 18:52:48.818 [DATA] Command 'ar_telemetry' sent to map.
2026-09-17 18:52:48.857 [DATA] Command 'ar_telemetry' sent to map.
2026-09-17 18:52:48.893 [DATA] Command 'ar_telemetry' sent to map.
2026-09-17 18:52:48.929 [DATA] Command 'ar_telemetry' sent to map.
2026-09-17 18:52:48.968 [DATA] Command 'ar_telemetry' sent to map.
2026-09-17 18:52:49.007 [DATA] Command 'ar_telemetry' sent to map.
2026-09-17 18:52:49.041 [DATA] Command 'ar_telemetry' sent to map.
2026-09-17 18:52:49.081 [DATA] Command 'ar_telemetry' sent to map.
2026-09-17 18:52:49.115 [DATA] Command 'ar_telemetry' sent to map.
2026-09-17 18:52:49.151 [DATA] Command 'ar_telemetry' sent to map.
2026-09-17 18:52:49.185 [DATA] Command 'ar_telemetry' sent to map.
2026-09-17 18:52:49.227 [DATA] Command 'ar_telemetry' sent to map.
2026-09-17 18:52:49.267 [DATA] Command 'ar_telemetry' sent to map.
2026-09-17 18:52:49.268 [DATA] Command 'ar_telemetry' sent to map.
2026-09-17 18:52:49.303 [DATA] Command 'ar_telemetry' sent to map.
2026-09-17 18:52:49.339 [DATA] Command 'ar_telemetry' sent to map.
2026-09-17 18:52:49.383 [DATA] Command 'ar_telemetry' sent to map.
2026-09-17 18:52:49.422 [DATA] Command 'ar_telemetry' sent to map.
2026-09-17 18:52:49.423 [DATA] Command 'ar_telemetry' sent to map.
2026-09-17 18:52:49.456 [DATA] Command 'ar_telemetry' sent to map.
2026-09-17 18:52:49.492 [DATA] Command 'ar_telemetry' sent to map.
2026-09-17 18:52:49.525 [DATA] Command 'ar_telemetry' sent to map.
2026-09-17 18:52:49.558 [DATA] Command 'ar_telemetry' sent to map.
2026-09-17 18:52:49.593 [DATA] Command 'ar_telemetry' sent to map.
2026-09-17 18:52:49.628 [DATA] Command 'ar_telemetry' sent to map.
2026-09-17 18:52:49.662 [DATA] Command 'ar_telemetry' sent to map.
2026-09-17 18:52:49.696 [DATA] Command 'ar_telemetry' sent to map.
2026-09-17 18:52:49.732 [DATA] Command 'ar_telemetry' sent to map.
2026-09-17 18:52:49.771 [DATA] Command 'ar_telemetry' sent to map.
2026-09-17 18:52:49.807 [DATA] Command 'ar_telemetry' sent to map.
2026-09-17 18:52:49.808 [DATA] Command 'ar_telemetry' sent to map.
2026-09-17 18:52:49.841 [DATA] Command 'ar_telemetry' sent to map.
2026-09-17 18:52:49.875 [DATA] Command 'ar_telemetry' sent to map.
2026-09-17 18:52:49.896 [DATA] Command 'ar_telemetry' sent to map.
2026-09-17 18:52:49.933 [DATA] Command 'ar_telemetry' sent to map.
2026-09-17 18:52:49.967 [DATA] Command 'ar_telemetry' sent to map.
2026-09-17 18:52:50.004 [DATA] Command 'ar_telemetry' sent to map.
2026-09-17 18:52:50.038 [DATA] Command 'ar_telemetry' sent to map.
2026-09-17 18:52:50.073 [DATA] Command 'ar_telemetry' sent to map.
2026-09-17 18:52:50.106 [DATA] Command 'ar_telemetry' sent to map.
2026-09-17 18:52:50.141 [DATA] Command 'ar_telemetry' sent to map.
2026-09-17 18:52:50.176 [DATA] Command 'ar_telemetry' sent to map.
2026-09-17 18:52:50.211 [DATA] Command 'ar_telemetry' sent to map.
2026-09-17 18:52:50.250 [DATA] Command 'ar_telemetry' sent to map.
2026-09-17 18:52:50.285 [DATA] Command 'ar_telemetry' sent to map.
2026-09-17 18:52:50.321 [DATA] Command 'ar_telemetry' sent to map.
2026-09-17 18:52:50.358 [DATA] Command 'ar_telemetry' sent to map.
2026-09-17 18:52:50.393 [DATA] Command 'ar_telemetry' sent to map.
2026-09-17 18:52:50.431 [DATA] Command 'ar_telemetry' sent to map.
2026-09-17 18:52:50.468 [DATA] Command 'ar_telemetry' sent to map.
2026-09-17 18:52:50.502 [DATA] Command 'ar_telemetry' sent to map.
2026-09-17 18:52:50.541 [DATA] Command 'ar_telemetry' sent to map.
2026-09-17 18:52:50.576 [DATA] Command 'ar_telemetry' sent to map.
2026-09-17 18:52:50.610 [DATA] Command 'ar_telemetry' sent to map.
2026-09-17 18:52:50.645 [DATA] Command 'ar_telemetry' sent to map.
2026-09-17 18:52:50.647 [DATA] Command 'ar_telemetry' sent to map.
2026-09-17 18:52:50.681 [DATA] Command 'ar_telemetry' sent to map.
2026-09-17 18:52:50.720 [DATA] Command 'ar_telemetry' sent to map.
2026-09-17 18:52:50.758 [DATA] Command 'ar_telemetry' sent to map.
2026-09-17 18:52:50.794 [DATA] Command 'ar_telemetry' sent to map.
2026-09-17 18:52:50.831 [DATA] Command 'ar_telemetry' sent to map.
2026-09-17 18:52:50.867 [DATA] Command 'ar_telemetry' sent to map.
2026-09-17 18:52:50.901 [DATA] Command 'ar_telemetry' sent to map.
2026-09-17 18:52:50.939 [DATA] Command 'ar_telemetry' sent to map.
2026-09-17 18:52:50.974 [DATA] Command 'ar_telemetry' sent to map.
2026-09-17 18:52:51.009 [DATA] Command 'ar_telemetry' sent to map.
2026-09-17 18:52:51.045 [DATA] Command 'ar_telemetry' sent to map.
2026-09-17 18:52:51.078 [DATA] Command 'ar_telemetry' sent to map.
2026-09-17 18:52:51.112 [DATA] Command 'ar_telemetry' sent to map.
2026-09-17 18:52:51.145 [DATA] Command 'ar_telemetry' sent to map.
2026-09-17 18:52:51.189 [DATA] Command 'ar_telemetry' sent to map.
2026-09-17 18:52:51.240 [DATA] Command 'ar_telemetry' sent to map.
2026-09-17 18:52:51.277 [DATA] Command 'ar_telemetry' sent to map.
2026-09-17 18:52:51.316 [DATA] Command 'ar_telemetry' sent to map.
2026-09-17 18:52:51.365 [DATA] Command 'ar_telemetry' sent to map.
2026-09-17 18:52:51.406 [DATA] Command 'ar_telemetry' sent to map.
2026-09-17 18:52:51.410 [DATA] Command 'ar_telemetry' sent to map.
2026-09-17 18:52:51.462 [DATA] Command 'ar_telemetry' sent to map.
2026-09-17 18:52:51.508 [DATA] Command 'ar_telemetry' sent to map.
2026-09-17 18:52:51.553 [DATA] Command 'ar_telemetry' sent to map.
2026-09-17 18:52:51.589 [DATA] Command 'ar_telemetry' sent to map.
2026-09-17 18:52:51.626 [DATA] Command 'ar_telemetry' sent to map.
2026-09-17 18:52:51.660 [DATA] Command 'ar_telemetry' sent to map.
2026-09-17 18:52:51.693 [DATA] Command 'ar_telemetry' sent to map.
2026-09-17 18:52:51.728 [DATA] Command 'ar_telemetry' sent to map.
2026-09-17 18:52:51.764 [DATA] Command 'ar_telemetry' sent to map.
2026-09-17 18:52:51.800 [DATA] Command 'ar_telemetry' sent to map.
2026-09-17 18:52:51.835 [DATA] Command 'ar_telemetry' sent to map.
2026-09-17 18:52:51.871 [DATA] Command 'ar_telemetry' sent to map.
2026-09-17 18:52:51.905 [DATA] Command 'ar_telemetry' sent to map.
2026-09-17 18:52:51.941 [DATA] Command 'ar_telemetry' sent to map.
2026-09-17 18:52:51.979 [DATA] Command 'ar_telemetry' sent to map.
2026-09-17 18:52:52.015 [DATA] Command 'ar_telemetry' sent to map.
2026-09-17 18:52:52.051 [DATA] Command 'ar_telemetry' sent to map.
2026-09-17 18:52:52.053 [DATA] Command 'ar_telemetry' sent to map.
2026-09-17 18:52:52.094 [DATA] Command 'ar_telemetry' sent to map.
2026-09-17 18:52:52.129 [DATA] Command 'ar_telemetry' sent to map.
2026-09-17 18:52:52.165 [DATA] Command 'ar_telemetry' sent to map.
2026-09-17 18:52:52.202 [DATA] Command 'ar_telemetry' sent to map.
2026-09-17 18:52:52.238 [DATA] Command 'ar_telemetry' sent to map.
2026-09-17 18:52:52.274 [DATA] Command 'ar_telemetry' sent to map.
2026-09-17 18:52:52.308 [DATA] Command 'ar_telemetry' sent to map.
2026-09-17 18:52:52.341 [DATA] Command 'ar_telemetry' sent to map.
2026-09-17 18:52:52.377 [DATA] Command 'ar_telemetry' sent to map.
2026-09-17 18:52:52.410 [DATA] Command 'ar_telemetry' sent to map.
2026-09-17 18:52:52.445 [DATA] Command 'ar_telemetry' sent to map.
2026-09-17 18:52:52.445 [DATA] [AR] ground plane: plane origin=(146541.00,111.59,-60999.00) N=(-0.0002,1.0000,0.0003) avgWheelH=111.593 refH=111.593 maxRes=0.0000 used=4 wheels=4 | режим=по колёсам | измеренный уклон=0 мм
2026-09-17 18:52:52.445 [DATA] [AR] pose 'ws': truck=146540,70,111,60,-60999,00 camera=146540,43,114,11,-60997,08 fwd=-0,585,-0,160,0,795 up=-0,095,0,987,0,129 ground=111,59.
2026-09-17 18:52:52.453 [DATA] Command 'ar_telemetry' sent to map.
2026-09-17 18:52:52.489 [DATA] [AR] tick alive: known=True changed=True forced=False head=True pts=5748 x=146540,7 z=-60999,0
2026-09-17 18:52:52.490 [DATA] Command 'ar_telemetry' sent to map.
2026-09-17 18:52:52.525 [DATA] Command 'ar_telemetry' sent to map.
2026-09-17 18:52:52.559 [DATA] Command 'ar_telemetry' sent to map.
2026-09-17 18:52:52.596 [DATA] Command 'ar_telemetry' sent to map.
2026-09-17 18:52:52.630 [DATA] Command 'ar_telemetry' sent to map.
2026-09-17 18:52:52.667 [DATA] Command 'ar_telemetry' sent to map.
2026-09-17 18:52:52.710 [DATA] Command 'ar_telemetry' sent to map.
2026-09-17 18:52:54.072 [DATA] [OVR] load_order.txt: [custom_map1.json, test_targets.json] (снизу=низший приоритет)
2026-09-17 18:52:54.075 [DATA] [OVR] файл из load_order не найден: custom_map1.json (пропущен)
2026-09-17 18:52:54.075 [DATA] [OVR] прочитан test_targets.json: записей=1
2026-09-17 18:52:54.075 [DATA] [OVR]   test_targets.json -> random: 119646.75, 0.00, -53344.43
2026-09-17 18:52:54.080 [DATA] [AR] Модель точек без изменений: 5748.
2026-09-17 18:52:54.155 [DATA] Command 'ar_telemetry' sent to map.
2026-09-17 18:52:54.155 [DATA] [AR] Форс-рассылка данных AR (новый WS-клиент).
2026-09-17 18:52:54.156 [DATA] [AR] Форс-рассылка данных AR (новый WS-клиент).
2026-09-17 18:52:54.156 [DATA] [AR] Форс-рассылка данных AR (новый WS-клиент).
2026-09-17 18:52:54.171 [DATA] Command 'ar_telemetry' sent to map.
2026-09-17 18:52:54.172 [DATA] Command 'ar_telemetry' sent to map.
2026-09-17 18:52:54.202 [DATA] Command 'ar_telemetry' sent to map.
2026-09-17 18:52:54.240 [DATA] Command 'ar_telemetry' sent to map.
2026-09-17 18:52:54.281 [DATA] Command 'ar_telemetry' sent to map.
2026-09-17 18:52:54.331 [DATA] Command 'ar_telemetry' sent to map.
2026-09-17 18:52:54.371 [DATA] Command 'ar_telemetry' sent to map.
2026-09-17 18:52:54.410 [DATA] Command 'ar_telemetry' sent to map.
2026-09-17 18:52:54.453 [DATA] Command 'ar_telemetry' sent to map.
2026-09-17 18:52:54.491 [DATA] Command 'ar_telemetry' sent to map.
2026-09-17 18:52:54.539 [DATA] Command 'ar_telemetry' sent to map.
2026-09-17 18:52:54.577 [DATA] Command 'ar_telemetry' sent to map.
2026-09-17 18:52:54.613 [DATA] Command 'ar_telemetry' sent to map.
2026-09-17 18:52:54.652 [DATA] Command 'ar_telemetry' sent to map.
2026-09-17 18:52:54.689 [DATA] Command 'ar_telemetry' sent to map.
2026-09-17 18:52:54.725 [DATA] Command 'ar_telemetry' sent to map.
2026-09-17 18:52:54.761 [DATA] Command 'ar_telemetry' sent to map.
2026-09-17 18:52:54.799 [DATA] Command 'ar_telemetry' sent to map.
2026-09-17 18:52:54.839 [DATA] Command 'ar_telemetry' sent to map.
2026-09-17 18:52:54.875 [DATA] Command 'ar_telemetry' sent to map.
2026-09-17 18:52:54.909 [DATA] Command 'ar_telemetry' sent to map.
2026-09-17 18:52:54.944 [DATA] Command 'ar_telemetry' sent to map.
2026-09-17 18:52:54.986 [DATA] Command 'ar_telemetry' sent to map.
2026-09-17 18:52:55.021 [DATA] Command 'ar_telemetry' sent to map.
2026-09-17 18:52:55.059 [DATA] Command 'ar_telemetry' sent to map.
2026-09-17 18:52:55.093 [DATA] Command 'ar_telemetry' sent to map.
2026-09-17 18:52:55.128 [DATA] Command 'ar_telemetry' sent to map.
2026-09-17 18:52:55.166 [DATA] Command 'ar_telemetry' sent to map.
2026-09-17 18:52:55.201 [DATA] Command 'ar_telemetry' sent to map.
2026-09-17 18:52:55.236 [DATA] Command 'ar_telemetry' sent to map.
2026-09-17 18:52:55.238 [DATA] Command 'ar_telemetry' sent to map.
2026-09-17 18:52:55.273 [DATA] Command 'ar_telemetry' sent to map.
2026-09-17 18:52:55.308 [DATA] Command 'ar_telemetry' sent to map.
2026-09-17 18:52:55.346 [DATA] Command 'ar_telemetry' sent to map.
2026-09-17 18:52:55.383 [DATA] Command 'ar_telemetry' sent to map.
2026-09-17 18:52:55.419 [DATA] Command 'ar_telemetry' sent to map.
2026-09-17 18:52:55.459 [DATA] Command 'ar_telemetry' sent to map.
2026-09-17 18:52:55.497 [DATA] Command 'ar_telemetry' sent to map.
2026-09-17 18:52:55.534 [DATA] Command 'ar_telemetry' sent to map.
2026-09-17 18:52:55.572 [DATA] Command 'ar_telemetry' sent to map.
2026-09-17 18:52:55.609 [DATA] Command 'ar_telemetry' sent to map.
2026-09-17 18:52:55.643 [DATA] Command 'ar_telemetry' sent to map.
2026-09-17 18:52:55.682 [DATA] Command 'ar_telemetry' sent to map.
2026-09-17 18:52:55.718 [DATA] Command 'ar_telemetry' sent to map.
2026-09-17 18:52:55.755 [DATA] Command 'ar_telemetry' sent to map.
2026-09-17 18:52:55.791 [DATA] Command 'ar_telemetry' sent to map.
2026-09-17 18:52:55.829 [DATA] Command 'ar_telemetry' sent to map.
2026-09-17 18:52:55.864 [DATA] Command 'ar_telemetry' sent to map.
2026-09-17 18:52:55.900 [DATA] Command 'ar_telemetry' sent to map.
2026-09-17 18:52:55.935 [DATA] Command 'ar_telemetry' sent to map.
2026-09-17 18:52:55.972 [DATA] Command 'ar_telemetry' sent to map.
2026-09-17 18:52:56.021 [DATA] Command 'ar_telemetry' sent to map.
2026-09-17 18:52:56.056 [DATA] Command 'ar_telemetry' sent to map.
2026-09-17 18:52:56.102 [DATA] Command 'ar_telemetry' sent to map.
2026-09-17 18:52:56.139 [DATA] Command 'ar_telemetry' sent to map.
2026-09-17 18:52:56.184 [DATA] Command 'ar_telemetry' sent to map.
2026-09-17 18:52:56.236 [DATA] Command 'ar_telemetry' sent to map.
2026-09-17 18:52:56.283 [DATA] Command 'ar_telemetry' sent to map.
2026-09-17 18:52:56.284 [DATA] Command 'ar_telemetry' sent to map.
2026-09-17 18:52:56.322 [DATA] Command 'ar_telemetry' sent to map.
2026-09-17 18:52:56.367 [DATA] Command 'ar_telemetry' sent to map.
2026-09-17 18:52:56.369 [DATA] Command 'ar_telemetry' sent to map.
2026-09-17 18:52:56.409 [DATA] Command 'ar_telemetry' sent to map.
2026-09-17 18:52:56.453 [DATA] Command 'ar_telemetry' sent to map.
2026-09-17 18:52:56.500 [DATA] Command 'ar_telemetry' sent to map.
2026-09-17 18:52:56.557 [DATA] Command 'ar_telemetry' sent to map.
2026-09-17 18:52:56.607 [DATA] Command 'ar_telemetry' sent to map.
2026-09-17 18:52:56.646 [DATA] Command 'ar_telemetry' sent to map.
2026-09-17 18:52:56.683 [DATA] Command 'ar_telemetry' sent to map.
2026-09-17 18:52:56.719 [DATA] Command 'ar_telemetry' sent to map.
2026-09-17 18:52:56.756 [DATA] Command 'ar_telemetry' sent to map.
2026-09-17 18:52:56.798 [DATA] Command 'ar_telemetry' sent to map.
2026-09-17 18:52:56.838 [DATA] Command 'ar_telemetry' sent to map.
2026-09-17 18:52:56.875 [DATA] Command 'ar_telemetry' sent to map.
2026-09-17 18:52:56.910 [DATA] Command 'ar_telemetry' sent to map.
2026-09-17 18:52:56.947 [DATA] Command 'ar_telemetry' sent to map.
2026-09-17 18:52:56.984 [DATA] Command 'ar_telemetry' sent to map.
2026-09-17 18:52:57.020 [DATA] Command 'ar_telemetry' sent to map.
2026-09-17 18:52:57.057 [DATA] Command 'ar_telemetry' sent to map.
2026-09-17 18:52:57.093 [DATA] Command 'ar_telemetry' sent to map.
2026-09-17 18:52:57.134 [DATA] Command 'ar_telemetry' sent to map.
2026-09-17 18:52:57.175 [DATA] Command 'ar_telemetry' sent to map.
2026-09-17 18:52:57.215 [DATA] Command 'ar_telemetry' sent to map.
2026-09-17 18:52:57.257 [DATA] Command 'ar_telemetry' sent to map.
2026-09-17 18:52:57.293 [DATA] [TRUCK] приём: WS=2530 REST=154 без-placement=0 битых=0 применено=2684 live=True возраст_данных=0,0с
2026-09-17 18:52:57.294 [DATA] Command 'ar_telemetry' sent to map.
2026-09-17 18:52:57.332 [DATA] Command 'ar_telemetry' sent to map.
2026-09-17 18:52:57.369 [DATA] Command 'ar_telemetry' sent to map.
2026-09-17 18:52:57.407 [DATA] Command 'ar_telemetry' sent to map.
2026-09-17 18:52:57.454 [DATA] Command 'ar_telemetry' sent to map.
2026-09-17 18:52:57.455 [DATA] [AR] ground plane: plane origin=(146540.00,111.59,-60999.00) N=(0.0015,1.0000,-0.0001) avgWheelH=111.592 refH=111.592 maxRes=0.0000 used=4 wheels=4 | режим=по колёсам | измеренный уклон=0 мм
2026-09-17 18:52:57.455 [DATA] [AR] pose 'ws': truck=146540,15,111,60,-60998,69 camera=146539,56,114,11,-60996,78 fwd=-0,610,-0,205,0,765 up=-0,127,0,979,0,160 ground=111,59.
2026-09-17 18:52:57.477 [DATA] Command 'ar_telemetry' sent to map.
2026-09-17 18:52:57.518 [DATA] [AR] tick alive: known=True changed=True forced=False head=True pts=5748 x=146540,1 z=-60998,7
2026-09-17 18:52:57.518 [DATA] Command 'ar_telemetry' sent to map.
2026-09-17 18:52:57.553 [DATA] Command 'ar_telemetry' sent to map.
2026-09-17 18:52:57.590 [DATA] Command 'ar_telemetry' sent to map.
2026-09-17 18:52:57.625 [DATA] Command 'ar_telemetry' sent to map.
2026-09-17 18:52:57.664 [DATA] Command 'ar_telemetry' sent to map.
2026-09-17 18:52:57.702 [DATA] Command 'ar_telemetry' sent to map.
2026-09-17 18:52:57.742 [DATA] Command 'ar_telemetry' sent to map.
2026-09-17 18:52:57.780 [DATA] Command 'ar_telemetry' sent to map.
2026-09-17 18:52:57.834 [DATA] Command 'ar_telemetry' sent to map.
2026-09-17 18:52:57.875 [DATA] Command 'ar_telemetry' sent to map.
2026-09-17 18:52:57.879 [DATA] [AR] tick: truck=(146539,8,111,6,-60998,5) h=0,379 known=True points=5748 near3km=63 hasTarget=True (радиус 50 м: 9 точек, ближайшая 0x56f40cbb69800000 d=14м)
2026-09-17 18:52:57.916 [DATA] Command 'ar_telemetry' sent to map.
2026-09-17 18:52:57.955 [DATA] Command 'ar_telemetry' sent to map.
2026-09-17 18:52:57.994 [DATA] Command 'ar_telemetry' sent to map.
2026-09-17 18:52:58.032 [DATA] Command 'ar_telemetry' sent to map.
2026-09-17 18:52:58.078 [DATA] Command 'ar_telemetry' sent to map.
2026-09-17 18:52:58.137 [DATA] Command 'ar_telemetry' sent to map.
2026-09-17 18:52:58.187 [DATA] Command 'ar_telemetry' sent to map.
2026-09-17 18:52:58.233 [DATA] Command 'ar_telemetry' sent to map.
2026-09-17 18:52:58.290 [DATA] Command 'ar_telemetry' sent to map.
2026-09-17 18:52:58.336 [DATA] Command 'ar_telemetry' sent to map.
2026-09-17 18:52:58.403 [DATA] Command 'ar_telemetry' sent to map.
2026-09-17 18:52:58.448 [DATA] Command 'ar_telemetry' sent to map.
2026-09-17 18:52:58.492 [DATA] Command 'ar_telemetry' sent to map.
2026-09-17 18:52:58.529 [DATA] Command 'ar_telemetry' sent to map.
2026-09-17 18:52:58.565 [DATA] Command 'ar_telemetry' sent to map.
2026-09-17 18:52:58.598 [DATA] Command 'ar_telemetry' sent to map.
2026-09-17 18:52:58.633 [DATA] Command 'ar_telemetry' sent to map.
2026-09-17 18:52:58.668 [DATA] Command 'ar_telemetry' sent to map.
2026-09-17 18:52:58.707 [DATA] Command 'ar_telemetry' sent to map.
2026-09-17 18:52:58.753 [DATA] Command 'ar_telemetry' sent to map.
2026-09-17 18:52:58.788 [DATA] Command 'ar_telemetry' sent to map.
2026-09-17 18:52:58.789 [DATA] Command 'ar_telemetry' sent to map.
2026-09-17 18:52:58.829 [DATA] Command 'ar_telemetry' sent to map.
2026-09-17 18:52:58.867 [DATA] Command 'ar_telemetry' sent to map.
2026-09-17 18:52:58.903 [DATA] Command 'ar_telemetry' sent to map.
2026-09-17 18:52:58.940 [DATA] Command 'ar_telemetry' sent to map.
2026-09-17 18:52:58.982 [DATA] Command 'ar_telemetry' sent to map.
2026-09-17 18:52:59.020 [DATA] Command 'ar_telemetry' sent to map.
2026-09-17 18:52:59.055 [DATA] Command 'ar_telemetry' sent to map.
2026-09-17 18:52:59.092 [DATA] Command 'ar_telemetry' sent to map.
2026-09-17 18:52:59.128 [DATA] Command 'ar_telemetry' sent to map.
2026-09-17 18:52:59.164 [DATA] Command 'ar_telemetry' sent to map.
2026-09-17 18:52:59.204 [DATA] Command 'ar_telemetry' sent to map.
2026-09-17 18:52:59.250 [DATA] Command 'ar_telemetry' sent to map.
2026-09-17 18:52:59.306 [DATA] Command 'ar_telemetry' sent to map.
2026-09-17 18:52:59.344 [DATA] Command 'ar_telemetry' sent to map.
2026-09-17 18:52:59.395 [DATA] Command 'ar_telemetry' sent to map.
2026-09-17 18:52:59.435 [DATA] Command 'ar_telemetry' sent to map.
2026-09-17 18:52:59.436 [DATA] Command 'ar_telemetry' sent to map.
2026-09-17 18:52:59.476 [DATA] Command 'ar_telemetry' sent to map.
2026-09-17 18:52:59.512 [DATA] Command 'ar_telemetry' sent to map.
2026-09-17 18:52:59.548 [DATA] Command 'ar_telemetry' sent to map.
2026-09-17 18:52:59.582 [DATA] Command 'ar_telemetry' sent to map.
2026-09-17 18:52:59.617 [DATA] Command 'ar_telemetry' sent to map.
2026-09-17 18:52:59.654 [DATA] Command 'ar_telemetry' sent to map.
2026-09-17 18:52:59.691 [DATA] Command 'ar_telemetry' sent to map.
2026-09-17 18:52:59.729 [DATA] Command 'ar_telemetry' sent to map.
2026-09-17 18:52:59.767 [DATA] Command 'ar_telemetry' sent to map.
2026-09-17 18:52:59.802 [DATA] Command 'ar_telemetry' sent to map.
2026-09-17 18:52:59.855 [DATA] Command 'ar_telemetry' sent to map.
2026-09-17 18:52:59.892 [DATA] Command 'ar_telemetry' sent to map.
2026-09-17 18:52:59.931 [DATA] Command 'ar_telemetry' sent to map.
2026-09-17 18:52:59.967 [DATA] Command 'ar_telemetry' sent to map.
2026-09-17 18:53:00.003 [DATA] Command 'ar_telemetry' sent to map.
2026-09-17 18:53:00.040 [DATA] Command 'ar_telemetry' sent to map.
2026-09-17 18:53:00.074 [DATA] Command 'ar_telemetry' sent to map.
2026-09-17 18:53:00.111 [DATA] Command 'ar_telemetry' sent to map.
2026-09-17 18:53:00.154 [DATA] Command 'ar_telemetry' sent to map.
2026-09-17 18:53:00.190 [DATA] Command 'ar_telemetry' sent to map.
2026-09-17 18:53:00.229 [DATA] Command 'ar_telemetry' sent to map.
2026-09-17 18:53:00.269 [DATA] Command 'ar_telemetry' sent to map.
2026-09-17 18:53:00.305 [DATA] Command 'ar_telemetry' sent to map.
2026-09-17 18:53:00.346 [DATA] Command 'ar_telemetry' sent to map.
2026-09-17 18:53:00.384 [DATA] Command 'ar_telemetry' sent to map.
2026-09-17 18:53:00.423 [DATA] Command 'ar_telemetry' sent to map.
2026-09-17 18:53:00.465 [DATA] Command 'ar_telemetry' sent to map.
2026-09-17 18:53:00.504 [DATA] Command 'ar_telemetry' sent to map.
2026-09-17 18:53:00.545 [DATA] Command 'ar_telemetry' sent to map.
2026-09-17 18:53:00.581 [DATA] Command 'ar_telemetry' sent to map.
2026-09-17 18:53:00.618 [DATA] Command 'ar_telemetry' sent to map.
2026-09-17 18:53:00.655 [DATA] Command 'ar_telemetry' sent to map.
2026-09-17 18:53:00.693 [DATA] Command 'ar_telemetry' sent to map.
2026-09-17 18:53:00.731 [DATA] Command 'ar_telemetry' sent to map.
2026-09-17 18:53:00.773 [DATA] Command 'ar_telemetry' sent to map.
2026-09-17 18:53:00.814 [DATA] Command 'ar_telemetry' sent to map.
2026-09-17 18:53:00.867 [DATA] Command 'ar_telemetry' sent to map.
2026-09-17 18:53:00.909 [DATA] Command 'ar_telemetry' sent to map.
2026-09-17 18:53:00.948 [DATA] Command 'ar_telemetry' sent to map.
2026-09-17 18:53:00.985 [DATA] Command 'ar_telemetry' sent to map.
2026-09-17 18:53:01.022 [DATA] Command 'ar_telemetry' sent to map.
2026-09-17 18:53:01.058 [DATA] Command 'ar_telemetry' sent to map.
2026-09-17 18:53:01.103 [DATA] Command 'ar_telemetry' sent to map.
2026-09-17 18:53:01.140 [DATA] Command 'ar_telemetry' sent to map.
2026-09-17 18:53:01.180 [DATA] Command 'ar_telemetry' sent to map.
2026-09-17 18:53:01.217 [DATA] Command 'ar_telemetry' sent to map.
2026-09-17 18:53:01.257 [DATA] Command 'ar_telemetry' sent to map.
2026-09-17 18:53:01.299 [DATA] Command 'ar_telemetry' sent to map.
2026-09-17 18:53:01.351 [DATA] Command 'ar_telemetry' sent to map.
2026-09-17 18:53:01.408 [DATA] Command 'ar_telemetry' sent to map.
2026-09-17 18:53:01.450 [DATA] Command 'ar_telemetry' sent to map.
2026-09-17 18:53:01.493 [DATA] Command 'ar_telemetry' sent to map.
2026-09-17 18:53:01.546 [DATA] Command 'ar_telemetry' sent to map.
2026-09-17 18:53:01.547 [DATA] Command 'ar_telemetry' sent to map.
2026-09-17 18:53:01.588 [DATA] Command 'ar_telemetry' sent to map.
2026-09-17 18:53:01.643 [DATA] Command 'ar_telemetry' sent to map.
2026-09-17 18:53:01.705 [DATA] Command 'ar_telemetry' sent to map.
2026-09-17 18:53:01.749 [DATA] Command 'ar_telemetry' sent to map.
2026-09-17 18:53:01.751 [DATA] Command 'ar_telemetry' sent to map.
2026-09-17 18:53:01.792 [DATA] Command 'ar_telemetry' sent to map.
2026-09-17 18:53:01.830 [DATA] Command 'ar_telemetry' sent to map.
2026-09-17 18:53:01.866 [DATA] Command 'ar_telemetry' sent to map.
2026-09-17 18:53:01.909 [DATA] Command 'ar_telemetry' sent to map.
2026-09-17 18:53:01.957 [DATA] Command 'ar_telemetry' sent to map.
2026-09-17 18:53:01.995 [DATA] Command 'ar_telemetry' sent to map.
2026-09-17 18:53:02.033 [DATA] Command 'ar_telemetry' sent to map.
2026-09-17 18:53:02.069 [DATA] Command 'ar_telemetry' sent to map.
2026-09-17 18:53:02.105 [DATA] Command 'ar_telemetry' sent to map.
2026-09-17 18:53:02.141 [DATA] Command 'ar_telemetry' sent to map.
2026-09-17 18:53:02.190 [DATA] Command 'ar_telemetry' sent to map.
2026-09-17 18:53:02.229 [DATA] Command 'ar_telemetry' sent to map.
2026-09-17 18:53:02.266 [DATA] Command 'ar_telemetry' sent to map.
2026-09-17 18:53:02.306 [DATA] Command 'ar_telemetry' sent to map.
2026-09-17 18:53:02.342 [DATA] Command 'ar_telemetry' sent to map.
2026-09-17 18:53:02.378 [DATA] Command 'ar_telemetry' sent to map.
2026-09-17 18:53:02.419 [DATA] Command 'ar_telemetry' sent to map.
2026-09-17 18:53:02.465 [DATA] Command 'ar_telemetry' sent to map.
2026-09-17 18:53:02.465 [DATA] [AR] ground plane: plane origin=(146528.00,111.59,-61000.00) N=(0.0022,1.0000,0.0008) avgWheelH=111.590 refH=111.591 maxRes=0.0000 used=4 wheels=4 | режим=по колёсам | измеренный уклон=0 мм
2026-09-17 18:53:02.465 [DATA] [AR] pose 'ws': truck=146528,37,111,60,-61000,10 camera=146526,43,114,11,-60999,62 fwd=-0,964,-0,230,-0,131 up=-0,228,0,973,-0,030 ground=111,59.
2026-09-17 18:53:02.484 [DATA] Command 'ar_telemetry' sent to map.
2026-09-17 18:53:02.536 [DATA] [AR] tick alive: known=True changed=False forced=False head=True pts=5748 x=146528,1 z=-61000,1
2026-09-17 18:53:02.538 [DATA] Command 'ar_telemetry' sent to map.
2026-09-17 18:53:02.539 [DATA] Command 'ar_telemetry' sent to map.
2026-09-17 18:53:02.577 [DATA] Command 'ar_telemetry' sent to map.
2026-09-17 18:53:02.614 [DATA] Command 'ar_telemetry' sent to map.
2026-09-17 18:53:02.651 [DATA] Command 'ar_telemetry' sent to map.
2026-09-17 18:53:02.687 [DATA] Command 'ar_telemetry' sent to map.
2026-09-17 18:53:02.723 [DATA] Command 'ar_telemetry' sent to map.
2026-09-17 18:53:02.770 [DATA] Command 'ar_telemetry' sent to map.
2026-09-17 18:53:02.811 [DATA] Command 'ar_telemetry' sent to map.
2026-09-17 18:53:02.857 [DATA] Command 'ar_telemetry' sent to map.
2026-09-17 18:53:02.899 [DATA] Command 'ar_telemetry' sent to map.
2026-09-17 18:53:02.937 [DATA] Command 'ar_telemetry' sent to map.
2026-09-17 18:53:02.975 [DATA] Command 'ar_telemetry' sent to map.
2026-09-17 18:53:03.022 [DATA] Command 'ar_telemetry' sent to map.
2026-09-17 18:53:03.059 [DATA] Command 'ar_telemetry' sent to map.
2026-09-17 18:53:03.105 [DATA] Command 'ar_telemetry' sent to map.
2026-09-17 18:53:03.154 [DATA] Command 'ar_telemetry' sent to map.
2026-09-17 18:53:03.203 [DATA] Command 'ar_telemetry' sent to map.
2026-09-17 18:53:03.246 [DATA] Command 'ar_telemetry' sent to map.
2026-09-17 18:53:03.288 [DATA] Command 'ar_telemetry' sent to map.
2026-09-17 18:53:03.348 [DATA] Command 'ar_telemetry' sent to map.
2026-09-17 18:53:03.404 [DATA] Command 'ar_telemetry' sent to map.
2026-09-17 18:53:03.468 [DATA] Command 'ar_telemetry' sent to map.
2026-09-17 18:53:03.512 [DATA] Command 'ar_telemetry' sent to map.
2026-09-17 18:53:03.551 [DATA] Command 'ar_telemetry' sent to map.
2026-09-17 18:53:03.587 [DATA] Command 'ar_telemetry' sent to map.
2026-09-17 18:53:03.590 [DATA] [AR] tick: truck=(146522,8,111,6,-61000,6) h=0,240 known=True points=5748 near3km=64 hasTarget=True (радиус 50 м: 9 точек, ближайшая 0x4566ef703b400000 d=20м)
2026-09-17 18:53:03.627 [DATA] Command 'ar_telemetry' sent to map.
2026-09-17 18:53:03.666 [DATA] Command 'ar_telemetry' sent to map.
2026-09-17 18:53:03.703 [DATA] Command 'ar_telemetry' sent to map.
2026-09-17 18:53:03.741 [DATA] Command 'ar_telemetry' sent to map.
2026-09-17 18:53:03.778 [DATA] Command 'ar_telemetry' sent to map.
2026-09-17 18:53:03.816 [DATA] Command 'ar_telemetry' sent to map.
2026-09-17 18:53:03.864 [DATA] Command 'ar_telemetry' sent to map.
2026-09-17 18:53:03.908 [DATA] Command 'ar_telemetry' sent to map.
2026-09-17 18:53:03.946 [DATA] Command 'ar_telemetry' sent to map.
2026-09-17 18:53:03.986 [DATA] Command 'ar_telemetry' sent to map.
2026-09-17 18:53:04.026 [DATA] Command 'ar_telemetry' sent to map.
2026-09-17 18:53:04.063 [DATA] Command 'ar_telemetry' sent to map.
2026-09-17 18:53:04.098 [DATA] Command 'ar_telemetry' sent to map.
2026-09-17 18:53:04.100 [DATA] Command 'ar_telemetry' sent to map.
2026-09-17 18:53:04.136 [DATA] Command 'ar_telemetry' sent to map.
2026-09-17 18:53:04.175 [DATA] Command 'ar_telemetry' sent to map.
2026-09-17 18:53:04.223 [DATA] Command 'ar_telemetry' sent to map.
2026-09-17 18:53:04.266 [DATA] Command 'ar_telemetry' sent to map.
2026-09-17 18:53:04.304 [DATA] Command 'ar_telemetry' sent to map.
2026-09-17 18:53:04.341 [DATA] Command 'ar_telemetry' sent to map.
2026-09-17 18:53:04.380 [DATA] Command 'ar_telemetry' sent to map.
2026-09-17 18:53:04.425 [DATA] Command 'ar_telemetry' sent to map.
2026-09-17 18:53:04.463 [DATA] Command 'ar_telemetry' sent to map.
2026-09-17 18:53:04.516 [DATA] Command 'ar_telemetry' sent to map.
2026-09-17 18:53:04.558 [DATA] Command 'ar_telemetry' sent to map.
2026-09-17 18:53:04.596 [DATA] Command 'ar_telemetry' sent to map.
2026-09-17 18:53:04.654 [DATA] Command 'ar_telemetry' sent to map.
2026-09-17 18:53:04.668 [DATA] Command 'ar_telemetry' sent to map.
2026-09-17 18:53:04.683 [DATA] Command 'ar_telemetry' sent to map.
2026-09-17 18:53:04.721 [DATA] Command 'ar_telemetry' sent to map.
2026-09-17 18:53:04.760 [DATA] Command 'ar_telemetry' sent to map.
2026-09-17 18:53:04.795 [DATA] Command 'ar_telemetry' sent to map.
2026-09-17 18:53:04.839 [DATA] Command 'ar_telemetry' sent to map.
2026-09-17 18:53:04.877 [DATA] Command 'ar_telemetry' sent to map.
2026-09-17 18:53:04.927 [DATA] Command 'ar_telemetry' sent to map.
2026-09-17 18:53:04.978 [DATA] Command 'ar_telemetry' sent to map.
2026-09-17 18:53:05.030 [DATA] Command 'ar_telemetry' sent to map.
2026-09-17 18:53:05.066 [DATA] Command 'ar_telemetry' sent to map.
2026-09-17 18:53:05.102 [DATA] Command 'ar_telemetry' sent to map.
2026-09-17 18:53:05.139 [DATA] Command 'ar_telemetry' sent to map.
2026-09-17 18:53:05.174 [DATA] Command 'ar_telemetry' sent to map.
2026-09-17 18:53:05.210 [DATA] Command 'ar_telemetry' sent to map.
2026-09-17 18:53:05.252 [DATA] Command 'ar_telemetry' sent to map.
2026-09-17 18:53:05.288 [DATA] Command 'ar_telemetry' sent to map.
2026-09-17 18:53:05.325 [DATA] Command 'ar_telemetry' sent to map.
2026-09-17 18:53:05.363 [DATA] Command 'ar_telemetry' sent to map.
2026-09-17 18:53:05.405 [DATA] Command 'ar_telemetry' sent to map.
2026-09-17 18:53:05.447 [DATA] Command 'ar_telemetry' sent to map.
2026-09-17 18:53:05.486 [DATA] Command 'ar_telemetry' sent to map.
2026-09-17 18:53:05.527 [DATA] Command 'ar_telemetry' sent to map.
2026-09-17 18:53:05.563 [DATA] Command 'ar_telemetry' sent to map.
2026-09-17 18:53:05.600 [DATA] Command 'ar_telemetry' sent to map.
2026-09-17 18:53:05.636 [DATA] Command 'ar_telemetry' sent to map.
2026-09-17 18:53:05.676 [DATA] Command 'ar_telemetry' sent to map.
2026-09-17 18:53:05.715 [DATA] Command 'ar_telemetry' sent to map.
2026-09-17 18:53:05.717 [DATA] Command 'ar_telemetry' sent to map.
2026-09-17 18:53:05.765 [DATA] Command 'ar_telemetry' sent to map.
2026-09-17 18:53:05.816 [DATA] Command 'ar_telemetry' sent to map.
2026-09-17 18:53:05.854 [DATA] Command 'ar_telemetry' sent to map.
2026-09-17 18:53:05.890 [DATA] Command 'ar_telemetry' sent to map.
2026-09-17 18:53:05.930 [DATA] Command 'ar_telemetry' sent to map.
2026-09-17 18:53:05.975 [DATA] Command 'ar_telemetry' sent to map.
2026-09-17 18:53:06.011 [DATA] Command 'ar_telemetry' sent to map.
2026-09-17 18:53:06.062 [DATA] Command 'ar_telemetry' sent to map.
2026-09-17 18:53:06.099 [DATA] Command 'ar_telemetry' sent to map.
2026-09-17 18:53:06.149 [DATA] Command 'ar_telemetry' sent to map.
2026-09-17 18:53:06.184 [DATA] Command 'ar_telemetry' sent to map.
2026-09-17 18:53:06.220 [DATA] Command 'ar_telemetry' sent to map.
2026-09-17 18:53:06.262 [DATA] Command 'ar_telemetry' sent to map.
2026-09-17 18:53:06.300 [DATA] Command 'ar_telemetry' sent to map.
2026-09-17 18:53:06.336 [DATA] Command 'ar_telemetry' sent to map.
2026-09-17 18:53:06.396 [DATA] Command 'ar_telemetry' sent to map.
2026-09-17 18:53:06.454 [DATA] Command 'ar_telemetry' sent to map.
2026-09-17 18:53:06.496 [DATA] Command 'ar_telemetry' sent to map.
2026-09-17 18:53:06.547 [DATA] Command 'ar_telemetry' sent to map.
2026-09-17 18:53:06.605 [DATA] Command 'ar_telemetry' sent to map.
2026-09-17 18:53:06.651 [DATA] Command 'ar_telemetry' sent to map.
2026-09-17 18:53:06.725 [DATA] Command 'ar_telemetry' sent to map.
2026-09-17 18:53:06.780 [DATA] Command 'ar_telemetry' sent to map.
2026-09-17 18:53:06.825 [DATA] Command 'ar_telemetry' sent to map.
2026-09-17 18:53:06.860 [DATA] Command 'ar_telemetry' sent to map.
2026-09-17 18:53:06.897 [DATA] Command 'ar_telemetry' sent to map.
2026-09-17 18:53:06.936 [DATA] Command 'ar_telemetry' sent to map.
2026-09-17 18:53:06.976 [DATA] Command 'ar_telemetry' sent to map.
2026-09-17 18:53:07.011 [DATA] Command 'ar_telemetry' sent to map.
2026-09-17 18:53:07.048 [DATA] Command 'ar_telemetry' sent to map.
2026-09-17 18:53:07.083 [DATA] Command 'ar_telemetry' sent to map.
2026-09-17 18:53:07.123 [DATA] Command 'ar_telemetry' sent to map.
2026-09-17 18:53:07.159 [DATA] Command 'ar_telemetry' sent to map.
2026-09-17 18:53:07.204 [DATA] Command 'ar_telemetry' sent to map.
2026-09-17 18:53:07.240 [DATA] Command 'ar_telemetry' sent to map.
2026-09-17 18:53:07.279 [DATA] Command 'ar_telemetry' sent to map.
2026-09-17 18:53:07.315 [DATA] Command 'ar_telemetry' sent to map.
2026-09-17 18:53:07.362 [DATA] Command 'ar_telemetry' sent to map.
2026-09-17 18:53:07.403 [DATA] Command 'ar_telemetry' sent to map.
2026-09-17 18:53:07.443 [DATA] Command 'ar_telemetry' sent to map.
2026-09-17 18:53:07.479 [DATA] Command 'ar_telemetry' sent to map.
2026-09-17 18:53:07.492 [DATA] [AR] ground plane: plane origin=(146488.00,111.59,-60992.00) N=(0.0013,1.0000,-0.0059) avgWheelH=111.590 refH=111.591 maxRes=0.0000 used=4 wheels=4 | режим=по колёсам | измеренный уклон=0 мм
2026-09-17 18:53:07.492 [DATA] [AR] pose 'ws': truck=146487,91,111,60,-60991,71 camera=146486,48,114,12,-60990,32 fwd=-0,895,-0,237,0,379 up=-0,221,0,971,0,086 ground=111,59.
2026-09-17 18:53:07.509 [DATA] Command 'ar_telemetry' sent to map.
2026-09-17 18:53:07.561 [DATA] [AR] tick alive: known=True changed=True forced=False head=True pts=5748 x=146487,2 z=-60991,4
2026-09-17 18:53:07.562 [DATA] Command 'ar_telemetry' sent to map.
2026-09-17 18:53:07.624 [DATA] Command 'ar_telemetry' sent to map.
2026-09-17 18:53:07.673 [DATA] Command 'ar_telemetry' sent to map.
2026-09-17 18:53:07.708 [DATA] Command 'ar_telemetry' sent to map.
2026-09-17 18:53:07.749 [DATA] Command 'ar_telemetry' sent to map.
2026-09-17 18:53:07.794 [DATA] Command 'ar_telemetry' sent to map.
2026-09-17 18:53:07.842 [DATA] Command 'ar_telemetry' sent to map.
2026-09-17 18:53:07.890 [DATA] Command 'ar_telemetry' sent to map.
2026-09-17 18:53:07.949 [DATA] Command 'ar_telemetry' sent to map.
2026-09-17 18:53:08.014 [DATA] Command 'ar_telemetry' sent to map.
2026-09-17 18:53:08.083 [DATA] Command 'ar_telemetry' sent to map.
2026-09-17 18:53:08.139 [DATA] Command 'ar_telemetry' sent to map.
2026-09-17 18:53:08.191 [DATA] Command 'ar_telemetry' sent to map.
2026-09-17 18:53:08.243 [DATA] Command 'ar_telemetry' sent to map.
2026-09-17 18:53:08.313 [DATA] Command 'ar_telemetry' sent to map.
2026-09-17 18:53:08.370 [DATA] Command 'ar_telemetry' sent to map.
2026-09-17 18:53:08.422 [DATA] Command 'ar_telemetry' sent to map.
2026-09-17 18:53:08.463 [DATA] Command 'ar_telemetry' sent to map.
2026-09-17 18:53:08.501 [DATA] Command 'ar_telemetry' sent to map.
2026-09-17 18:53:08.542 [DATA] Command 'ar_telemetry' sent to map.
2026-09-17 18:53:08.543 [DATA] Command 'ar_telemetry' sent to map.
2026-09-17 18:53:08.582 [DATA] Command 'ar_telemetry' sent to map.
2026-09-17 18:53:08.619 [DATA] Command 'ar_telemetry' sent to map.
2026-09-17 18:53:08.657 [DATA] Command 'ar_telemetry' sent to map.
2026-09-17 18:53:08.664 [DATA] [AR] tick: truck=(146473,7,111,6,-60985,0) h=0,322 known=True points=5748 near3km=63 hasTarget=True (радиус 50 м: 6 точек, ближайшая 0x456768b064000000 d=40м)
2026-09-17 18:53:08.702 [DATA] Command 'ar_telemetry' sent to map.
2026-09-17 18:53:08.740 [DATA] Command 'ar_telemetry' sent to map.
2026-09-17 18:53:08.777 [DATA] Command 'ar_telemetry' sent to map.
2026-09-17 18:53:08.815 [DATA] Command 'ar_telemetry' sent to map.
2026-09-17 18:53:08.857 [DATA] Command 'ar_telemetry' sent to map.
2026-09-17 18:53:08.899 [DATA] Command 'ar_telemetry' sent to map.
2026-09-17 18:53:08.959 [DATA] Command 'ar_telemetry' sent to map.
2026-09-17 18:53:08.995 [DATA] Command 'ar_telemetry' sent to map.
2026-09-17 18:53:09.060 [DATA] Command 'ar_telemetry' sent to map.
2026-09-17 18:53:09.113 [DATA] Command 'ar_telemetry' sent to map.
2026-09-17 18:53:09.169 [DATA] Command 'ar_telemetry' sent to map.
2026-09-17 18:53:09.216 [DATA] Command 'ar_telemetry' sent to map.
2026-09-17 18:53:09.267 [DATA] Command 'ar_telemetry' sent to map.
2026-09-17 18:53:09.270 [DATA] Command 'ar_telemetry' sent to map.
2026-09-17 18:53:09.307 [DATA] Command 'ar_telemetry' sent to map.
2026-09-17 18:53:09.354 [DATA] Command 'ar_telemetry' sent to map.
2026-09-17 18:53:09.410 [DATA] Command 'ar_telemetry' sent to map.
2026-09-17 18:53:09.465 [DATA] Command 'ar_telemetry' sent to map.
2026-09-17 18:53:09.514 [DATA] Command 'ar_telemetry' sent to map.
2026-09-17 18:53:09.518 [DATA] Command 'ar_telemetry' sent to map.
2026-09-17 18:53:09.556 [DATA] Command 'ar_telemetry' sent to map.
2026-09-17 18:53:09.596 [DATA] Command 'ar_telemetry' sent to map.
2026-09-17 18:53:09.631 [DATA] Command 'ar_telemetry' sent to map.
2026-09-17 18:53:09.677 [DATA] Command 'ar_telemetry' sent to map.
2026-09-17 18:53:09.730 [DATA] Command 'ar_telemetry' sent to map.
2026-09-17 18:53:09.770 [DATA] Command 'ar_telemetry' sent to map.
2026-09-17 18:53:09.822 [DATA] Command 'ar_telemetry' sent to map.
2026-09-17 18:53:09.871 [DATA] Command 'ar_telemetry' sent to map.
2026-09-17 18:53:09.910 [DATA] Command 'ar_telemetry' sent to map.
2026-09-17 18:53:09.963 [DATA] Command 'ar_telemetry' sent to map.
2026-09-17 18:53:10.013 [DATA] Command 'ar_telemetry' sent to map.
2026-09-17 18:53:10.067 [DATA] Command 'ar_telemetry' sent to map.
2026-09-17 18:53:10.109 [DATA] Command 'ar_telemetry' sent to map.
2026-09-17 18:53:10.158 [DATA] Command 'ar_telemetry' sent to map.
2026-09-17 18:53:10.194 [DATA] Command 'ar_telemetry' sent to map.
2026-09-17 18:53:10.236 [DATA] Command 'ar_telemetry' sent to map.
2026-09-17 18:53:10.281 [DATA] Command 'ar_telemetry' sent to map.
2026-09-17 18:53:10.328 [DATA] Command 'ar_telemetry' sent to map.
2026-09-17 18:53:10.362 [DATA] Command 'ar_telemetry' sent to map.
2026-09-17 18:53:10.403 [DATA] Command 'ar_telemetry' sent to map.
2026-09-17 18:53:10.460 [DATA] Command 'ar_telemetry' sent to map.
2026-09-17 18:53:10.473 [DATA] [OVR] load_order.txt: [custom_map1.json, test_targets.json] (снизу=низший приоритет)
2026-09-17 18:53:10.477 [DATA] [OVR] файл из load_order не найден: custom_map1.json (пропущен)
2026-09-17 18:53:10.477 [DATA] [OVR] прочитан test_targets.json: записей=1
2026-09-17 18:53:10.477 [DATA] [OVR]   test_targets.json -> random: 119646.75, 0.00, -53344.43
2026-09-17 18:53:10.483 [DATA] [AR] Модель точек без изменений: 5748.
2026-09-17 18:53:10.513 [DATA] Command 'ar_telemetry' sent to map.
2026-09-17 18:53:10.553 [DATA] Command 'ar_telemetry' sent to map.
2026-09-17 18:53:10.608 [DATA] Command 'ar_telemetry' sent to map.
2026-09-17 18:53:10.647 [DATA] Command 'ar_telemetry' sent to map.
2026-09-17 18:53:10.697 [DATA] Command 'ar_telemetry' sent to map.
2026-09-17 18:53:10.748 [DATA] Command 'ar_telemetry' sent to map.
2026-09-17 18:53:10.784 [DATA] Command 'ar_telemetry' sent to map.
2026-09-17 18:53:10.838 [DATA] Command 'ar_telemetry' sent to map.
2026-09-17 18:53:10.873 [DATA] Command 'ar_telemetry' sent to map.
2026-09-17 18:53:10.911 [DATA] Command 'ar_telemetry' sent to map.
2026-09-17 18:53:10.929 [DATA] Command 'ar_telemetry' sent to map.
2026-09-17 18:53:10.971 [DATA] Command 'ar_telemetry' sent to map.
2026-09-17 18:53:11.007 [DATA] Command 'ar_telemetry' sent to map.
2026-09-17 18:53:11.044 [DATA] Command 'ar_telemetry' sent to map.
2026-09-17 18:53:11.094 [DATA] Command 'ar_telemetry' sent to map.
2026-09-17 18:53:11.095 [DATA] Command 'ar_telemetry' sent to map.
2026-09-17 18:53:11.137 [DATA] Command 'ar_telemetry' sent to map.
2026-09-17 18:53:11.186 [DATA] Command 'ar_telemetry' sent to map.
2026-09-17 18:53:11.232 [DATA] Command 'ar_telemetry' sent to map.
2026-09-17 18:53:11.278 [DATA] Command 'ar_telemetry' sent to map.
2026-09-17 18:53:11.334 [DATA] Command 'ar_telemetry' sent to map.
2026-09-17 18:53:11.385 [DATA] Command 'ar_telemetry' sent to map.
2026-09-17 18:53:11.439 [DATA] Command 'ar_telemetry' sent to map.
2026-09-17 18:53:11.509 [DATA] Command 'ar_telemetry' sent to map.
2026-09-17 18:53:11.556 [DATA] Command 'ar_telemetry' sent to map.
2026-09-17 18:53:11.598 [DATA] Command 'ar_telemetry' sent to map.
2026-09-17 18:53:11.673 [DATA] Command 'ar_telemetry' sent to map.
2026-09-17 18:53:11.730 [DATA] Command 'ar_telemetry' sent to map.
2026-09-17 18:53:11.787 [DATA] Command 'ar_telemetry' sent to map.
2026-09-17 18:53:11.840 [DATA] Command 'ar_telemetry' sent to map.
2026-09-17 18:53:11.890 [DATA] Command 'ar_telemetry' sent to map.
2026-09-17 18:53:11.942 [DATA] Command 'ar_telemetry' sent to map.
2026-09-17 18:53:11.984 [DATA] Command 'ar_telemetry' sent to map.
2026-09-17 18:53:12.032 [DATA] Command 'ar_telemetry' sent to map.
2026-09-17 18:53:12.045 [DATA] Command 'ar_telemetry' sent to map.
2026-09-17 18:53:12.099 [DATA] Command 'ar_telemetry' sent to map.
2026-09-17 18:53:12.149 [DATA] Command 'ar_telemetry' sent to map.
2026-09-17 18:53:12.198 [DATA] Command 'ar_telemetry' sent to map.
2026-09-17 18:53:12.234 [DATA] Command 'ar_telemetry' sent to map.
2026-09-17 18:53:12.286 [DATA] Command 'ar_telemetry' sent to map.
2026-09-17 18:53:12.287 [DATA] Command 'ar_telemetry' sent to map.
2026-09-17 18:53:12.331 [DATA] [TRUCK] приём: WS=2777 REST=168 без-placement=0 битых=0 применено=2945 live=True возраст_данных=0,0с
2026-09-17 18:53:12.338 [DATA] Command 'ar_telemetry' sent to map.
2026-09-17 18:53:12.384 [DATA] Command 'ar_telemetry' sent to map.
2026-09-17 18:53:12.438 [DATA] Command 'ar_telemetry' sent to map.
2026-09-17 18:53:12.501 [DATA] Command 'ar_telemetry' sent to map.
2026-09-17 18:53:12.528 [DATA] [AR] ground plane: plane origin=(146423.00,111.60,-60966.00) N=(-0.0142,0.9998,-0.0102) avgWheelH=111.596 refH=111.594 maxRes=0.0001 used=4 wheels=4 | режим=по колёсам | измеренный уклон=0 мм
2026-09-17 18:53:12.528 [DATA] [AR] pose 'ws': truck=146422,56,111,61,-60965,59 camera=146421,21,114,11,-60964,04 fwd=-0,832,-0,285,0,476 up=-0,262,0,958,0,116 ground=111,59.
2026-09-17 18:53:12.550 [DATA] Command 'ar_telemetry' sent to map.
2026-09-17 18:53:12.615 [DATA] [AR] tick alive: known=True changed=True forced=False head=True pts=5748 x=146421,3 z=-60964,8
2026-09-17 18:53:12.616 [DATA] Command 'ar_telemetry' sent to map.
2026-09-17 18:53:12.657 [DATA] Command 'ar_telemetry' sent to map.
2026-09-17 18:53:12.700 [DATA] Command 'ar_telemetry' sent to map.
2026-09-17 18:53:12.739 [DATA] Command 'ar_telemetry' sent to map.
2026-09-17 18:53:12.782 [DATA] Command 'ar_telemetry' sent to map.
2026-09-17 18:53:12.822 [DATA] Command 'ar_telemetry' sent to map.
2026-09-17 18:53:12.859 [DATA] Command 'ar_telemetry' sent to map.
2026-09-17 18:53:12.897 [DATA] Command 'ar_telemetry' sent to map.
2026-09-17 18:53:12.935 [DATA] Command 'ar_telemetry' sent to map.
2026-09-17 18:53:12.973 [DATA] Command 'ar_telemetry' sent to map.
2026-09-17 18:53:13.013 [DATA] Command 'ar_telemetry' sent to map.
2026-09-17 18:53:13.051 [DATA] Command 'ar_telemetry' sent to map.
2026-09-17 18:53:13.088 [DATA] Command 'ar_telemetry' sent to map.
2026-09-17 18:53:13.134 [DATA] Command 'ar_telemetry' sent to map.
2026-09-17 18:53:13.172 [DATA] Command 'ar_telemetry' sent to map.
2026-09-17 18:53:13.216 [DATA] Command 'ar_telemetry' sent to map.
2026-09-17 18:53:13.269 [DATA] Command 'ar_telemetry' sent to map.
2026-09-17 18:53:13.279 [DATA] Command 'ar_telemetry' sent to map.
2026-09-17 18:53:13.323 [DATA] Command 'ar_telemetry' sent to map.
2026-09-17 18:53:13.377 [DATA] Command 'ar_telemetry' sent to map.
2026-09-17 18:53:13.429 [DATA] Command 'ar_telemetry' sent to map.
2026-09-17 18:53:13.482 [DATA] Command 'ar_telemetry' sent to map.
2026-09-17 18:53:13.563 [DATA] Command 'ar_telemetry' sent to map.
2026-09-17 18:53:13.627 [DATA] Command 'ar_telemetry' sent to map.
2026-09-17 18:53:13.665 [DATA] Command 'ar_telemetry' sent to map.
2026-09-17 18:53:13.701 [DATA] Command 'ar_telemetry' sent to map.
2026-09-17 18:53:13.741 [DATA] Command 'ar_telemetry' sent to map.
2026-09-17 18:53:13.776 [DATA] Command 'ar_telemetry' sent to map.
2026-09-17 18:53:13.812 [DATA] Command 'ar_telemetry' sent to map.
2026-09-17 18:53:13.853 [DATA] Command 'ar_telemetry' sent to map.
2026-09-17 18:53:13.856 [DATA] [AR] tick: truck=(146416,2,111,6,-60958,0) h=0,541 known=True points=5748 near3km=62 hasTarget=True (радиус 50 м: 13 точек, ближайшая 0x4567ce0007c00000 d=10м)
2026-09-17 18:53:13.893 [DATA] Command 'ar_telemetry' sent to map.
2026-09-17 18:53:13.930 [DATA] Command 'ar_telemetry' sent to map.
2026-09-17 18:53:13.965 [DATA] Command 'ar_telemetry' sent to map.
2026-09-17 18:53:14.003 [DATA] Command 'ar_telemetry' sent to map.
2026-09-17 18:53:14.043 [DATA] Command 'ar_telemetry' sent to map.
2026-09-17 18:53:14.081 [DATA] Command 'ar_telemetry' sent to map.
2026-09-17 18:53:14.127 [DATA] Command 'ar_telemetry' sent to map.
2026-09-17 18:53:14.166 [DATA] Command 'ar_telemetry' sent to map.
2026-09-17 18:53:14.202 [DATA] Command 'ar_telemetry' sent to map.
2026-09-17 18:53:14.243 [DATA] Command 'ar_telemetry' sent to map.
2026-09-17 18:53:14.279 [DATA] Command 'ar_telemetry' sent to map.
2026-09-17 18:53:14.317 [DATA] Command 'ar_telemetry' sent to map.
2026-09-17 18:53:14.363 [DATA] Command 'ar_telemetry' sent to map.
2026-09-17 18:53:14.409 [DATA] Command 'ar_telemetry' sent to map.
2026-09-17 18:53:14.452 [DATA] Command 'ar_telemetry' sent to map.
2026-09-17 18:53:14.488 [DATA] Command 'ar_telemetry' sent to map.
2026-09-17 18:53:14.532 [DATA] Command 'ar_telemetry' sent to map.
2026-09-17 18:53:14.576 [DATA] Command 'ar_telemetry' sent to map.
2026-09-17 18:53:14.615 [DATA] Command 'ar_telemetry' sent to map.
2026-09-17 18:53:14.672 [DATA] Command 'ar_telemetry' sent to map.
2026-09-17 18:53:14.709 [DATA] Command 'ar_telemetry' sent to map.
2026-09-17 18:53:14.748 [DATA] Command 'ar_telemetry' sent to map.
2026-09-17 18:53:14.788 [DATA] Command 'ar_telemetry' sent to map.
2026-09-17 18:53:14.826 [DATA] Command 'ar_telemetry' sent to map.
2026-09-17 18:53:14.866 [DATA] Command 'ar_telemetry' sent to map.
2026-09-17 18:53:14.903 [DATA] Command 'ar_telemetry' sent to map.
2026-09-17 18:53:14.939 [DATA] Command 'ar_telemetry' sent to map.
2026-09-17 18:53:14.976 [DATA] Command 'ar_telemetry' sent to map.
2026-09-17 18:53:15.016 [DATA] Command 'ar_telemetry' sent to map.
2026-09-17 18:53:15.054 [DATA] Command 'ar_telemetry' sent to map.
2026-09-17 18:53:15.055 [DATA] Command 'ar_telemetry' sent to map.
2026-09-17 18:53:15.090 [DATA] Command 'ar_telemetry' sent to map.
2026-09-17 18:53:15.126 [DATA] Command 'ar_telemetry' sent to map.
2026-09-17 18:53:15.160 [DATA] Command 'ar_telemetry' sent to map.
2026-09-17 18:53:15.201 [DATA] Command 'ar_telemetry' sent to map.
2026-09-17 18:53:15.236 [DATA] Command 'ar_telemetry' sent to map.
2026-09-17 18:53:15.273 [DATA] Command 'ar_telemetry' sent to map.
2026-09-17 18:53:15.321 [DATA] Command 'ar_telemetry' sent to map.
2026-09-17 18:53:15.366 [DATA] Command 'ar_telemetry' sent to map.
2026-09-17 18:53:15.403 [DATA] Command 'ar_telemetry' sent to map.
2026-09-17 18:53:15.440 [DATA] Command 'ar_telemetry' sent to map.
2026-09-17 18:53:15.477 [DATA] Command 'ar_telemetry' sent to map.
2026-09-17 18:53:15.513 [DATA] Command 'ar_telemetry' sent to map.
2026-09-17 18:53:15.552 [DATA] Command 'ar_telemetry' sent to map.
2026-09-17 18:53:15.590 [DATA] Command 'ar_telemetry' sent to map.
2026-09-17 18:53:15.626 [DATA] Command 'ar_telemetry' sent to map.
2026-09-17 18:53:15.662 [DATA] Command 'ar_telemetry' sent to map.
2026-09-17 18:53:15.664 [DATA] Command 'ar_telemetry' sent to map.
2026-09-17 18:53:15.699 [DATA] Command 'ar_telemetry' sent to map.
2026-09-17 18:53:15.736 [DATA] Command 'ar_telemetry' sent to map.
2026-09-17 18:53:15.775 [DATA] Command 'ar_telemetry' sent to map.
2026-09-17 18:53:15.776 [DATA] Command 'ar_telemetry' sent to map.
2026-09-17 18:53:15.813 [DATA] Command 'ar_telemetry' sent to map.
2026-09-17 18:53:15.849 [DATA] Command 'ar_telemetry' sent to map.
2026-09-17 18:53:15.885 [DATA] Command 'ar_telemetry' sent to map.
2026-09-17 18:53:15.924 [DATA] Command 'ar_telemetry' sent to map.
2026-09-17 18:53:15.961 [DATA] Command 'ar_telemetry' sent to map.
2026-09-17 18:53:15.997 [DATA] Command 'ar_telemetry' sent to map.
2026-09-17 18:53:16.034 [DATA] Command 'ar_telemetry' sent to map.
2026-09-17 18:53:16.075 [DATA] Command 'ar_telemetry' sent to map.
2026-09-17 18:53:16.111 [DATA] Command 'ar_telemetry' sent to map.
2026-09-17 18:53:16.112 [DATA] Command 'ar_telemetry' sent to map.
2026-09-17 18:53:16.149 [DATA] Command 'ar_telemetry' sent to map.
2026-09-17 18:53:16.150 [DATA] Command 'ar_telemetry' sent to map.
2026-09-17 18:53:16.185 [DATA] Command 'ar_telemetry' sent to map.
2026-09-17 18:53:16.221 [DATA] Command 'ar_telemetry' sent to map.
2026-09-17 18:53:16.255 [DATA] Command 'ar_telemetry' sent to map.
2026-09-17 18:53:16.292 [DATA] Command 'ar_telemetry' sent to map.
2026-09-17 18:53:16.330 [DATA] Command 'ar_telemetry' sent to map.
2026-09-17 18:53:16.373 [DATA] Command 'ar_telemetry' sent to map.
2026-09-17 18:53:16.440 [DATA] Command 'ar_telemetry' sent to map.
2026-09-17 18:53:16.443 [DATA] Command 'ar_telemetry' sent to map.
2026-09-17 18:53:16.519 [DATA] Command 'ar_telemetry' sent to map.
2026-09-17 18:53:16.566 [DATA] Command 'ar_telemetry' sent to map.
2026-09-17 18:53:16.613 [DATA] Command 'ar_telemetry' sent to map.
2026-09-17 18:53:16.659 [DATA] Command 'ar_telemetry' sent to map.
2026-09-17 18:53:16.700 [DATA] Command 'ar_telemetry' sent to map.
2026-09-17 18:53:16.755 [DATA] Command 'ar_telemetry' sent to map.
2026-09-17 18:53:16.801 [DATA] Command 'ar_telemetry' sent to map.
2026-09-17 18:53:16.851 [DATA] Command 'ar_telemetry' sent to map.
2026-09-17 18:53:16.886 [DATA] Command 'ar_telemetry' sent to map.
2026-09-17 18:53:16.921 [DATA] Command 'ar_telemetry' sent to map.
2026-09-17 18:53:16.958 [DATA] Command 'ar_telemetry' sent to map.
2026-09-17 18:53:16.993 [DATA] Command 'ar_telemetry' sent to map.
2026-09-17 18:53:17.029 [DATA] Command 'ar_telemetry' sent to map.
2026-09-17 18:53:17.066 [DATA] Command 'ar_telemetry' sent to map.
2026-09-17 18:53:17.100 [DATA] Command 'ar_telemetry' sent to map.
2026-09-17 18:53:17.136 [DATA] Command 'ar_telemetry' sent to map.
2026-09-17 18:53:17.171 [DATA] Command 'ar_telemetry' sent to map.
2026-09-17 18:53:17.207 [DATA] Command 'ar_telemetry' sent to map.
2026-09-17 18:53:17.254 [DATA] Command 'ar_telemetry' sent to map.
2026-09-17 18:53:17.259 [DATA] Command 'ar_telemetry' sent to map.
2026-09-17 18:53:17.300 [DATA] Command 'ar_telemetry' sent to map.
2026-09-17 18:53:17.350 [DATA] Command 'ar_telemetry' sent to map.
2026-09-17 18:53:17.389 [DATA] Command 'ar_telemetry' sent to map.
2026-09-17 18:53:17.423 [DATA] Command 'ar_telemetry' sent to map.
2026-09-17 18:53:17.464 [DATA] Command 'ar_telemetry' sent to map.
2026-09-17 18:53:17.503 [DATA] Command 'ar_telemetry' sent to map.
2026-09-17 18:53:17.540 [DATA] [AR] ground plane: plane origin=(146419.00,111.59,-60956.00) N=(0.0007,1.0000,-0.0004) avgWheelH=111.592 refH=111.592 maxRes=0.0000 used=4 wheels=4 | режим=по колёсам | измеренный уклон=0 мм
2026-09-17 18:53:17.541 [DATA] [AR] pose 'ws': truck=146419,10,111,60,-60956,50 camera=146421,10,114,11,-60956,24 fwd=0,844,-0,259,0,470 up=0,226,0,966,0,126 ground=111,59.
2026-09-17 18:53:17.549 [DATA] Command 'ar_telemetry' sent to map.
2026-09-17 18:53:17.591 [DATA] Command 'ar_telemetry' sent to map.
2026-09-17 18:53:17.639 [DATA] [AR] tick alive: known=True changed=True forced=False head=True pts=5748 x=146419,1 z=-60956,5
2026-09-17 18:53:17.640 [DATA] Command 'ar_telemetry' sent to map.
2026-09-17 18:53:17.644 [DATA] Command 'ar_telemetry' sent to map.
2026-09-17 18:53:17.678 [DATA] Command 'ar_telemetry' sent to map.
2026-09-17 18:53:17.716 [DATA] Command 'ar_telemetry' sent to map.
2026-09-17 18:53:17.756 [DATA] Command 'ar_telemetry' sent to map.
2026-09-17 18:53:17.797 [DATA] Command 'ar_telemetry' sent to map.
2026-09-17 18:53:17.833 [DATA] Command 'ar_telemetry' sent to map.
2026-09-17 18:53:17.871 [DATA] Command 'ar_telemetry' sent to map.
2026-09-17 18:53:17.906 [DATA] Command 'ar_telemetry' sent to map.
2026-09-17 18:53:17.941 [DATA] Command 'ar_telemetry' sent to map.
2026-09-17 18:53:17.976 [DATA] Command 'ar_telemetry' sent to map.
2026-09-17 18:53:18.016 [DATA] Command 'ar_telemetry' sent to map.
2026-09-17 18:53:18.053 [DATA] Command 'ar_telemetry' sent to map.
2026-09-17 18:53:18.056 [DATA] Command 'ar_telemetry' sent to map.
2026-09-17 18:53:18.111 [DATA] Command 'ar_telemetry' sent to map.
2026-09-17 18:53:18.157 [DATA] Command 'ar_telemetry' sent to map.
2026-09-17 18:53:18.158 [DATA] Command 'ar_telemetry' sent to map.
2026-09-17 18:53:18.196 [DATA] Command 'ar_telemetry' sent to map.
2026-09-17 18:53:18.241 [DATA] Command 'ar_telemetry' sent to map.
2026-09-17 18:53:18.290 [DATA] Command 'ar_telemetry' sent to map.
2026-09-17 18:53:18.331 [DATA] Command 'ar_telemetry' sent to map.
2026-09-17 18:53:18.392 [DATA] Command 'ar_telemetry' sent to map.
2026-09-17 18:53:18.394 [DATA] Command 'ar_telemetry' sent to map.
2026-09-17 18:53:18.433 [DATA] Command 'ar_telemetry' sent to map.
2026-09-17 18:53:18.478 [DATA] Command 'ar_telemetry' sent to map.
2026-09-17 18:53:18.518 [DATA] Command 'ar_telemetry' sent to map.
2026-09-17 18:53:18.556 [DATA] Command 'ar_telemetry' sent to map.
2026-09-17 18:53:18.593 [DATA] Command 'ar_telemetry' sent to map.
2026-09-17 18:53:18.629 [DATA] Command 'ar_telemetry' sent to map.
2026-09-17 18:53:18.644 [DATA] Command 'ar_telemetry' sent to map.
2026-09-17 18:53:18.683 [DATA] Command 'ar_telemetry' sent to map.
2026-09-17 18:53:18.718 [DATA] Command 'ar_telemetry' sent to map.
2026-09-17 18:53:18.756 [DATA] Command 'ar_telemetry' sent to map.
2026-09-17 18:53:18.791 [DATA] Command 'ar_telemetry' sent to map.
2026-09-17 18:53:18.827 [DATA] Command 'ar_telemetry' sent to map.
2026-09-17 18:53:18.860 [DATA] Command 'ar_telemetry' sent to map.
2026-09-17 18:53:18.894 [DATA] Command 'ar_telemetry' sent to map.
2026-09-17 18:53:18.932 [DATA] Command 'ar_telemetry' sent to map.
2026-09-17 18:53:18.974 [DATA] Command 'ar_telemetry' sent to map.
2026-09-17 18:53:19.011 [DATA] Command 'ar_telemetry' sent to map.
2026-09-17 18:53:19.047 [DATA] Command 'ar_telemetry' sent to map.
2026-09-17 18:53:19.083 [DATA] Command 'ar_telemetry' sent to map.
2026-09-17 18:53:19.119 [DATA] Command 'ar_telemetry' sent to map.
2026-09-17 18:53:19.153 [DATA] Command 'ar_telemetry' sent to map.
2026-09-17 18:53:19.187 [DATA] Command 'ar_telemetry' sent to map.
2026-09-17 18:53:19.188 [DATA] Command 'ar_telemetry' sent to map.
2026-09-17 18:53:19.224 [DATA] Command 'ar_telemetry' sent to map.
2026-09-17 18:53:19.259 [DATA] Command 'ar_telemetry' sent to map.
2026-09-17 18:53:19.295 [DATA] Command 'ar_telemetry' sent to map.
2026-09-17 18:53:19.335 [DATA] Command 'ar_telemetry' sent to map.
2026-09-17 18:53:19.370 [DATA] Command 'ar_telemetry' sent to map.
2026-09-17 18:53:19.405 [DATA] Command 'ar_telemetry' sent to map.
2026-09-17 18:53:19.443 [DATA] Command 'ar_telemetry' sent to map.
2026-09-17 18:53:19.478 [DATA] Command 'ar_telemetry' sent to map.
2026-09-17 18:53:19.512 [DATA] Command 'ar_telemetry' sent to map.
2026-09-17 18:53:19.556 [DATA] Command 'ar_telemetry' sent to map.
2026-09-17 18:53:19.596 [DATA] Command 'ar_telemetry' sent to map.
2026-09-17 18:53:19.632 [DATA] Command 'ar_telemetry' sent to map.
2026-09-17 18:53:19.667 [DATA] Command 'ar_telemetry' sent to map.
2026-09-17 18:53:19.732 [DATA] Command 'ar_telemetry' sent to map.
2026-09-17 18:53:19.775 [DATA] Command 'ar_telemetry' sent to map.
2026-09-17 18:53:19.813 [DATA] Command 'ar_telemetry' sent to map.
2026-09-17 18:53:19.848 [DATA] Command 'ar_telemetry' sent to map.
2026-09-17 18:53:19.882 [DATA] Command 'ar_telemetry' sent to map.
2026-09-17 18:53:19.916 [DATA] Command 'ar_telemetry' sent to map.
2026-09-17 18:53:19.951 [DATA] Command 'ar_telemetry' sent to map.
2026-09-17 18:53:19.987 [DATA] Command 'ar_telemetry' sent to map.
2026-09-17 18:53:20.020 [DATA] Command 'ar_telemetry' sent to map.
2026-09-17 18:53:20.021 [DATA] Command 'ar_telemetry' sent to map.
2026-09-17 18:53:20.056 [DATA] Command 'ar_telemetry' sent to map.
2026-09-17 18:53:20.095 [DATA] Command 'ar_telemetry' sent to map.
2026-09-17 18:53:20.129 [DATA] Command 'ar_telemetry' sent to map.
2026-09-17 18:53:20.162 [DATA] Command 'ar_telemetry' sent to map.
2026-09-17 18:53:20.197 [DATA] Command 'ar_telemetry' sent to map.
2026-09-17 18:53:20.232 [DATA] Command 'ar_telemetry' sent to map.
2026-09-17 18:53:20.250 [DATA] Command 'ar_telemetry' sent to map.
2026-09-17 18:53:20.287 [DATA] Command 'ar_telemetry' sent to map.
2026-09-17 18:53:20.322 [DATA] Command 'ar_telemetry' sent to map.
2026-09-17 18:53:20.356 [DATA] Command 'ar_telemetry' sent to map.
2026-09-17 18:53:20.390 [DATA] Command 'ar_telemetry' sent to map.
2026-09-17 18:53:20.433 [DATA] Command 'ar_telemetry' sent to map.
2026-09-17 18:53:20.467 [DATA] Command 'ar_telemetry' sent to map.
2026-09-17 18:53:20.505 [DATA] Command 'ar_telemetry' sent to map.
2026-09-17 18:53:20.540 [DATA] Command 'ar_telemetry' sent to map.
2026-09-17 18:53:20.579 [DATA] Command 'ar_telemetry' sent to map.
2026-09-17 18:53:20.615 [DATA] Command 'ar_telemetry' sent to map.
2026-09-17 18:53:20.650 [DATA] Command 'ar_telemetry' sent to map.
2026-09-17 18:53:20.685 [DATA] Command 'ar_telemetry' sent to map.
2026-09-17 18:53:20.719 [DATA] Command 'ar_telemetry' sent to map.
2026-09-17 18:53:20.721 [DATA] Command 'ar_telemetry' sent to map.
2026-09-17 18:53:20.758 [DATA] Command 'ar_telemetry' sent to map.
2026-09-17 18:53:20.793 [DATA] Command 'ar_telemetry' sent to map.
2026-09-17 18:53:20.829 [DATA] Command 'ar_telemetry' sent to map.
2026-09-17 18:53:20.864 [DATA] Command 'ar_telemetry' sent to map.
2026-09-17 18:53:20.899 [DATA] Command 'ar_telemetry' sent to map.
2026-09-17 18:53:20.934 [DATA] Command 'ar_telemetry' sent to map.
2026-09-17 18:53:20.937 [DATA] Command 'ar_telemetry' sent to map.
2026-09-17 18:53:20.976 [DATA] Command 'ar_telemetry' sent to map.
2026-09-17 18:53:21.014 [DATA] Command 'ar_telemetry' sent to map.
2026-09-17 18:53:21.015 [DATA] Command 'ar_telemetry' sent to map.
2026-09-17 18:53:21.051 [DATA] Command 'ar_telemetry' sent to map.
2026-09-17 18:53:21.087 [DATA] Command 'ar_telemetry' sent to map.
2026-09-17 18:53:21.092 [DATA] Command 'ar_telemetry' sent to map.
2026-09-17 18:53:21.128 [DATA] Command 'ar_telemetry' sent to map.
2026-09-17 18:53:21.166 [DATA] Command 'ar_telemetry' sent to map.
2026-09-17 18:53:21.172 [DATA] Command 'ar_telemetry' sent to map.
2026-09-17 18:53:21.209 [DATA] Command 'ar_telemetry' sent to map.
2026-09-17 18:53:21.248 [DATA] Command 'ar_telemetry' sent to map.
2026-09-17 18:53:21.284 [DATA] Command 'ar_telemetry' sent to map.
2026-09-17 18:53:21.319 [DATA] Command 'ar_telemetry' sent to map.
2026-09-17 18:53:21.352 [DATA] Command 'ar_telemetry' sent to map.
2026-09-17 18:53:21.353 [DATA] Command 'ar_telemetry' sent to map.
2026-09-17 18:53:21.396 [DATA] Command 'ar_telemetry' sent to map.
2026-09-17 18:53:21.445 [DATA] Command 'ar_telemetry' sent to map.
2026-09-17 18:53:21.490 [DATA] Command 'ar_telemetry' sent to map.
2026-09-17 18:53:21.536 [DATA] Command 'ar_telemetry' sent to map.
2026-09-17 18:53:21.578 [DATA] Command 'ar_telemetry' sent to map.
2026-09-17 18:53:21.624 [DATA] Command 'ar_telemetry' sent to map.
2026-09-17 18:53:21.670 [DATA] Command 'ar_telemetry' sent to map.
2026-09-17 18:53:21.722 [DATA] Command 'ar_telemetry' sent to map.
2026-09-17 18:53:21.765 [DATA] Command 'ar_telemetry' sent to map.
2026-09-17 18:53:21.841 [DATA] Command 'ar_telemetry' sent to map.
2026-09-17 18:53:21.850 [DATA] Command 'ar_telemetry' sent to map.
2026-09-17 18:53:21.889 [DATA] Command 'ar_telemetry' sent to map.
2026-09-17 18:53:21.924 [DATA] Command 'ar_telemetry' sent to map.
2026-09-17 18:53:21.958 [DATA] Command 'ar_telemetry' sent to map.
2026-09-17 18:53:21.992 [DATA] Command 'ar_telemetry' sent to map.
2026-09-17 18:53:22.025 [DATA] Command 'ar_telemetry' sent to map.
2026-09-17 18:53:22.064 [DATA] Command 'ar_telemetry' sent to map.
2026-09-17 18:53:22.101 [DATA] Command 'ar_telemetry' sent to map.
2026-09-17 18:53:22.135 [DATA] Command 'ar_telemetry' sent to map.
2026-09-17 18:53:22.172 [DATA] Command 'ar_telemetry' sent to map.
2026-09-17 18:53:22.206 [DATA] Command 'ar_telemetry' sent to map.
2026-09-17 18:53:22.241 [DATA] Command 'ar_telemetry' sent to map.
2026-09-17 18:53:22.275 [DATA] Command 'ar_telemetry' sent to map.
2026-09-17 18:53:22.277 [DATA] Command 'ar_telemetry' sent to map.
2026-09-17 18:53:22.318 [DATA] Command 'ar_telemetry' sent to map.
2026-09-17 18:53:22.352 [DATA] Command 'ar_telemetry' sent to map.
2026-09-17 18:53:22.387 [DATA] Command 'ar_telemetry' sent to map.
2026-09-17 18:53:22.389 [DATA] Command 'ar_telemetry' sent to map.
2026-09-17 18:53:22.424 [DATA] Command 'ar_telemetry' sent to map.
2026-09-17 18:53:22.468 [DATA] Command 'ar_telemetry' sent to map.
2026-09-17 18:53:22.502 [DATA] Command 'ar_telemetry' sent to map.
2026-09-17 18:53:22.538 [DATA] Command 'ar_telemetry' sent to map.
2026-09-17 18:53:22.586 [DATA] Command 'ar_telemetry' sent to map.
2026-09-17 18:53:22.588 [DATA] [AR] ground plane: plane origin=(146419.00,111.59,-60956.00) N=(0.0007,1.0000,-0.0004) avgWheelH=111.592 refH=111.592 maxRes=0.0000 used=4 wheels=4 | режим=по колёсам | измеренный уклон=0 мм
2026-09-17 18:53:22.588 [DATA] [AR] pose 'ws': truck=146419,10,111,60,-60956,50 camera=146421,10,114,11,-60956,24 fwd=0,844,-0,259,0,470 up=0,226,0,966,0,126 ground=111,59.
2026-09-17 18:53:22.594 [DATA] Command 'ar_telemetry' sent to map.
2026-09-17 18:53:22.633 [DATA] Command 'ar_telemetry' sent to map.
2026-09-17 18:53:22.674 [DATA] [AR] tick alive: known=True changed=True forced=False head=True pts=5748 x=146419,1 z=-60956,5
2026-09-17 18:53:22.675 [DATA] Command 'ar_telemetry' sent to map.
2026-09-17 18:53:22.713 [DATA] Command 'ar_telemetry' sent to map.
2026-09-17 18:53:22.758 [DATA] Command 'ar_telemetry' sent to map.
2026-09-17 18:53:22.798 [DATA] Command 'ar_telemetry' sent to map.
2026-09-17 18:53:22.839 [DATA] Command 'ar_telemetry' sent to map.
2026-09-17 18:53:22.875 [DATA] Command 'ar_telemetry' sent to map.
2026-09-17 18:53:22.912 [DATA] Command 'ar_telemetry' sent to map.
2026-09-17 18:53:22.950 [DATA] Command 'ar_telemetry' sent to map.
2026-09-17 18:53:22.988 [DATA] Command 'ar_telemetry' sent to map.
2026-09-17 18:53:23.036 [DATA] Command 'ar_telemetry' sent to map.
2026-09-17 18:53:23.092 [DATA] Command 'ar_telemetry' sent to map.
2026-09-17 18:53:23.093 [DATA] Command 'ar_telemetry' sent to map.
2026-09-17 18:53:23.135 [DATA] Command 'ar_telemetry' sent to map.
2026-09-17 18:53:23.178 [DATA] Command 'ar_telemetry' sent to map.
2026-09-17 18:53:23.231 [DATA] Command 'ar_telemetry' sent to map.
2026-09-17 18:53:23.276 [DATA] Command 'ar_telemetry' sent to map.
2026-09-17 18:53:23.327 [DATA] Command 'ar_telemetry' sent to map.
2026-09-17 18:53:23.330 [DATA] Command 'ar_telemetry' sent to map.
2026-09-17 18:53:23.376 [DATA] Command 'ar_telemetry' sent to map.
2026-09-17 18:53:23.423 [DATA] Command 'ar_telemetry' sent to map.
2026-09-17 18:53:23.460 [DATA] Command 'ar_telemetry' sent to map.
2026-09-17 18:53:23.497 [DATA] Command 'ar_telemetry' sent to map.
2026-09-17 18:53:23.533 [DATA] Command 'ar_telemetry' sent to map.
2026-09-17 18:53:23.571 [DATA] Command 'ar_telemetry' sent to map.
2026-09-17 18:53:23.609 [DATA] Command 'ar_telemetry' sent to map.
2026-09-17 18:53:23.648 [DATA] Command 'ar_telemetry' sent to map.
2026-09-17 18:53:23.685 [DATA] Command 'ar_telemetry' sent to map.
2026-09-17 18:53:23.724 [DATA] Command 'ar_telemetry' sent to map.
2026-09-17 18:53:23.762 [DATA] Command 'ar_telemetry' sent to map.
2026-09-17 18:53:23.798 [DATA] Command 'ar_telemetry' sent to map.
2026-09-17 18:53:23.835 [DATA] Command 'ar_telemetry' sent to map.
2026-09-17 18:53:23.871 [DATA] Command 'ar_telemetry' sent to map.
2026-09-17 18:53:23.908 [DATA] Command 'ar_telemetry' sent to map.
2026-09-17 18:53:23.912 [DATA] Command 'ar_telemetry' sent to map.
2026-09-17 18:53:23.939 [DATA] Command 'ar_telemetry' sent to map.
2026-09-17 18:53:23.977 [DATA] Command 'ar_telemetry' sent to map.
2026-09-17 18:53:24.016 [DATA] Command 'ar_telemetry' sent to map.
2026-09-17 18:53:24.017 [DATA] Command 'ar_telemetry' sent to map.
2026-09-17 18:53:24.055 [DATA] Command 'ar_telemetry' sent to map.
2026-09-17 18:53:24.091 [DATA] Command 'ar_telemetry' sent to map.
2026-09-17 18:53:24.132 [DATA] Command 'ar_telemetry' sent to map.
2026-09-17 18:53:24.180 [DATA] Command 'ar_telemetry' sent to map.
2026-09-17 18:53:24.219 [DATA] Command 'ar_telemetry' sent to map.
2026-09-17 18:53:24.260 [DATA] Command 'ar_telemetry' sent to map.
2026-09-17 18:53:24.303 [DATA] Command 'ar_telemetry' sent to map.
2026-09-17 18:53:24.348 [DATA] Command 'ar_telemetry' sent to map.
2026-09-17 18:53:24.386 [DATA] Command 'ar_telemetry' sent to map.
2026-09-17 18:53:24.424 [DATA] Command 'ar_telemetry' sent to map.
2026-09-17 18:53:24.463 [DATA] Command 'ar_telemetry' sent to map.
2026-09-17 18:53:24.511 [DATA] Command 'ar_telemetry' sent to map.
2026-09-17 18:53:24.550 [DATA] Command 'ar_telemetry' sent to map.
2026-09-17 18:53:24.587 [DATA] Command 'ar_telemetry' sent to map.
2026-09-17 18:53:24.626 [DATA] Command 'ar_telemetry' sent to map.
2026-09-17 18:53:24.665 [DATA] Command 'ar_telemetry' sent to map.
2026-09-17 18:53:24.703 [DATA] Command 'ar_telemetry' sent to map.
2026-09-17 18:53:24.741 [DATA] Command 'ar_telemetry' sent to map.
2026-09-17 18:53:24.785 [DATA] Command 'ar_telemetry' sent to map.
2026-09-17 18:53:24.822 [DATA] Command 'ar_telemetry' sent to map.
2026-09-17 18:53:24.858 [DATA] Command 'ar_telemetry' sent to map.
2026-09-17 18:53:24.895 [DATA] Command 'ar_telemetry' sent to map.
2026-09-17 18:53:24.933 [DATA] Command 'ar_telemetry' sent to map.
2026-09-17 18:53:24.968 [DATA] Command 'ar_telemetry' sent to map.
2026-09-17 18:53:25.009 [DATA] Command 'ar_telemetry' sent to map.
2026-09-17 18:53:25.045 [DATA] Command 'ar_telemetry' sent to map.
2026-09-17 18:53:25.081 [DATA] Command 'ar_telemetry' sent to map.
2026-09-17 18:53:25.118 [DATA] Command 'ar_telemetry' sent to map.
2026-09-17 18:53:25.154 [DATA] Command 'ar_telemetry' sent to map.
2026-09-17 18:53:25.192 [DATA] Command 'ar_telemetry' sent to map.
2026-09-17 18:53:25.227 [DATA] Command 'ar_telemetry' sent to map.
2026-09-17 18:53:25.264 [DATA] Command 'ar_telemetry' sent to map.
2026-09-17 18:53:25.303 [DATA] Command 'ar_telemetry' sent to map.
2026-09-17 18:53:25.342 [DATA] Command 'ar_telemetry' sent to map.
2026-09-17 18:53:25.378 [DATA] Command 'ar_telemetry' sent to map.
2026-09-17 18:53:25.414 [DATA] Command 'ar_telemetry' sent to map.
2026-09-17 18:53:25.449 [DATA] Command 'ar_telemetry' sent to map.
2026-09-17 18:53:25.485 [DATA] Command 'ar_telemetry' sent to map.
2026-09-17 18:53:25.486 [DATA] Command 'ar_telemetry' sent to map.
2026-09-17 18:53:25.524 [DATA] Command 'ar_telemetry' sent to map.
2026-09-17 18:53:25.560 [DATA] Command 'ar_telemetry' sent to map.
2026-09-17 18:53:25.596 [DATA] Command 'ar_telemetry' sent to map.
2026-09-17 18:53:25.634 [DATA] Command 'ar_telemetry' sent to map.
2026-09-17 18:53:25.670 [DATA] Command 'ar_telemetry' sent to map.
2026-09-17 18:53:25.709 [DATA] Command 'ar_telemetry' sent to map.
2026-09-17 18:53:25.745 [DATA] Command 'ar_telemetry' sent to map.
2026-09-17 18:53:25.780 [DATA] Command 'ar_telemetry' sent to map.
2026-09-17 18:53:25.781 [DATA] Command 'ar_telemetry' sent to map.
2026-09-17 18:53:25.820 [DATA] Command 'ar_telemetry' sent to map.
2026-09-17 18:53:25.855 [DATA] Command 'ar_telemetry' sent to map.
2026-09-17 18:53:25.891 [DATA] Command 'ar_telemetry' sent to map.
2026-09-17 18:53:25.926 [DATA] Command 'ar_telemetry' sent to map.
2026-09-17 18:53:25.960 [DATA] Command 'ar_telemetry' sent to map.
2026-09-17 18:53:25.997 [DATA] Command 'ar_telemetry' sent to map.
2026-09-17 18:53:26.031 [DATA] Command 'ar_telemetry' sent to map.
2026-09-17 18:53:26.065 [DATA] Command 'ar_telemetry' sent to map.
2026-09-17 18:53:26.101 [DATA] Command 'ar_telemetry' sent to map.
2026-09-17 18:53:26.136 [DATA] Command 'ar_telemetry' sent to map.
2026-09-17 18:53:26.171 [DATA] Command 'ar_telemetry' sent to map.
2026-09-17 18:53:26.208 [DATA] Command 'ar_telemetry' sent to map.
2026-09-17 18:53:26.252 [DATA] Command 'ar_telemetry' sent to map.
2026-09-17 18:53:26.300 [DATA] Command 'ar_telemetry' sent to map.
2026-09-17 18:53:26.347 [DATA] Command 'ar_telemetry' sent to map.
2026-09-17 18:53:26.389 [DATA] Command 'ar_telemetry' sent to map.
2026-09-17 18:53:26.428 [DATA] Command 'ar_telemetry' sent to map.
2026-09-17 18:53:26.429 [DATA] Command 'ar_telemetry' sent to map.
2026-09-17 18:53:26.479 [DATA] Command 'ar_telemetry' sent to map.
2026-09-17 18:53:26.480 [DATA] Command 'ar_telemetry' sent to map.
2026-09-17 18:53:26.542 [DATA] Command 'ar_telemetry' sent to map.
2026-09-17 18:53:26.593 [DATA] Command 'ar_telemetry' sent to map.
2026-09-17 18:53:26.643 [DATA] Command 'ar_telemetry' sent to map.
2026-09-17 18:53:26.645 [DATA] Command 'ar_telemetry' sent to map.
2026-09-17 18:53:26.686 [DATA] Command 'ar_telemetry' sent to map.
2026-09-17 18:53:26.723 [DATA] Command 'ar_telemetry' sent to map.
2026-09-17 18:53:26.761 [DATA] Command 'ar_telemetry' sent to map.
2026-09-17 18:53:26.796 [DATA] Command 'ar_telemetry' sent to map.
2026-09-17 18:53:26.831 [DATA] Command 'ar_telemetry' sent to map.
2026-09-17 18:53:26.839 [DATA] [OVR] load_order.txt: [custom_map1.json, test_targets.json] (снизу=низший приоритет)
2026-09-17 18:53:26.841 [DATA] [OVR] файл из load_order не найден: custom_map1.json (пропущен)
2026-09-17 18:53:26.842 [DATA] [OVR] прочитан test_targets.json: записей=1
2026-09-17 18:53:26.842 [DATA] [OVR]   test_targets.json -> random: 119646.75, 0.00, -53344.43
2026-09-17 18:53:26.846 [DATA] [AR] Модель точек без изменений: 5748.
2026-09-17 18:53:26.867 [DATA] Command 'ar_telemetry' sent to map.
2026-09-17 18:53:26.903 [DATA] Command 'ar_telemetry' sent to map.
2026-09-17 18:53:26.939 [DATA] Command 'ar_telemetry' sent to map.
2026-09-17 18:53:26.975 [DATA] Command 'ar_telemetry' sent to map.
2026-09-17 18:53:27.010 [DATA] Command 'ar_telemetry' sent to map.
2026-09-17 18:53:27.047 [DATA] Command 'ar_telemetry' sent to map.
2026-09-17 18:53:27.083 [DATA] Command 'ar_telemetry' sent to map.
2026-09-17 18:53:27.118 [DATA] Command 'ar_telemetry' sent to map.
2026-09-17 18:53:27.155 [DATA] Command 'ar_telemetry' sent to map.
2026-09-17 18:53:27.195 [DATA] Command 'ar_telemetry' sent to map.
2026-09-17 18:53:27.199 [DATA] Command 'ar_telemetry' sent to map.
2026-09-17 18:53:27.235 [DATA] Command 'ar_telemetry' sent to map.
2026-09-17 18:53:27.274 [DATA] Command 'ar_telemetry' sent to map.
2026-09-17 18:53:27.312 [DATA] Command 'ar_telemetry' sent to map.
2026-09-17 18:53:27.347 [DATA] Command 'ar_telemetry' sent to map.
2026-09-17 18:53:27.388 [DATA] Command 'ar_telemetry' sent to map.
2026-09-17 18:53:27.389 [DATA] [TRUCK] приём: WS=3006 REST=182 без-placement=0 битых=0 применено=3188 live=True возраст_данных=0,0с
2026-09-17 18:53:27.436 [DATA] Command 'ar_telemetry' sent to map.
2026-09-17 18:53:27.474 [DATA] Command 'ar_telemetry' sent to map.
2026-09-17 18:53:27.513 [DATA] Command 'ar_telemetry' sent to map.
2026-09-17 18:53:27.552 [DATA] Command 'ar_telemetry' sent to map.
2026-09-17 18:53:27.597 [DATA] Command 'ar_telemetry' sent to map.
2026-09-17 18:53:27.598 [DATA] [AR] ground plane: plane origin=(146419.00,111.59,-60956.00) N=(0.0007,1.0000,-0.0004) avgWheelH=111.592 refH=111.592 maxRes=0.0000 used=4 wheels=4 | режим=по колёсам | измеренный уклон=0 мм
2026-09-17 18:53:27.598 [DATA] [AR] pose 'ws': truck=146419,10,111,60,-60956,50 camera=146421,10,114,11,-60956,24 fwd=0,844,-0,259,0,470 up=0,226,0,966,0,126 ground=111,59.
2026-09-17 18:53:27.641 [DATA] Command 'ar_telemetry' sent to map.
2026-09-17 18:53:27.644 [DATA] Command 'ar_telemetry' sent to map.
2026-09-17 18:53:27.680 [DATA] [AR] tick alive: known=True changed=True forced=False head=True pts=5748 x=146419,1 z=-60956,5
2026-09-17 18:53:27.680 [DATA] Command 'ar_telemetry' sent to map.
2026-09-17 18:53:27.717 [DATA] Command 'ar_telemetry' sent to map.
2026-09-17 18:53:27.718 [DATA] Command 'ar_telemetry' sent to map.
2026-09-17 18:53:27.754 [DATA] Command 'ar_telemetry' sent to map.
2026-09-17 18:53:27.801 [DATA] Command 'ar_telemetry' sent to map.
2026-09-17 18:53:27.842 [DATA] Command 'ar_telemetry' sent to map.
2026-09-17 18:53:27.878 [DATA] Command 'ar_telemetry' sent to map.
2026-09-17 18:53:27.915 [DATA] Command 'ar_telemetry' sent to map.
2026-09-17 18:53:27.918 [DATA] Command 'ar_telemetry' sent to map.
2026-09-17 18:53:27.954 [DATA] Command 'ar_telemetry' sent to map.
2026-09-17 18:53:27.991 [DATA] Command 'ar_telemetry' sent to map.
2026-09-17 18:53:28.011 [DATA] Command 'ar_telemetry' sent to map.
2026-09-17 18:53:28.016 [DATA] [AR] tick: truck=(146419,1,111,6,-60956,5) h=0,667 known=True points=5748 near3km=62 hasTarget=False (нет точек в радиусе 5 м)
2026-09-17 18:53:28.017 [DATA] Command 'ar_telemetry' sent to map.
2026-09-17 18:53:28.056 [DATA] Command 'ar_telemetry' sent to map.
2026-09-17 18:53:28.101 [DATA] Command 'ar_telemetry' sent to map.
2026-09-17 18:53:28.152 [DATA] Command 'ar_telemetry' sent to map.
2026-09-17 18:53:28.192 [DATA] Command 'ar_telemetry' sent to map.
2026-09-17 18:53:28.230 [DATA] Command 'ar_telemetry' sent to map.
2026-09-17 18:53:28.270 [DATA] Command 'ar_telemetry' sent to map.
2026-09-17 18:53:28.316 [DATA] Command 'ar_telemetry' sent to map.
2026-09-17 18:53:28.358 [DATA] Command 'ar_telemetry' sent to map.
2026-09-17 18:53:28.419 [DATA] Command 'ar_telemetry' sent to map.
2026-09-17 18:53:28.463 [DATA] Command 'ar_telemetry' sent to map.
2026-09-17 18:53:28.514 [DATA] Command 'ar_telemetry' sent to map.
2026-09-17 18:53:28.561 [DATA] Command 'ar_telemetry' sent to map.
2026-09-17 18:53:28.600 [DATA] Command 'ar_telemetry' sent to map.
2026-09-17 18:53:28.637 [DATA] Command 'ar_telemetry' sent to map.
2026-09-17 18:53:28.675 [DATA] Command 'ar_telemetry' sent to map.
2026-09-17 18:53:28.713 [DATA] Command 'ar_telemetry' sent to map.
2026-09-17 18:53:28.751 [DATA] Command 'ar_telemetry' sent to map.
2026-09-17 18:53:28.788 [DATA] Command 'ar_telemetry' sent to map.
2026-09-17 18:53:28.828 [DATA] Command 'ar_telemetry' sent to map.
2026-09-17 18:53:28.864 [DATA] Command 'ar_telemetry' sent to map.
2026-09-17 18:53:28.900 [DATA] Command 'ar_telemetry' sent to map.
2026-09-17 18:53:28.940 [DATA] Command 'ar_telemetry' sent to map.
2026-09-17 18:53:28.978 [DATA] Command 'ar_telemetry' sent to map.
2026-09-17 18:53:29.014 [DATA] Command 'ar_telemetry' sent to map.
2026-09-17 18:53:29.052 [DATA] Command 'ar_telemetry' sent to map.
2026-09-17 18:53:29.087 [DATA] Command 'ar_telemetry' sent to map.
2026-09-17 18:53:29.123 [DATA] Command 'ar_telemetry' sent to map.
2026-09-17 18:53:29.158 [DATA] Command 'ar_telemetry' sent to map.
2026-09-17 18:53:29.194 [DATA] Command 'ar_telemetry' sent to map.
2026-09-17 18:53:29.197 [DATA] Command 'ar_telemetry' sent to map.
2026-09-17 18:53:29.233 [DATA] Command 'ar_telemetry' sent to map.
2026-09-17 18:53:29.270 [DATA] Command 'ar_telemetry' sent to map.
2026-09-17 18:53:29.273 [DATA] Command 'ar_telemetry' sent to map.
2026-09-17 18:53:29.309 [DATA] Command 'ar_telemetry' sent to map.
2026-09-17 18:53:29.357 [DATA] Command 'ar_telemetry' sent to map.
2026-09-17 18:53:29.393 [DATA] Command 'ar_telemetry' sent to map.
2026-09-17 18:53:29.431 [DATA] Command 'ar_telemetry' sent to map.
2026-09-17 18:53:29.469 [DATA] Command 'ar_telemetry' sent to map.
2026-09-17 18:53:29.510 [DATA] Command 'ar_telemetry' sent to map.
2026-09-17 18:53:29.546 [DATA] Command 'ar_telemetry' sent to map.
2026-09-17 18:53:29.586 [DATA] Command 'ar_telemetry' sent to map.
2026-09-17 18:53:29.622 [DATA] Command 'ar_telemetry' sent to map.
2026-09-17 18:53:29.657 [DATA] Command 'ar_telemetry' sent to map.
2026-09-17 18:53:29.698 [DATA] Command 'ar_telemetry' sent to map.
2026-09-17 18:53:29.742 [DATA] Command 'ar_telemetry' sent to map.
2026-09-17 18:53:29.779 [DATA] Command 'ar_telemetry' sent to map.
2026-09-17 18:53:29.780 [DATA] Command 'ar_telemetry' sent to map.
2026-09-17 18:53:29.817 [DATA] Command 'ar_telemetry' sent to map.
2026-09-17 18:53:29.854 [DATA] Command 'ar_telemetry' sent to map.
2026-09-17 18:53:29.892 [DATA] Command 'ar_telemetry' sent to map.
2026-09-17 18:53:29.928 [DATA] Command 'ar_telemetry' sent to map.
2026-09-17 18:53:29.963 [DATA] Command 'ar_telemetry' sent to map.
2026-09-17 18:53:30.001 [DATA] Command 'ar_telemetry' sent to map.
2026-09-17 18:53:30.038 [DATA] Command 'ar_telemetry' sent to map.
2026-09-17 18:53:30.078 [DATA] Command 'ar_telemetry' sent to map.
2026-09-17 18:53:30.124 [DATA] Command 'ar_telemetry' sent to map.
2026-09-17 18:53:30.161 [DATA] Command 'ar_telemetry' sent to map.
2026-09-17 18:53:30.197 [DATA] Command 'ar_telemetry' sent to map.
2026-09-17 18:53:30.240 [DATA] Command 'ar_telemetry' sent to map.
2026-09-17 18:53:30.281 [DATA] Command 'ar_telemetry' sent to map.
2026-09-17 18:53:30.317 [DATA] Command 'ar_telemetry' sent to map.
2026-09-17 18:53:30.354 [DATA] Command 'ar_telemetry' sent to map.
2026-09-17 18:53:30.392 [DATA] Command 'ar_telemetry' sent to map.
2026-09-17 18:53:30.427 [DATA] Command 'ar_telemetry' sent to map.
2026-09-17 18:53:30.462 [DATA] Command 'ar_telemetry' sent to map.
2026-09-17 18:53:30.498 [DATA] Command 'ar_telemetry' sent to map.
2026-09-17 18:53:30.534 [DATA] Command 'ar_telemetry' sent to map.
2026-09-17 18:53:30.575 [DATA] Command 'ar_telemetry' sent to map.
2026-09-17 18:53:30.611 [DATA] Command 'ar_telemetry' sent to map.
2026-09-17 18:53:30.645 [DATA] Command 'ar_telemetry' sent to map.
2026-09-17 18:53:30.678 [DATA] Command 'ar_telemetry' sent to map.
2026-09-17 18:53:30.713 [DATA] Command 'ar_telemetry' sent to map.
2026-09-17 18:53:30.848 [DATA] Command 'ar_telemetry' sent to map.
2026-09-17 18:53:30.944 [DATA] Command 'ar_telemetry' sent to map.
2026-09-17 18:53:30.951 [DATA] Command 'ar_telemetry' sent to map.
2026-09-17 18:53:30.963 [DATA] Command 'ar_telemetry' sent to map.
2026-09-17 18:53:30.978 [DATA] Command 'ar_telemetry' sent to map.
2026-09-17 18:53:30.993 [DATA] Command 'ar_telemetry' sent to map.
2026-09-17 18:53:31.008 [DATA] Command 'ar_telemetry' sent to map.
2026-09-17 18:53:31.023 [DATA] Command 'ar_telemetry' sent to map.
2026-09-17 18:53:31.054 [DATA] Command 'ar_telemetry' sent to map.
2026-09-17 18:53:31.070 [DATA] Command 'ar_telemetry' sent to map.
2026-09-17 18:53:31.071 [DATA] [QUEST][DIAG] Ruslan: enabled=True status=Available step=available paused=False build=built marker=yellow_exclamation map=True ar=True interactive=True point=(146529,0,111,6,-60981,0) truck=(146419,1,111,6,-60956,5) dist=112,6m trigger=35,0m inside=False override=none
2026-09-17 18:53:31.071 [DATA] [QUEST][DIAG] AR: truckKnown=True cameraValid=True camera=(0,0,0,0,0,0) arDisplayRadius=5 globalPoints=5748 nearSig= questStatePoints=1 ruslanInQuestState=True
2026-09-17 18:53:31.072 [DATA] [QUEST][DIAG] PIPE: definitions=1 activeQuest=False ruslanName=Шашлычник Руслан
2026-09-17 18:53:31.078 [DATA] Command 'ar_telemetry' sent to map.
2026-09-17 18:53:31.100 [DATA] Command 'ar_telemetry' sent to map.
2026-09-17 18:53:31.115 [DATA] Command 'ar_telemetry' sent to map.
2026-09-17 18:53:31.130 [DATA] Command 'ar_telemetry' sent to map.
2026-09-17 18:53:31.174 [DATA] Command 'ar_telemetry' sent to map.
2026-09-17 18:53:31.176 [DATA] Command 'ar_telemetry' sent to map.
2026-09-17 18:53:31.192 [DATA] Command 'ar_telemetry' sent to map.
2026-09-17 18:53:31.208 [DATA] Command 'ar_telemetry' sent to map.
2026-09-17 18:53:31.238 [DATA] Command 'ar_telemetry' sent to map.
2026-09-17 18:53:31.253 [DATA] Command 'ar_telemetry' sent to map.
2026-09-17 18:53:31.268 [DATA] Command 'ar_telemetry' sent to map.
2026-09-17 18:53:31.283 [DATA] Command 'ar_telemetry' sent to map.
2026-09-17 18:53:31.299 [DATA] Command 'ar_telemetry' sent to map.
2026-09-17 18:53:31.314 [DATA] Command 'ar_telemetry' sent to map.
2026-09-17 18:53:31.329 [DATA] Command 'ar_telemetry' sent to map.
2026-09-17 18:53:31.344 [DATA] Command 'ar_telemetry' sent to map.
2026-09-17 18:53:31.360 [DATA] Command 'ar_telemetry' sent to map.
2026-09-17 18:53:31.376 [DATA] Command 'ar_telemetry' sent to map.
2026-09-17 18:53:31.390 [DATA] Command 'ar_telemetry' sent to map.
2026-09-17 18:53:31.406 [DATA] Command 'ar_telemetry' sent to map.
2026-09-17 18:53:31.420 [DATA] Command 'ar_telemetry' sent to map.
2026-09-17 18:53:31.435 [DATA] Command 'ar_telemetry' sent to map.
2026-09-17 18:53:31.451 [DATA] Command 'ar_telemetry' sent to map.
2026-09-17 18:53:31.466 [DATA] Command 'ar_telemetry' sent to map.
2026-09-17 18:53:31.481 [DATA] Command 'ar_telemetry' sent to map.
2026-09-17 18:53:31.498 [DATA] Command 'ar_telemetry' sent to map.
2026-09-17 18:53:31.512 [DATA] Command 'ar_telemetry' sent to map.
2026-09-17 18:53:31.543 [DATA] Command 'ar_telemetry' sent to map.
2026-09-17 18:53:31.557 [DATA] Command 'ar_telemetry' sent to map.
2026-09-17 18:53:31.578 [DATA] Command 'ar_telemetry' sent to map.
2026-09-17 18:53:31.604 [DATA] Command 'ar_telemetry' sent to map.
2026-09-17 18:53:31.619 [DATA] Command 'ar_telemetry' sent to map.
2026-09-17 18:53:31.634 [DATA] Command 'ar_telemetry' sent to map.
2026-09-17 18:53:31.649 [DATA] Command 'ar_telemetry' sent to map.
2026-09-17 18:53:31.664 [DATA] Command 'ar_telemetry' sent to map.
2026-09-17 18:53:31.679 [DATA] Command 'ar_telemetry' sent to map.
2026-09-17 18:53:31.694 [DATA] Command 'ar_telemetry' sent to map.
2026-09-17 18:53:31.710 [DATA] Command 'ar_telemetry' sent to map.
2026-09-17 18:53:31.725 [DATA] Command 'ar_telemetry' sent to map.
2026-09-17 18:53:31.740 [DATA] Command 'ar_telemetry' sent to map.
2026-09-17 18:53:31.755 [DATA] Command 'ar_telemetry' sent to map.
2026-09-17 18:53:31.771 [DATA] Command 'ar_telemetry' sent to map.
2026-09-17 18:53:31.786 [DATA] Command 'ar_telemetry' sent to map.
2026-09-17 18:53:31.801 [DATA] Command 'ar_telemetry' sent to map.
2026-09-17 18:53:31.817 [DATA] Command 'ar_telemetry' sent to map.
2026-09-17 18:53:31.846 [DATA] Command 'ar_telemetry' sent to map.
2026-09-17 18:53:31.862 [DATA] Command 'ar_telemetry' sent to map.
2026-09-17 18:53:31.877 [DATA] Command 'ar_telemetry' sent to map.
2026-09-17 18:53:31.893 [DATA] Command 'ar_telemetry' sent to map.
2026-09-17 18:53:31.908 [DATA] Command 'ar_telemetry' sent to map.
2026-09-17 18:53:31.923 [DATA] Command 'ar_telemetry' sent to map.
2026-09-17 18:53:31.938 [DATA] Command 'ar_telemetry' sent to map.
2026-09-17 18:53:31.953 [DATA] Command 'ar_telemetry' sent to map.
2026-09-17 18:53:31.968 [DATA] Command 'ar_telemetry' sent to map.
2026-09-17 18:53:31.984 [DATA] Command 'ar_telemetry' sent to map.
2026-09-17 18:53:31.999 [DATA] Command 'ar_telemetry' sent to map.
2026-09-17 18:53:32.008 [DATA] Command 'ar_telemetry' sent to map.
2026-09-17 18:53:32.029 [DATA] Command 'ar_telemetry' sent to map.
2026-09-17 18:53:32.044 [DATA] Command 'ar_telemetry' sent to map.
2026-09-17 18:53:32.060 [DATA] Command 'ar_telemetry' sent to map.
2026-09-17 18:53:32.076 [DATA] Command 'ar_telemetry' sent to map.
2026-09-17 18:53:32.091 [DATA] Command 'ar_telemetry' sent to map.
2026-09-17 18:53:32.107 [DATA] Command 'ar_telemetry' sent to map.
2026-09-17 18:53:32.121 [DATA] Command 'ar_telemetry' sent to map.
2026-09-17 18:53:32.136 [DATA] Command 'ar_telemetry' sent to map.
2026-09-17 18:53:32.168 [DATA] Command 'ar_telemetry' sent to map.
2026-09-17 18:53:32.182 [DATA] Command 'ar_telemetry' sent to map.
2026-09-17 18:53:32.197 [DATA] Command 'ar_telemetry' sent to map.
2026-09-17 18:53:32.212 [DATA] Command 'ar_telemetry' sent to map.
2026-09-17 18:53:32.227 [DATA] Command 'ar_telemetry' sent to map.
2026-09-17 18:53:32.242 [DATA] Command 'ar_telemetry' sent to map.
2026-09-17 18:53:32.256 [DATA] Command 'ar_telemetry' sent to map.
2026-09-17 18:53:32.271 [DATA] Command 'ar_telemetry' sent to map.
2026-09-17 18:53:32.287 [DATA] Command 'ar_telemetry' sent to map.
2026-09-17 18:53:32.302 [DATA] Command 'ar_telemetry' sent to map.
2026-09-17 18:53:32.317 [DATA] Command 'ar_telemetry' sent to map.
2026-09-17 18:53:32.334 [DATA] Command 'ar_telemetry' sent to map.
2026-09-17 18:53:32.347 [DATA] Command 'ar_telemetry' sent to map.
2026-09-17 18:53:32.362 [DATA] Command 'ar_telemetry' sent to map.
2026-09-17 18:53:32.479 [DATA] Command 'ar_telemetry' sent to map.
2026-09-17 18:53:32.483 [DATA] Command 'ar_telemetry' sent to map.
2026-09-17 18:53:32.498 [DATA] Command 'ar_telemetry' sent to map.
2026-09-17 18:53:32.513 [DATA] Command 'ar_telemetry' sent to map.
2026-09-17 18:53:32.528 [DATA] Command 'ar_telemetry' sent to map.
2026-09-17 18:53:32.544 [DATA] Command 'ar_telemetry' sent to map.
2026-09-17 18:53:32.558 [DATA] Command 'ar_telemetry' sent to map.
2026-09-17 18:53:32.573 [DATA] Command 'ar_telemetry' sent to map.
2026-09-17 18:53:32.593 [DATA] Command 'ar_telemetry' sent to map.
2026-09-17 18:53:32.601 [DATA] [AR] ground plane: plane origin=(146419.00,111.59,-60956.00) N=(0.0007,1.0000,-0.0004) avgWheelH=111.592 refH=111.592 maxRes=0.0000 used=4 wheels=4 | режим=по колёсам | измеренный уклон=0 мм
2026-09-17 18:53:32.601 [DATA] [AR] pose 'ws': truck=146419,10,111,60,-60956,50 camera=146421,04,114,11,-60956,29 fwd=0,996,-0,088,0,010 up=0,088,0,996,0,001 ground=111,59.
2026-09-17 18:53:32.605 [DATA] Command 'ar_telemetry' sent to map.
2026-09-17 18:53:32.619 [DATA] Command 'ar_telemetry' sent to map.
2026-09-17 18:53:32.634 [DATA] Command 'ar_telemetry' sent to map.
2026-09-17 18:53:32.650 [DATA] Command 'ar_telemetry' sent to map.
2026-09-17 18:53:32.665 [DATA] Command 'ar_telemetry' sent to map.
2026-09-17 18:53:32.694 [DATA] [AR] tick alive: known=True changed=False forced=False head=True pts=5748 x=146419,1 z=-60956,5
2026-09-17 18:53:32.695 [DATA] Command 'ar_telemetry' sent to map.
2026-09-17 18:53:32.709 [DATA] Command 'ar_telemetry' sent to map.
2026-09-17 18:53:32.725 [DATA] Command 'ar_telemetry' sent to map.
2026-09-17 18:53:32.739 [DATA] Command 'ar_telemetry' sent to map.
2026-09-17 18:53:32.755 [DATA] Command 'ar_telemetry' sent to map.
2026-09-17 18:53:32.770 [DATA] Command 'ar_telemetry' sent to map.
2026-09-17 18:53:32.785 [DATA] Command 'ar_telemetry' sent to map.
2026-09-17 18:53:32.801 [DATA] Command 'ar_telemetry' sent to map.
2026-09-17 18:53:32.817 [DATA] Command 'ar_telemetry' sent to map.
2026-09-17 18:53:32.831 [DATA] Command 'ar_telemetry' sent to map.
2026-09-17 18:53:32.846 [DATA] Command 'ar_telemetry' sent to map.
2026-09-17 18:53:32.861 [DATA] Command 'ar_telemetry' sent to map.
2026-09-17 18:53:32.876 [DATA] Command 'ar_telemetry' sent to map.
2026-09-17 18:53:32.892 [DATA] Command 'ar_telemetry' sent to map.
2026-09-17 18:53:32.907 [DATA] Command 'ar_telemetry' sent to map.
2026-09-17 18:53:32.922 [DATA] Command 'ar_telemetry' sent to map.
2026-09-17 18:53:32.937 [DATA] Command 'ar_telemetry' sent to map.
2026-09-17 18:53:32.953 [DATA] Command 'ar_telemetry' sent to map.
2026-09-17 18:53:32.968 [DATA] Command 'ar_telemetry' sent to map.
2026-09-17 18:53:32.999 [DATA] Command 'ar_telemetry' sent to map.
2026-09-17 18:53:33.014 [DATA] Command 'ar_telemetry' sent to map.
2026-09-17 18:53:33.029 [DATA] Command 'ar_telemetry' sent to map.
2026-09-17 18:53:33.044 [DATA] Command 'ar_telemetry' sent to map.
2026-09-17 18:53:33.060 [DATA] Command 'ar_telemetry' sent to map.
2026-09-17 18:53:33.075 [DATA] Command 'ar_telemetry' sent to map.
2026-09-17 18:53:33.087 [DATA] Command 'ar_telemetry' sent to map.
2026-09-17 18:53:33.105 [DATA] Command 'ar_telemetry' sent to map.
2026-09-17 18:53:33.120 [DATA] Command 'ar_telemetry' sent to map.
2026-09-17 18:53:33.136 [DATA] Command 'ar_telemetry' sent to map.
2026-09-17 18:53:33.151 [DATA] Command 'ar_telemetry' sent to map.
2026-09-17 18:53:33.166 [DATA] Command 'ar_telemetry' sent to map.
2026-09-17 18:53:33.181 [DATA] Command 'ar_telemetry' sent to map.
2026-09-17 18:53:33.196 [DATA] Command 'ar_telemetry' sent to map.
2026-09-17 18:53:33.212 [DATA] Command 'ar_telemetry' sent to map.
2026-09-17 18:53:33.227 [DATA] Command 'ar_telemetry' sent to map.
2026-09-17 18:53:33.242 [DATA] Command 'ar_telemetry' sent to map.
2026-09-17 18:53:33.258 [DATA] Command 'ar_telemetry' sent to map.
2026-09-17 18:53:33.272 [DATA] Command 'ar_telemetry' sent to map.
2026-09-17 18:53:33.302 [DATA] Command 'ar_telemetry' sent to map.
2026-09-17 18:53:33.318 [DATA] Command 'ar_telemetry' sent to map.
2026-09-17 18:53:33.334 [DATA] Command 'ar_telemetry' sent to map.
2026-09-17 18:53:33.349 [DATA] Command 'ar_telemetry' sent to map.
2026-09-17 18:53:33.364 [DATA] Command 'ar_telemetry' sent to map.
2026-09-17 18:53:33.379 [DATA] Command 'ar_telemetry' sent to map.
2026-09-17 18:53:33.395 [DATA] Command 'ar_telemetry' sent to map.
2026-09-17 18:53:33.410 [DATA] Command 'ar_telemetry' sent to map.
2026-09-17 18:53:33.425 [DATA] Command 'ar_telemetry' sent to map.
2026-09-17 18:53:33.442 [DATA] Command 'ar_telemetry' sent to map.
2026-09-17 18:53:33.457 [DATA] Command 'ar_telemetry' sent to map.
2026-09-17 18:53:33.473 [DATA] Command 'ar_telemetry' sent to map.
2026-09-17 18:53:33.488 [DATA] Command 'ar_telemetry' sent to map.
2026-09-17 18:53:33.504 [DATA] Command 'ar_telemetry' sent to map.
2026-09-17 18:53:33.519 [DATA] Command 'ar_telemetry' sent to map.
2026-09-17 18:53:33.534 [DATA] Command 'ar_telemetry' sent to map.
2026-09-17 18:53:33.550 [DATA] Command 'ar_telemetry' sent to map.
2026-09-17 18:53:33.565 [DATA] Command 'ar_telemetry' sent to map.
2026-09-17 18:53:33.580 [DATA] Command 'ar_telemetry' sent to map.
2026-09-17 18:53:33.596 [DATA] Command 'ar_telemetry' sent to map.
2026-09-17 18:53:33.611 [DATA] Command 'ar_telemetry' sent to map.
2026-09-17 18:53:33.626 [DATA] Command 'ar_telemetry' sent to map.
2026-09-17 18:53:33.641 [DATA] Command 'ar_telemetry' sent to map.
2026-09-17 18:53:33.671 [DATA] Command 'ar_telemetry' sent to map.
2026-09-17 18:53:33.687 [DATA] Command 'ar_telemetry' sent to map.
2026-09-17 18:53:33.701 [DATA] Command 'ar_telemetry' sent to map.
2026-09-17 18:53:33.717 [DATA] Command 'ar_telemetry' sent to map.
2026-09-17 18:53:33.732 [DATA] Command 'ar_telemetry' sent to map.
2026-09-17 18:53:33.747 [DATA] Command 'ar_telemetry' sent to map.
2026-09-17 18:53:33.762 [DATA] Command 'ar_telemetry' sent to map.
2026-09-17 18:53:33.778 [DATA] Command 'ar_telemetry' sent to map.
2026-09-17 18:53:33.793 [DATA] Command 'ar_telemetry' sent to map.
2026-09-17 18:53:33.808 [DATA] Command 'ar_telemetry' sent to map.
2026-09-17 18:53:33.823 [DATA] Command 'ar_telemetry' sent to map.
2026-09-17 18:53:33.838 [DATA] Command 'ar_telemetry' sent to map.
2026-09-17 18:53:33.854 [DATA] Command 'ar_telemetry' sent to map.
2026-09-17 18:53:33.869 [DATA] Command 'ar_telemetry' sent to map.
2026-09-17 18:53:33.885 [DATA] Command 'ar_telemetry' sent to map.
2026-09-17 18:53:33.899 [DATA] Command 'ar_telemetry' sent to map.
2026-09-17 18:53:33.915 [DATA] Command 'ar_telemetry' sent to map.
2026-09-17 18:53:33.930 [DATA] Command 'ar_telemetry' sent to map.
2026-09-17 18:53:33.945 [DATA] Command 'ar_telemetry' sent to map.
2026-09-17 18:53:33.960 [DATA] Command 'ar_telemetry' sent to map.
2026-09-17 18:53:33.991 [DATA] Command 'ar_telemetry' sent to map.
2026-09-17 18:53:34.006 [DATA] Command 'ar_telemetry' sent to map.
2026-09-17 18:53:34.021 [DATA] Command 'ar_telemetry' sent to map.
2026-09-17 18:53:34.037 [DATA] Command 'ar_telemetry' sent to map.
2026-09-17 18:53:34.052 [DATA] Command 'ar_telemetry' sent to map.
2026-09-17 18:53:34.070 [DATA] Command 'ar_telemetry' sent to map.
2026-09-17 18:53:34.082 [DATA] Command 'ar_telemetry' sent to map.
2026-09-17 18:53:34.098 [DATA] Command 'ar_telemetry' sent to map.
2026-09-17 18:53:34.113 [DATA] Command 'ar_telemetry' sent to map.
2026-09-17 18:53:34.127 [DATA] Command 'ar_telemetry' sent to map.
2026-09-17 18:53:34.143 [DATA] Command 'ar_telemetry' sent to map.
2026-09-17 18:53:34.158 [DATA] Command 'ar_telemetry' sent to map.
2026-09-17 18:53:34.174 [DATA] Command 'ar_telemetry' sent to map.
2026-09-17 18:53:34.189 [DATA] Command 'ar_telemetry' sent to map.
2026-09-17 18:53:34.205 [DATA] Command 'ar_telemetry' sent to map.
2026-09-17 18:53:34.220 [DATA] Command 'ar_telemetry' sent to map.
2026-09-17 18:53:34.235 [DATA] Command 'ar_telemetry' sent to map.
2026-09-17 18:53:34.251 [DATA] Command 'ar_telemetry' sent to map.
2026-09-17 18:53:34.266 [DATA] Command 'ar_telemetry' sent to map.
2026-09-17 18:53:34.282 [DATA] Command 'ar_telemetry' sent to map.
2026-09-17 18:53:34.297 [DATA] Command 'ar_telemetry' sent to map.
2026-09-17 18:53:34.326 [DATA] Command 'ar_telemetry' sent to map.
2026-09-17 18:53:34.342 [DATA] Command 'ar_telemetry' sent to map.
2026-09-17 18:53:34.357 [DATA] Command 'ar_telemetry' sent to map.
2026-09-17 18:53:34.372 [DATA] Command 'ar_telemetry' sent to map.
2026-09-17 18:53:34.387 [DATA] Command 'ar_telemetry' sent to map.
2026-09-17 18:53:34.489 [DATA] Command 'ar_telemetry' sent to map.
2026-09-17 18:53:34.493 [DATA] Command 'ar_telemetry' sent to map.
2026-09-17 18:53:34.509 [DATA] Command 'ar_telemetry' sent to map.
2026-09-17 18:53:34.524 [DATA] Command 'ar_telemetry' sent to map.
2026-09-17 18:53:34.540 [DATA] Command 'ar_telemetry' sent to map.
2026-09-17 18:53:34.555 [DATA] Command 'ar_telemetry' sent to map.
2026-09-17 18:53:34.570 [DATA] Command 'ar_telemetry' sent to map.
2026-09-17 18:53:34.585 [DATA] Command 'ar_telemetry' sent to map.
2026-09-17 18:53:34.605 [DATA] Command 'ar_telemetry' sent to map.
2026-09-17 18:53:34.631 [DATA] Command 'ar_telemetry' sent to map.
2026-09-17 18:53:34.646 [DATA] Command 'ar_telemetry' sent to map.
2026-09-17 18:53:34.661 [DATA] Command 'ar_telemetry' sent to map.
2026-09-17 18:53:34.677 [DATA] Command 'ar_telemetry' sent to map.
2026-09-17 18:53:34.692 [DATA] Command 'ar_telemetry' sent to map.
2026-09-17 18:53:34.707 [DATA] Command 'ar_telemetry' sent to map.
2026-09-17 18:53:34.722 [DATA] Command 'ar_telemetry' sent to map.
2026-09-17 18:53:34.737 [DATA] Command 'ar_telemetry' sent to map.
2026-09-17 18:53:34.753 [DATA] Command 'ar_telemetry' sent to map.
2026-09-17 18:53:34.768 [DATA] Command 'ar_telemetry' sent to map.
2026-09-17 18:53:34.783 [DATA] Command 'ar_telemetry' sent to map.
2026-09-17 18:53:34.799 [DATA] Command 'ar_telemetry' sent to map.
2026-09-17 18:53:34.814 [DATA] Command 'ar_telemetry' sent to map.
2026-09-17 18:53:34.829 [DATA] Command 'ar_telemetry' sent to map.
2026-09-17 18:53:34.844 [DATA] Command 'ar_telemetry' sent to map.
2026-09-17 18:53:34.859 [DATA] Command 'ar_telemetry' sent to map.
2026-09-17 18:53:34.874 [DATA] Command 'ar_telemetry' sent to map.
2026-09-17 18:53:34.890 [DATA] Command 'ar_telemetry' sent to map.
2026-09-17 18:53:34.905 [DATA] Command 'ar_telemetry' sent to map.
2026-09-17 18:53:34.935 [DATA] Command 'ar_telemetry' sent to map.
2026-09-17 18:53:34.951 [DATA] Command 'ar_telemetry' sent to map.
2026-09-17 18:53:34.966 [DATA] Command 'ar_telemetry' sent to map.
2026-09-17 18:53:34.981 [DATA] Command 'ar_telemetry' sent to map.
2026-09-17 18:53:34.997 [DATA] Command 'ar_telemetry' sent to map.
2026-09-17 18:53:35.012 [DATA] Command 'ar_telemetry' sent to map.
2026-09-17 18:53:35.027 [DATA] Command 'ar_telemetry' sent to map.
2026-09-17 18:53:35.042 [DATA] Command 'ar_telemetry' sent to map.
2026-09-17 18:53:35.058 [DATA] Command 'ar_telemetry' sent to map.
2026-09-17 18:53:35.072 [DATA] Command 'ar_telemetry' sent to map.
2026-09-17 18:53:35.088 [DATA] Command 'ar_telemetry' sent to map.
2026-09-17 18:53:35.104 [DATA] Command 'ar_telemetry' sent to map.
2026-09-17 18:53:35.119 [DATA] Command 'ar_telemetry' sent to map.
2026-09-17 18:53:35.135 [DATA] Command 'ar_telemetry' sent to map.
2026-09-17 18:53:35.151 [DATA] Command 'ar_telemetry' sent to map.
2026-09-17 18:53:35.166 [DATA] Command 'ar_telemetry' sent to map.
2026-09-17 18:53:35.181 [DATA] Command 'ar_telemetry' sent to map.
2026-09-17 18:53:35.196 [DATA] Command 'ar_telemetry' sent to map.
2026-09-17 18:53:35.212 [DATA] Command 'ar_telemetry' sent to map.
2026-09-17 18:53:35.228 [DATA] Command 'ar_telemetry' sent to map.
2026-09-17 18:53:35.243 [DATA] Command 'ar_telemetry' sent to map.
2026-09-17 18:53:35.258 [DATA] Command 'ar_telemetry' sent to map.
2026-09-17 18:53:35.273 [DATA] Command 'ar_telemetry' sent to map.
2026-09-17 18:53:35.304 [DATA] Command 'ar_telemetry' sent to map.
2026-09-17 18:53:35.319 [DATA] Command 'ar_telemetry' sent to map.
2026-09-17 18:53:35.334 [DATA] Command 'ar_telemetry' sent to map.
2026-09-17 18:53:35.350 [DATA] Command 'ar_telemetry' sent to map.
2026-09-17 18:53:35.365 [DATA] Command 'ar_telemetry' sent to map.
2026-09-17 18:53:35.381 [DATA] Command 'ar_telemetry' sent to map.
2026-09-17 18:53:35.397 [DATA] Command 'ar_telemetry' sent to map.
2026-09-17 18:53:35.411 [DATA] Command 'ar_telemetry' sent to map.
2026-09-17 18:53:35.426 [DATA] Command 'ar_telemetry' sent to map.
2026-09-17 18:53:35.441 [DATA] Command 'ar_telemetry' sent to map.
2026-09-17 18:53:35.456 [DATA] Command 'ar_telemetry' sent to map.
2026-09-17 18:53:35.471 [DATA] Command 'ar_telemetry' sent to map.
2026-09-17 18:53:35.487 [DATA] Command 'ar_telemetry' sent to map.
2026-09-17 18:53:35.502 [DATA] Command 'ar_telemetry' sent to map.
2026-09-17 18:53:35.517 [DATA] Command 'ar_telemetry' sent to map.
2026-09-17 18:53:35.532 [DATA] Command 'ar_telemetry' sent to map.
2026-09-17 18:53:35.548 [DATA] Command 'ar_telemetry' sent to map.
2026-09-17 18:53:35.563 [DATA] Command 'ar_telemetry' sent to map.
2026-09-17 18:53:35.578 [DATA] Command 'ar_telemetry' sent to map.
2026-09-17 18:53:35.594 [DATA] Command 'ar_telemetry' sent to map.
2026-09-17 18:53:35.609 [DATA] Command 'ar_telemetry' sent to map.
2026-09-17 18:53:35.640 [DATA] Command 'ar_telemetry' sent to map.
2026-09-17 18:53:35.655 [DATA] Command 'ar_telemetry' sent to map.
2026-09-17 18:53:35.671 [DATA] Command 'ar_telemetry' sent to map.
2026-09-17 18:53:35.685 [DATA] Command 'ar_telemetry' sent to map.
2026-09-17 18:53:35.701 [DATA] Command 'ar_telemetry' sent to map.
2026-09-17 18:53:35.716 [DATA] Command 'ar_telemetry' sent to map.
2026-09-17 18:53:35.731 [DATA] Command 'ar_telemetry' sent to map.
2026-09-17 18:53:35.747 [DATA] Command 'ar_telemetry' sent to map.
2026-09-17 18:53:35.762 [DATA] Command 'ar_telemetry' sent to map.
2026-09-17 18:53:35.777 [DATA] Command 'ar_telemetry' sent to map.
2026-09-17 18:53:35.793 [DATA] Command 'ar_telemetry' sent to map.
2026-09-17 18:53:35.808 [DATA] Command 'ar_telemetry' sent to map.
2026-09-17 18:53:35.823 [DATA] Command 'ar_telemetry' sent to map.
2026-09-17 18:53:35.839 [DATA] Command 'ar_telemetry' sent to map.
2026-09-17 18:53:35.854 [DATA] Command 'ar_telemetry' sent to map.
2026-09-17 18:53:35.869 [DATA] Command 'ar_telemetry' sent to map.
2026-09-17 18:53:35.884 [DATA] Command 'ar_telemetry' sent to map.
2026-09-17 18:53:35.901 [DATA] Command 'ar_telemetry' sent to map.
2026-09-17 18:53:35.915 [DATA] Command 'ar_telemetry' sent to map.
2026-09-17 18:53:35.930 [DATA] Command 'ar_telemetry' sent to map.
2026-09-17 18:53:35.946 [DATA] Command 'ar_telemetry' sent to map.
2026-09-17 18:53:35.961 [DATA] Command 'ar_telemetry' sent to map.
2026-09-17 18:53:35.990 [DATA] Command 'ar_telemetry' sent to map.
2026-09-17 18:53:36.006 [DATA] Command 'ar_telemetry' sent to map.
2026-09-17 18:53:36.021 [DATA] Command 'ar_telemetry' sent to map.
2026-09-17 18:53:36.037 [DATA] Command 'ar_telemetry' sent to map.
2026-09-17 18:53:36.051 [DATA] Command 'ar_telemetry' sent to map.
2026-09-17 18:53:36.067 [DATA] Command 'ar_telemetry' sent to map.
2026-09-17 18:53:36.072 [DATA] [QUEST][DIAG] Ruslan: enabled=True status=Available step=available paused=False build=built marker=yellow_exclamation map=True ar=True interactive=True point=(146529,0,111,6,-60981,0) truck=(146419,1,111,6,-60956,5) dist=112,6m trigger=35,0m inside=False override=none
2026-09-17 18:53:36.072 [DATA] [QUEST][DIAG] AR: truckKnown=True cameraValid=True camera=(0,0,0,0,0,0) arDisplayRadius=5 globalPoints=5748 nearSig= questStatePoints=1 ruslanInQuestState=True
2026-09-17 18:53:36.073 [DATA] [QUEST][DIAG] PIPE: definitions=1 activeQuest=False ruslanName=Шашлычник Руслан
2026-09-17 18:53:36.083 [DATA] Command 'ar_telemetry' sent to map.
2026-09-17 18:53:36.098 [DATA] Command 'ar_telemetry' sent to map.
2026-09-17 18:53:36.113 [DATA] Command 'ar_telemetry' sent to map.
2026-09-17 18:53:36.129 [DATA] Command 'ar_telemetry' sent to map.
2026-09-17 18:53:36.144 [DATA] Command 'ar_telemetry' sent to map.
2026-09-17 18:53:36.160 [DATA] Command 'ar_telemetry' sent to map.
2026-09-17 18:53:36.176 [DATA] Command 'ar_telemetry' sent to map.
2026-09-17 18:53:36.190 [DATA] Command 'ar_telemetry' sent to map.
2026-09-17 18:53:36.206 [DATA] Command 'ar_telemetry' sent to map.
2026-09-17 18:53:36.221 [DATA] Command 'ar_telemetry' sent to map.
2026-09-17 18:53:36.236 [DATA] Command 'ar_telemetry' sent to map.
2026-09-17 18:53:36.252 [DATA] Command 'ar_telemetry' sent to map.
2026-09-17 18:53:36.267 [DATA] Command 'ar_telemetry' sent to map.
2026-09-17 18:53:36.283 [DATA] Command 'ar_telemetry' sent to map.
2026-09-17 18:53:36.299 [DATA] Command 'ar_telemetry' sent to map.
2026-09-17 18:53:36.314 [DATA] Command 'ar_telemetry' sent to map.
2026-09-17 18:53:36.330 [DATA] Command 'ar_telemetry' sent to map.
2026-09-17 18:53:36.346 [DATA] Command 'ar_telemetry' sent to map.
2026-09-17 18:53:36.361 [DATA] Command 'ar_telemetry' sent to map.
2026-09-17 18:53:36.488 [DATA] Command 'ar_telemetry' sent to map.
2026-09-17 18:53:36.500 [DATA] Command 'ar_telemetry' sent to map.
2026-09-17 18:53:36.514 [DATA] Command 'ar_telemetry' sent to map.
2026-09-17 18:53:36.529 [DATA] Command 'ar_telemetry' sent to map.
2026-09-17 18:53:36.543 [DATA] Command 'ar_telemetry' sent to map.
2026-09-17 18:53:36.559 [DATA] Command 'ar_telemetry' sent to map.
2026-09-17 18:53:36.574 [DATA] Command 'ar_telemetry' sent to map.
2026-09-17 18:53:36.589 [DATA] Command 'ar_telemetry' sent to map.
2026-09-17 18:53:36.604 [DATA] Command 'ar_telemetry' sent to map.
2026-09-17 18:53:36.624 [DATA] Command 'ar_telemetry' sent to map.
2026-09-17 18:53:36.634 [DATA] Command 'ar_telemetry' sent to map.
2026-09-17 18:53:36.649 [DATA] Command 'ar_telemetry' sent to map.
2026-09-17 18:53:36.680 [DATA] Command 'ar_telemetry' sent to map.
2026-09-17 18:53:36.695 [DATA] Command 'ar_telemetry' sent to map.
2026-09-17 18:53:36.710 [DATA] Command 'ar_telemetry' sent to map.
2026-09-17 18:53:36.726 [DATA] Command 'ar_telemetry' sent to map.
2026-09-17 18:53:36.741 [DATA] Command 'ar_telemetry' sent to map.
2026-09-17 18:53:36.756 [DATA] Command 'ar_telemetry' sent to map.
2026-09-17 18:53:36.772 [DATA] Command 'ar_telemetry' sent to map.
2026-09-17 18:53:36.787 [DATA] Command 'ar_telemetry' sent to map.
2026-09-17 18:53:36.802 [DATA] Command 'ar_telemetry' sent to map.
2026-09-17 18:53:36.818 [DATA] Command 'ar_telemetry' sent to map.
2026-09-17 18:53:36.832 [DATA] Command 'ar_telemetry' sent to map.
2026-09-17 18:53:36.848 [DATA] Command 'ar_telemetry' sent to map.
2026-09-17 18:53:36.863 [DATA] Command 'ar_telemetry' sent to map.
2026-09-17 18:53:36.878 [DATA] Command 'ar_telemetry' sent to map.
2026-09-17 18:53:36.893 [DATA] Command 'ar_telemetry' sent to map.
2026-09-17 18:53:36.909 [DATA] Command 'ar_telemetry' sent to map.
2026-09-17 18:53:36.924 [DATA] Command 'ar_telemetry' sent to map.
2026-09-17 18:53:36.940 [DATA] Command 'ar_telemetry' sent to map.
2026-09-17 18:53:36.954 [DATA] Command 'ar_telemetry' sent to map.
2026-09-17 18:53:36.969 [DATA] Command 'ar_telemetry' sent to map.
2026-09-17 18:53:37.000 [DATA] Command 'ar_telemetry' sent to map.
2026-09-17 18:53:37.006 [DATA] Command 'ar_telemetry' sent to map.
2026-09-17 18:53:37.030 [DATA] Command 'ar_telemetry' sent to map.
2026-09-17 18:53:37.045 [DATA] Command 'ar_telemetry' sent to map.
2026-09-17 18:53:37.061 [DATA] Command 'ar_telemetry' sent to map.
2026-09-17 18:53:37.078 [DATA] Command 'ar_telemetry' sent to map.
2026-09-17 18:53:37.090 [DATA] Command 'ar_telemetry' sent to map.
2026-09-17 18:53:37.107 [DATA] Command 'ar_telemetry' sent to map.
2026-09-17 18:53:37.120 [DATA] Command 'ar_telemetry' sent to map.
2026-09-17 18:53:37.136 [DATA] Command 'ar_telemetry' sent to map.
2026-09-17 18:53:37.151 [DATA] Command 'ar_telemetry' sent to map.
2026-09-17 18:53:37.167 [DATA] Command 'ar_telemetry' sent to map.
2026-09-17 18:53:37.182 [DATA] Command 'ar_telemetry' sent to map.
2026-09-17 18:53:37.197 [DATA] Command 'ar_telemetry' sent to map.
2026-09-17 18:53:37.213 [DATA] Command 'ar_telemetry' sent to map.
2026-09-17 18:53:37.228 [DATA] Command 'ar_telemetry' sent to map.
2026-09-17 18:53:37.244 [DATA] Command 'ar_telemetry' sent to map.
2026-09-17 18:53:37.259 [DATA] Command 'ar_telemetry' sent to map.
2026-09-17 18:53:37.274 [DATA] Command 'ar_telemetry' sent to map.
2026-09-17 18:53:37.289 [DATA] Command 'ar_telemetry' sent to map.
2026-09-17 18:53:37.321 [DATA] Command 'ar_telemetry' sent to map.
2026-09-17 18:53:37.336 [DATA] Command 'ar_telemetry' sent to map.
2026-09-17 18:53:37.352 [DATA] Command 'ar_telemetry' sent to map.
2026-09-17 18:53:37.368 [DATA] Command 'ar_telemetry' sent to map.
2026-09-17 18:53:37.384 [DATA] Command 'ar_telemetry' sent to map.
2026-09-17 18:53:37.399 [DATA] Command 'ar_telemetry' sent to map.
2026-09-17 18:53:37.414 [DATA] Command 'ar_telemetry' sent to map.
2026-09-17 18:53:37.429 [DATA] Command 'ar_telemetry' sent to map.
2026-09-17 18:53:37.444 [DATA] Command 'ar_telemetry' sent to map.
2026-09-17 18:53:37.460 [DATA] Command 'ar_telemetry' sent to map.
2026-09-17 18:53:37.475 [DATA] Command 'ar_telemetry' sent to map.
2026-09-17 18:53:37.491 [DATA] Command 'ar_telemetry' sent to map.
2026-09-17 18:53:37.506 [DATA] Command 'ar_telemetry' sent to map.
2026-09-17 18:53:37.521 [DATA] Command 'ar_telemetry' sent to map.
2026-09-17 18:53:37.537 [DATA] Command 'ar_telemetry' sent to map.
2026-09-17 18:53:37.552 [DATA] Command 'ar_telemetry' sent to map.
2026-09-17 18:53:37.571 [DATA] Command 'ar_telemetry' sent to map.
2026-09-17 18:53:37.582 [DATA] Command 'ar_telemetry' sent to map.
2026-09-17 18:53:37.598 [DATA] Command 'ar_telemetry' sent to map.
2026-09-17 18:53:37.613 [DATA] Command 'ar_telemetry' sent to map.
2026-09-17 18:53:37.618 [DATA] [AR] ground plane: plane origin=(146419.00,111.59,-60956.00) N=(0.0007,1.0000,-0.0004) avgWheelH=111.592 refH=111.592 maxRes=0.0000 used=4 wheels=4 | режим=по колёсам | измеренный уклон=0 мм
2026-09-17 18:53:37.618 [DATA] [AR] pose 'ws': truck=146419,11,111,60,-60956,49 camera=146421,04,114,11,-60956,29 fwd=0,879,-0,128,0,460 up=0,113,0,992,0,059 ground=111,59.
2026-09-17 18:53:37.628 [DATA] Command 'ar_telemetry' sent to map.
2026-09-17 18:53:37.643 [DATA] Command 'ar_telemetry' sent to map.
2026-09-17 18:53:37.659 [DATA] Command 'ar_telemetry' sent to map.
2026-09-17 18:53:37.674 [DATA] Command 'ar_telemetry' sent to map.
2026-09-17 18:53:37.704 [DATA] [AR] tick alive: known=True changed=True forced=False head=True pts=5748 x=146419,1 z=-60956,5
2026-09-17 18:53:37.704 [DATA] Command 'ar_telemetry' sent to map.
2026-09-17 18:53:37.719 [DATA] Command 'ar_telemetry' sent to map.
2026-09-17 18:53:37.736 [DATA] Command 'ar_telemetry' sent to map.
2026-09-17 18:53:37.751 [DATA] Command 'ar_telemetry' sent to map.
2026-09-17 18:53:37.766 [DATA] Command 'ar_telemetry' sent to map.
2026-09-17 18:53:37.782 [DATA] Command 'ar_telemetry' sent to map.
2026-09-17 18:53:37.796 [DATA] Command 'ar_telemetry' sent to map.
2026-09-17 18:53:37.811 [DATA] Command 'ar_telemetry' sent to map.
2026-09-17 18:53:37.826 [DATA] Command 'ar_telemetry' sent to map.
2026-09-17 18:53:37.842 [DATA] Command 'ar_telemetry' sent to map.
2026-09-17 18:53:37.857 [DATA] Command 'ar_telemetry' sent to map.
2026-09-17 18:53:37.873 [DATA] Command 'ar_telemetry' sent to map.
2026-09-17 18:53:37.888 [DATA] Command 'ar_telemetry' sent to map.
2026-09-17 18:53:37.903 [DATA] Command 'ar_telemetry' sent to map.
2026-09-17 18:53:37.918 [DATA] Command 'ar_telemetry' sent to map.
2026-09-17 18:53:37.934 [DATA] Command 'ar_telemetry' sent to map.
2026-09-17 18:53:37.949 [DATA] Command 'ar_telemetry' sent to map.
2026-09-17 18:53:37.964 [DATA] Command 'ar_telemetry' sent to map.
2026-09-17 18:53:37.979 [DATA] Command 'ar_telemetry' sent to map.
2026-09-17 18:53:37.995 [DATA] Command 'ar_telemetry' sent to map.
2026-09-17 18:53:38.010 [DATA] Command 'ar_telemetry' sent to map.
2026-09-17 18:53:38.040 [DATA] Command 'ar_telemetry' sent to map.
2026-09-17 18:53:38.055 [DATA] Command 'ar_telemetry' sent to map.
2026-09-17 18:53:38.071 [DATA] Command 'ar_telemetry' sent to map.
2026-09-17 18:53:38.087 [DATA] Command 'ar_telemetry' sent to map.
2026-09-17 18:53:38.101 [DATA] Command 'ar_telemetry' sent to map.
2026-09-17 18:53:38.116 [DATA] Command 'ar_telemetry' sent to map.
2026-09-17 18:53:38.132 [DATA] Command 'ar_telemetry' sent to map.
2026-09-17 18:53:38.146 [DATA] Command 'ar_telemetry' sent to map.
2026-09-17 18:53:38.162 [DATA] Command 'ar_telemetry' sent to map.
2026-09-17 18:53:38.177 [DATA] Command 'ar_telemetry' sent to map.
2026-09-17 18:53:38.192 [DATA] Command 'ar_telemetry' sent to map.
2026-09-17 18:53:38.207 [DATA] Command 'ar_telemetry' sent to map.
2026-09-17 18:53:38.223 [DATA] Command 'ar_telemetry' sent to map.
2026-09-17 18:53:38.238 [DATA] Command 'ar_telemetry' sent to map.
2026-09-17 18:53:38.254 [DATA] Command 'ar_telemetry' sent to map.
2026-09-17 18:53:38.269 [DATA] Command 'ar_telemetry' sent to map.
2026-09-17 18:53:38.284 [DATA] Command 'ar_telemetry' sent to map.
2026-09-17 18:53:38.299 [DATA] Command 'ar_telemetry' sent to map.
2026-09-17 18:53:38.315 [DATA] Command 'ar_telemetry' sent to map.
2026-09-17 18:53:38.330 [DATA] Command 'ar_telemetry' sent to map.
2026-09-17 18:53:38.361 [DATA] Command 'ar_telemetry' sent to map.
2026-09-17 18:53:38.376 [DATA] Command 'ar_telemetry' sent to map.
2026-09-17 18:53:38.488 [DATA] Command 'ar_telemetry' sent to map.
2026-09-17 18:53:38.498 [DATA] Command 'ar_telemetry' sent to map.
2026-09-17 18:53:38.513 [DATA] Command 'ar_telemetry' sent to map.
2026-09-17 18:53:38.528 [DATA] Command 'ar_telemetry' sent to map.
2026-09-17 18:53:38.544 [DATA] Command 'ar_telemetry' sent to map.
2026-09-17 18:53:38.559 [DATA] Command 'ar_telemetry' sent to map.
2026-09-17 18:53:38.574 [DATA] Command 'ar_telemetry' sent to map.
2026-09-17 18:53:38.589 [DATA] Command 'ar_telemetry' sent to map.
2026-09-17 18:53:38.605 [DATA] Command 'ar_telemetry' sent to map.
2026-09-17 18:53:38.619 [DATA] Command 'ar_telemetry' sent to map.
2026-09-17 18:53:38.640 [DATA] Command 'ar_telemetry' sent to map.
2026-09-17 18:53:38.650 [DATA] Command 'ar_telemetry' sent to map.
2026-09-17 18:53:38.680 [DATA] Command 'ar_telemetry' sent to map.
2026-09-17 18:53:38.695 [DATA] Command 'ar_telemetry' sent to map.
2026-09-17 18:53:38.710 [DATA] Command 'ar_telemetry' sent to map.
2026-09-17 18:53:38.725 [DATA] Command 'ar_telemetry' sent to map.
2026-09-17 18:53:38.741 [DATA] Command 'ar_telemetry' sent to map.
2026-09-17 18:53:38.756 [DATA] Command 'ar_telemetry' sent to map.
2026-09-17 18:53:38.771 [DATA] Command 'ar_telemetry' sent to map.
2026-09-17 18:53:38.786 [DATA] Command 'ar_telemetry' sent to map.
2026-09-17 18:53:38.801 [DATA] Command 'ar_telemetry' sent to map.
2026-09-17 18:53:38.817 [DATA] Command 'ar_telemetry' sent to map.
2026-09-17 18:53:38.832 [DATA] Command 'ar_telemetry' sent to map.
2026-09-17 18:53:38.847 [DATA] Command 'ar_telemetry' sent to map.
2026-09-17 18:53:38.862 [DATA] Command 'ar_telemetry' sent to map.
2026-09-17 18:53:38.878 [DATA] Command 'ar_telemetry' sent to map.
2026-09-17 18:53:38.894 [DATA] Command 'ar_telemetry' sent to map.
2026-09-17 18:53:38.909 [DATA] Command 'ar_telemetry' sent to map.
2026-09-17 18:53:38.923 [DATA] Command 'ar_telemetry' sent to map.
2026-09-17 18:53:38.939 [DATA] Command 'ar_telemetry' sent to map.
2026-09-17 18:53:38.954 [DATA] Command 'ar_telemetry' sent to map.
2026-09-17 18:53:38.984 [DATA] Command 'ar_telemetry' sent to map.
2026-09-17 18:53:39.000 [DATA] Command 'ar_telemetry' sent to map.
2026-09-17 18:53:39.015 [DATA] Command 'ar_telemetry' sent to map.
2026-09-17 18:53:39.031 [DATA] Command 'ar_telemetry' sent to map.
2026-09-17 18:53:39.045 [DATA] Command 'ar_telemetry' sent to map.
2026-09-17 18:53:39.061 [DATA] Command 'ar_telemetry' sent to map.
2026-09-17 18:53:39.077 [DATA] Command 'ar_telemetry' sent to map.
2026-09-17 18:53:39.088 [DATA] Command 'ar_telemetry' sent to map.
2026-09-17 18:53:39.108 [DATA] Command 'ar_telemetry' sent to map.
2026-09-17 18:53:39.123 [DATA] Command 'ar_telemetry' sent to map.
2026-09-17 18:53:39.139 [DATA] Command 'ar_telemetry' sent to map.
2026-09-17 18:53:39.154 [DATA] Command 'ar_telemetry' sent to map.
2026-09-17 18:53:39.168 [DATA] Command 'ar_telemetry' sent to map.
2026-09-17 18:53:39.183 [DATA] Command 'ar_telemetry' sent to map.
2026-09-17 18:53:39.199 [DATA] Command 'ar_telemetry' sent to map.
2026-09-17 18:53:39.214 [DATA] Command 'ar_telemetry' sent to map.
2026-09-17 18:53:39.229 [DATA] Command 'ar_telemetry' sent to map.
2026-09-17 18:53:39.245 [DATA] Command 'ar_telemetry' sent to map.
2026-09-17 18:53:39.259 [DATA] Command 'ar_telemetry' sent to map.
2026-09-17 18:53:39.275 [DATA] Command 'ar_telemetry' sent to map.
2026-09-17 18:53:39.290 [DATA] Command 'ar_telemetry' sent to map.
2026-09-17 18:53:39.320 [DATA] Command 'ar_telemetry' sent to map.
2026-09-17 18:53:39.336 [DATA] Command 'ar_telemetry' sent to map.
2026-09-17 18:53:39.351 [DATA] Command 'ar_telemetry' sent to map.
2026-09-17 18:53:39.366 [DATA] Command 'ar_telemetry' sent to map.
2026-09-17 18:53:39.382 [DATA] Command 'ar_telemetry' sent to map.
2026-09-17 18:53:39.397 [DATA] Command 'ar_telemetry' sent to map.
2026-09-17 18:53:39.412 [DATA] Command 'ar_telemetry' sent to map.
2026-09-17 18:53:39.427 [DATA] Command 'ar_telemetry' sent to map.
2026-09-17 18:53:39.443 [DATA] Command 'ar_telemetry' sent to map.
2026-09-17 18:53:39.457 [DATA] Command 'ar_telemetry' sent to map.
2026-09-17 18:53:39.473 [DATA] Command 'ar_telemetry' sent to map.
2026-09-17 18:53:39.488 [DATA] Command 'ar_telemetry' sent to map.
2026-09-17 18:53:39.504 [DATA] Command 'ar_telemetry' sent to map.
2026-09-17 18:53:39.518 [DATA] Command 'ar_telemetry' sent to map.
2026-09-17 18:53:39.534 [DATA] Command 'ar_telemetry' sent to map.
2026-09-17 18:53:39.549 [DATA] Command 'ar_telemetry' sent to map.
2026-09-17 18:53:39.564 [DATA] Command 'ar_telemetry' sent to map.
2026-09-17 18:53:39.580 [DATA] Command 'ar_telemetry' sent to map.
2026-09-17 18:53:39.595 [DATA] Command 'ar_telemetry' sent to map.
2026-09-17 18:53:39.626 [DATA] Command 'ar_telemetry' sent to map.
2026-09-17 18:53:39.640 [DATA] Command 'ar_telemetry' sent to map.
2026-09-17 18:53:39.655 [DATA] Command 'ar_telemetry' sent to map.
2026-09-17 18:53:39.670 [DATA] Command 'ar_telemetry' sent to map.
2026-09-17 18:53:39.685 [DATA] Command 'ar_telemetry' sent to map.
2026-09-17 18:53:39.701 [DATA] Command 'ar_telemetry' sent to map.
2026-09-17 18:53:39.716 [DATA] Command 'ar_telemetry' sent to map.
2026-09-17 18:53:39.731 [DATA] Command 'ar_telemetry' sent to map.
2026-09-17 18:53:39.747 [DATA] Command 'ar_telemetry' sent to map.
2026-09-17 18:53:39.762 [DATA] Command 'ar_telemetry' sent to map.
2026-09-17 18:53:39.777 [DATA] Command 'ar_telemetry' sent to map.
2026-09-17 18:53:39.793 [DATA] Command 'ar_telemetry' sent to map.
2026-09-17 18:53:39.808 [DATA] Command 'ar_telemetry' sent to map.
2026-09-17 18:53:39.823 [DATA] Command 'ar_telemetry' sent to map.
2026-09-17 18:53:39.839 [DATA] Command 'ar_telemetry' sent to map.
2026-09-17 18:53:39.853 [DATA] Command 'ar_telemetry' sent to map.
2026-09-17 18:53:39.868 [DATA] Command 'ar_telemetry' sent to map.
2026-09-17 18:53:39.884 [DATA] Command 'ar_telemetry' sent to map.
2026-09-17 18:53:39.899 [DATA] Command 'ar_telemetry' sent to map.
2026-09-17 18:53:39.914 [DATA] Command 'ar_telemetry' sent to map.
2026-09-17 18:53:39.931 [DATA] Command 'ar_telemetry' sent to map.
2026-09-17 18:53:39.959 [DATA] Command 'ar_telemetry' sent to map.
2026-09-17 18:53:39.975 [DATA] Command 'ar_telemetry' sent to map.
2026-09-17 18:53:39.990 [DATA] Command 'ar_telemetry' sent to map.
2026-09-17 18:53:40.005 [DATA] Command 'ar_telemetry' sent to map.
2026-09-17 18:53:40.021 [DATA] Command 'ar_telemetry' sent to map.
2026-09-17 18:53:40.036 [DATA] Command 'ar_telemetry' sent to map.
2026-09-17 18:53:40.052 [DATA] Command 'ar_telemetry' sent to map.
2026-09-17 18:53:40.069 [DATA] Command 'ar_telemetry' sent to map.
2026-09-17 18:53:40.082 [DATA] Command 'ar_telemetry' sent to map.
2026-09-17 18:53:40.098 [DATA] Command 'ar_telemetry' sent to map.
2026-09-17 18:53:40.113 [DATA] Command 'ar_telemetry' sent to map.
2026-09-17 18:53:40.128 [DATA] Command 'ar_telemetry' sent to map.
2026-09-17 18:53:40.144 [DATA] Command 'ar_telemetry' sent to map.
2026-09-17 18:53:40.159 [DATA] Command 'ar_telemetry' sent to map.
2026-09-17 18:53:40.174 [DATA] Command 'ar_telemetry' sent to map.
2026-09-17 18:53:40.189 [DATA] Command 'ar_telemetry' sent to map.
2026-09-17 18:53:40.204 [DATA] Command 'ar_telemetry' sent to map.
2026-09-17 18:53:40.220 [DATA] Command 'ar_telemetry' sent to map.
2026-09-17 18:53:40.235 [DATA] Command 'ar_telemetry' sent to map.
2026-09-17 18:53:40.250 [DATA] Command 'ar_telemetry' sent to map.
2026-09-17 18:53:40.281 [DATA] Command 'ar_telemetry' sent to map.
2026-09-17 18:53:40.295 [DATA] Command 'ar_telemetry' sent to map.
2026-09-17 18:53:40.311 [DATA] Command 'ar_telemetry' sent to map.
2026-09-17 18:53:40.326 [DATA] Command 'ar_telemetry' sent to map.
2026-09-17 18:53:40.342 [DATA] Command 'ar_telemetry' sent to map.
2026-09-17 18:53:40.357 [DATA] Command 'ar_telemetry' sent to map.
2026-09-17 18:53:40.372 [DATA] Command 'ar_telemetry' sent to map.
2026-09-17 18:53:40.388 [DATA] Command 'ar_telemetry' sent to map.
2026-09-17 18:53:40.490 [DATA] Command 'ar_telemetry' sent to map.
2026-09-17 18:53:40.494 [DATA] Command 'ar_telemetry' sent to map.
2026-09-17 18:53:40.509 [DATA] Command 'ar_telemetry' sent to map.
2026-09-17 18:53:40.525 [DATA] Command 'ar_telemetry' sent to map.
2026-09-17 18:53:40.540 [DATA] Command 'ar_telemetry' sent to map.
2026-09-17 18:53:40.556 [DATA] Command 'ar_telemetry' sent to map.
2026-09-17 18:53:40.570 [DATA] Command 'ar_telemetry' sent to map.
2026-09-17 18:53:40.585 [DATA] Command 'ar_telemetry' sent to map.
2026-09-17 18:53:40.616 [DATA] Command 'ar_telemetry' sent to map.
2026-09-17 18:53:40.631 [DATA] Command 'ar_telemetry' sent to map.
2026-09-17 18:53:40.651 [DATA] Command 'ar_telemetry' sent to map.
2026-09-17 18:53:40.662 [DATA] Command 'ar_telemetry' sent to map.
2026-09-17 18:53:40.677 [DATA] Command 'ar_telemetry' sent to map.
2026-09-17 18:53:40.693 [DATA] Command 'ar_telemetry' sent to map.
2026-09-17 18:53:40.708 [DATA] Command 'ar_telemetry' sent to map.
2026-09-17 18:53:40.724 [DATA] Command 'ar_telemetry' sent to map.
2026-09-17 18:53:40.738 [DATA] Command 'ar_telemetry' sent to map.
2026-09-17 18:53:40.753 [DATA] Command 'ar_telemetry' sent to map.
2026-09-17 18:53:40.769 [DATA] Command 'ar_telemetry' sent to map.
2026-09-17 18:53:40.784 [DATA] Command 'ar_telemetry' sent to map.
2026-09-17 18:53:40.799 [DATA] Command 'ar_telemetry' sent to map.
2026-09-17 18:53:40.814 [DATA] Command 'ar_telemetry' sent to map.
2026-09-17 18:53:40.829 [DATA] Command 'ar_telemetry' sent to map.
2026-09-17 18:53:40.844 [DATA] Command 'ar_telemetry' sent to map.
2026-09-17 18:53:40.859 [DATA] Command 'ar_telemetry' sent to map.
2026-09-17 18:53:40.874 [DATA] Command 'ar_telemetry' sent to map.
2026-09-17 18:53:40.904 [DATA] Command 'ar_telemetry' sent to map.
2026-09-17 18:53:40.920 [DATA] Command 'ar_telemetry' sent to map.
2026-09-17 18:53:40.935 [DATA] Command 'ar_telemetry' sent to map.
2026-09-17 18:53:40.937 [DATA] Command 'ar_telemetry' sent to map.
2026-09-17 18:53:40.966 [DATA] Command 'ar_telemetry' sent to map.
2026-09-17 18:53:40.981 [DATA] Command 'ar_telemetry' sent to map.
2026-09-17 18:53:40.997 [DATA] Command 'ar_telemetry' sent to map.
2026-09-17 18:53:41.012 [DATA] Command 'ar_telemetry' sent to map.
2026-09-17 18:53:41.027 [DATA] Command 'ar_telemetry' sent to map.
2026-09-17 18:53:41.042 [DATA] Command 'ar_telemetry' sent to map.
2026-09-17 18:53:41.057 [DATA] Command 'ar_telemetry' sent to map.
2026-09-17 18:53:41.072 [DATA] [QUEST][DIAG] Ruslan: enabled=True status=Available step=available paused=False build=built marker=yellow_exclamation map=True ar=True interactive=True point=(146529,0,111,6,-60981,0) truck=(146424,5,111,6,-60957,5) dist=107,2m trigger=35,0m inside=False override=none
2026-09-17 18:53:41.073 [DATA] [QUEST][DIAG] AR: truckKnown=True cameraValid=True camera=(0,0,0,0,0,0) arDisplayRadius=5 globalPoints=5748 nearSig= questStatePoints=1 ruslanInQuestState=True
2026-09-17 18:53:41.073 [DATA] [QUEST][DIAG] PIPE: definitions=1 activeQuest=False ruslanName=Шашлычник Руслан
2026-09-17 18:53:41.074 [DATA] Command 'ar_telemetry' sent to map.
2026-09-17 18:53:41.088 [DATA] Command 'ar_telemetry' sent to map.
2026-09-17 18:53:41.103 [DATA] Command 'ar_telemetry' sent to map.
2026-09-17 18:53:41.119 [DATA] Command 'ar_telemetry' sent to map.
2026-09-17 18:53:41.134 [DATA] Command 'ar_telemetry' sent to map.
2026-09-17 18:53:41.149 [DATA] Command 'ar_telemetry' sent to map.
2026-09-17 18:53:41.164 [DATA] Command 'ar_telemetry' sent to map.
2026-09-17 18:53:41.179 [DATA] Command 'ar_telemetry' sent to map.
2026-09-17 18:53:41.195 [DATA] Command 'ar_telemetry' sent to map.
2026-09-17 18:53:41.210 [DATA] Command 'ar_telemetry' sent to map.
2026-09-17 18:53:41.240 [DATA] Command 'ar_telemetry' sent to map.
2026-09-17 18:53:41.255 [DATA] Command 'ar_telemetry' sent to map.
2026-09-17 18:53:41.271 [DATA] Command 'ar_telemetry' sent to map.
2026-09-17 18:53:41.286 [DATA] Command 'ar_telemetry' sent to map.
2026-09-17 18:53:41.302 [DATA] Command 'ar_telemetry' sent to map.
2026-09-17 18:53:41.317 [DATA] Command 'ar_telemetry' sent to map.
2026-09-17 18:53:41.332 [DATA] Command 'ar_telemetry' sent to map.
2026-09-17 18:53:41.347 [DATA] Command 'ar_telemetry' sent to map.
2026-09-17 18:53:41.363 [DATA] Command 'ar_telemetry' sent to map.
2026-09-17 18:53:41.378 [DATA] Command 'ar_telemetry' sent to map.
2026-09-17 18:53:41.393 [DATA] Command 'ar_telemetry' sent to map.
2026-09-17 18:53:41.409 [DATA] Command 'ar_telemetry' sent to map.
2026-09-17 18:53:41.424 [DATA] Command 'ar_telemetry' sent to map.
2026-09-17 18:53:41.440 [DATA] Command 'ar_telemetry' sent to map.
2026-09-17 18:53:41.454 [DATA] Command 'ar_telemetry' sent to map.
2026-09-17 18:53:41.470 [DATA] Command 'ar_telemetry' sent to map.
2026-09-17 18:53:41.485 [DATA] Command 'ar_telemetry' sent to map.
2026-09-17 18:53:41.500 [DATA] Command 'ar_telemetry' sent to map.
2026-09-17 18:53:41.515 [DATA] Command 'ar_telemetry' sent to map.
2026-09-17 18:53:41.530 [DATA] Command 'ar_telemetry' sent to map.
2026-09-17 18:53:41.561 [DATA] Command 'ar_telemetry' sent to map.
2026-09-17 18:53:41.576 [DATA] Command 'ar_telemetry' sent to map.
2026-09-17 18:53:41.591 [DATA] Command 'ar_telemetry' sent to map.
2026-09-17 18:53:41.607 [DATA] Command 'ar_telemetry' sent to map.
2026-09-17 18:53:41.622 [DATA] Command 'ar_telemetry' sent to map.
2026-09-17 18:53:41.637 [DATA] Command 'ar_telemetry' sent to map.
2026-09-17 18:53:41.652 [DATA] Command 'ar_telemetry' sent to map.
2026-09-17 18:53:41.667 [DATA] Command 'ar_telemetry' sent to map.
2026-09-17 18:53:41.683 [DATA] Command 'ar_telemetry' sent to map.
2026-09-17 18:53:41.698 [DATA] Command 'ar_telemetry' sent to map.
2026-09-17 18:53:41.713 [DATA] Command 'ar_telemetry' sent to map.
2026-09-17 18:53:41.730 [DATA] Command 'ar_telemetry' sent to map.
2026-09-17 18:53:41.745 [DATA] Command 'ar_telemetry' sent to map.
2026-09-17 18:53:41.759 [DATA] Command 'ar_telemetry' sent to map.
2026-09-17 18:53:41.774 [DATA] Command 'ar_telemetry' sent to map.
2026-09-17 18:53:41.790 [DATA] Command 'ar_telemetry' sent to map.
2026-09-17 18:53:41.805 [DATA] Command 'ar_telemetry' sent to map.
2026-09-17 18:53:41.821 [DATA] Command 'ar_telemetry' sent to map.
2026-09-17 18:53:41.836 [DATA] Command 'ar_telemetry' sent to map.
2026-09-17 18:53:41.851 [DATA] Command 'ar_telemetry' sent to map.
2026-09-17 18:53:41.881 [DATA] Command 'ar_telemetry' sent to map.
2026-09-17 18:53:41.896 [DATA] Command 'ar_telemetry' sent to map.
2026-09-17 18:53:41.911 [DATA] Command 'ar_telemetry' sent to map.
2026-09-17 18:53:41.927 [DATA] Command 'ar_telemetry' sent to map.
2026-09-17 18:53:41.942 [DATA] Command 'ar_telemetry' sent to map.
2026-09-17 18:53:41.957 [DATA] Command 'ar_telemetry' sent to map.
2026-09-17 18:53:41.972 [DATA] Command 'ar_telemetry' sent to map.
2026-09-17 18:53:41.987 [DATA] Command 'ar_telemetry' sent to map.
2026-09-17 18:53:42.002 [DATA] Command 'ar_telemetry' sent to map.
2026-09-17 18:53:42.018 [DATA] Command 'ar_telemetry' sent to map.
2026-09-17 18:53:42.033 [DATA] Command 'ar_telemetry' sent to map.
2026-09-17 18:53:42.049 [DATA] Command 'ar_telemetry' sent to map.
2026-09-17 18:53:42.064 [DATA] Command 'ar_telemetry' sent to map.
2026-09-17 18:53:42.079 [DATA] Command 'ar_telemetry' sent to map.
2026-09-17 18:53:42.095 [DATA] Command 'ar_telemetry' sent to map.
2026-09-17 18:53:42.109 [DATA] Command 'ar_telemetry' sent to map.
2026-09-17 18:53:42.124 [DATA] Command 'ar_telemetry' sent to map.
2026-09-17 18:53:42.140 [DATA] Command 'ar_telemetry' sent to map.
2026-09-17 18:53:42.155 [DATA] Command 'ar_telemetry' sent to map.
2026-09-17 18:53:42.170 [DATA] Command 'ar_telemetry' sent to map.
2026-09-17 18:53:42.186 [DATA] Command 'ar_telemetry' sent to map.
2026-09-17 18:53:42.216 [DATA] Command 'ar_telemetry' sent to map.
2026-09-17 18:53:42.232 [DATA] Command 'ar_telemetry' sent to map.
2026-09-17 18:53:42.247 [DATA] Command 'ar_telemetry' sent to map.
2026-09-17 18:53:42.263 [DATA] Command 'ar_telemetry' sent to map.
2026-09-17 18:53:42.278 [DATA] Command 'ar_telemetry' sent to map.
2026-09-17 18:53:42.293 [DATA] Command 'ar_telemetry' sent to map.
2026-09-17 18:53:42.308 [DATA] Command 'ar_telemetry' sent to map.
2026-09-17 18:53:42.324 [DATA] Command 'ar_telemetry' sent to map.
2026-09-17 18:53:42.338 [DATA] Command 'ar_telemetry' sent to map.
2026-09-17 18:53:42.354 [DATA] Command 'ar_telemetry' sent to map.
2026-09-17 18:53:42.371 [DATA] Command 'ar_telemetry' sent to map.
2026-09-17 18:53:42.392 [DATA] Command 'ar_telemetry' sent to map.
2026-09-17 18:53:42.400 [DATA] Command 'ar_telemetry' sent to map.
2026-09-17 18:53:42.415 [DATA] Command 'ar_telemetry' sent to map.
2026-09-17 18:53:42.431 [DATA] Command 'ar_telemetry' sent to map.
2026-09-17 18:53:42.442 [DATA] [TRUCK] приём: WS=3239 REST=197 без-placement=0 битых=0 применено=3436 live=True возраст_данных=0,0с
2026-09-17 18:53:42.445 [DATA] Command 'ar_telemetry' sent to map.
2026-09-17 18:53:42.461 [DATA] Command 'ar_telemetry' sent to map.
2026-09-17 18:53:42.476 [DATA] Command 'ar_telemetry' sent to map.
2026-09-17 18:53:42.492 [DATA] Command 'ar_telemetry' sent to map.
2026-09-17 18:53:42.507 [DATA] Command 'ar_telemetry' sent to map.
2026-09-17 18:53:42.523 [DATA] Command 'ar_telemetry' sent to map.
2026-09-17 18:53:42.552 [DATA] Command 'ar_telemetry' sent to map.
2026-09-17 18:53:42.570 [DATA] Command 'ar_telemetry' sent to map.
2026-09-17 18:53:42.599 [DATA] Command 'ar_telemetry' sent to map.
2026-09-17 18:53:42.614 [DATA] Command 'ar_telemetry' sent to map.
2026-09-17 18:53:42.624 [DATA] [AR] ground plane: plane origin=(146432.00,111.59,-60961.00) N=(-0.0060,1.0000,0.0035) avgWheelH=111.589 refH=111.591 maxRes=0.0000 used=4 wheels=4 | режим=по колёсам | измеренный уклон=0 мм
2026-09-17 18:53:42.624 [DATA] [AR] pose 'ws': truck=146431,85,111,60,-60960,99 camera=146433,17,114,12,-60962,34 fwd=0,922,-0,139,-0,363 up=0,129,0,990,-0,050 ground=111,59.
2026-09-17 18:53:42.630 [DATA] Command 'ar_telemetry' sent to map.
2026-09-17 18:53:42.645 [DATA] Command 'ar_telemetry' sent to map.
2026-09-17 18:53:42.665 [DATA] Command 'ar_telemetry' sent to map.
2026-09-17 18:53:42.676 [DATA] Command 'ar_telemetry' sent to map.
2026-09-17 18:53:42.691 [DATA] Command 'ar_telemetry' sent to map.
2026-09-17 18:53:42.706 [DATA] [AR] tick alive: known=True changed=True forced=False head=True pts=5748 x=146432,4 z=-60961,2
2026-09-17 18:53:42.707 [DATA] Command 'ar_telemetry' sent to map.
2026-09-17 18:53:42.721 [DATA] Command 'ar_telemetry' sent to map.
2026-09-17 18:53:42.736 [DATA] Command 'ar_telemetry' sent to map.
2026-09-17 18:53:42.751 [DATA] Command 'ar_telemetry' sent to map.
2026-09-17 18:53:42.766 [DATA] Command 'ar_telemetry' sent to map.
2026-09-17 18:53:42.781 [DATA] Command 'ar_telemetry' sent to map.
2026-09-17 18:53:42.796 [DATA] Command 'ar_telemetry' sent to map.
2026-09-17 18:53:42.811 [DATA] Command 'ar_telemetry' sent to map.
2026-09-17 18:53:42.826 [DATA] Command 'ar_telemetry' sent to map.
2026-09-17 18:53:42.841 [DATA] Command 'ar_telemetry' sent to map.
2026-09-17 18:53:42.871 [DATA] Command 'ar_telemetry' sent to map.
2026-09-17 18:53:42.887 [DATA] Command 'ar_telemetry' sent to map.
2026-09-17 18:53:42.902 [DATA] Command 'ar_telemetry' sent to map.
2026-09-17 18:53:42.917 [DATA] Command 'ar_telemetry' sent to map.
2026-09-17 18:53:42.932 [DATA] Command 'ar_telemetry' sent to map.
2026-09-17 18:53:42.947 [DATA] Command 'ar_telemetry' sent to map.
2026-09-17 18:53:42.962 [DATA] Command 'ar_telemetry' sent to map.
2026-09-17 18:53:42.978 [DATA] Command 'ar_telemetry' sent to map.
2026-09-17 18:53:42.993 [DATA] Command 'ar_telemetry' sent to map.
2026-09-17 18:53:43.008 [DATA] Command 'ar_telemetry' sent to map.
2026-09-17 18:53:43.023 [DATA] Command 'ar_telemetry' sent to map.
2026-09-17 18:53:43.039 [DATA] Command 'ar_telemetry' sent to map.
2026-09-17 18:53:43.055 [DATA] Command 'ar_telemetry' sent to map.
2026-09-17 18:53:43.070 [DATA] Command 'ar_telemetry' sent to map.
2026-09-17 18:53:43.085 [DATA] Command 'ar_telemetry' sent to map.
2026-09-17 18:53:43.101 [DATA] Command 'ar_telemetry' sent to map.
2026-09-17 18:53:43.115 [DATA] Command 'ar_telemetry' sent to map.
2026-09-17 18:53:43.131 [DATA] Command 'ar_telemetry' sent to map.
2026-09-17 18:53:43.146 [DATA] Command 'ar_telemetry' sent to map.
2026-09-17 18:53:43.176 [DATA] Command 'ar_telemetry' sent to map.
2026-09-17 18:53:43.191 [DATA] Command 'ar_telemetry' sent to map.
2026-09-17 18:53:43.207 [DATA] Command 'ar_telemetry' sent to map.
2026-09-17 18:53:43.221 [DATA] [OVR] load_order.txt: [custom_map1.json, test_targets.json] (снизу=низший приоритет)
2026-09-17 18:53:43.222 [DATA] Command 'ar_telemetry' sent to map.
2026-09-17 18:53:43.226 [DATA] [OVR] файл из load_order не найден: custom_map1.json (пропущен)
2026-09-17 18:53:43.227 [DATA] [OVR] прочитан test_targets.json: записей=1
2026-09-17 18:53:43.227 [DATA] [OVR]   test_targets.json -> random: 119646.75, 0.00, -53344.43
2026-09-17 18:53:43.232 [DATA] [AR] Модель точек без изменений: 5748.
2026-09-17 18:53:43.237 [DATA] Command 'ar_telemetry' sent to map.
2026-09-17 18:53:43.252 [DATA] Command 'ar_telemetry' sent to map.
2026-09-17 18:53:43.268 [DATA] Command 'ar_telemetry' sent to map.
2026-09-17 18:53:43.284 [DATA] Command 'ar_telemetry' sent to map.
2026-09-17 18:53:43.299 [DATA] Command 'ar_telemetry' sent to map.
2026-09-17 18:53:43.315 [DATA] Command 'ar_telemetry' sent to map.
2026-09-17 18:53:43.330 [DATA] Command 'ar_telemetry' sent to map.
2026-09-17 18:53:43.346 [DATA] Command 'ar_telemetry' sent to map.
2026-09-17 18:53:43.360 [DATA] Command 'ar_telemetry' sent to map.
2026-09-17 18:53:43.375 [DATA] Command 'ar_telemetry' sent to map.
2026-09-17 18:53:43.390 [DATA] Command 'ar_telemetry' sent to map.
2026-09-17 18:53:43.405 [DATA] Command 'ar_telemetry' sent to map.
2026-09-17 18:53:43.420 [DATA] Command 'ar_telemetry' sent to map.
2026-09-17 18:53:43.435 [DATA] Command 'ar_telemetry' sent to map.
2026-09-17 18:53:43.450 [DATA] Command 'ar_telemetry' sent to map.
2026-09-17 18:53:43.466 [DATA] Command 'ar_telemetry' sent to map.
2026-09-17 18:53:43.496 [DATA] Command 'ar_telemetry' sent to map.
2026-09-17 18:53:43.511 [DATA] Command 'ar_telemetry' sent to map.
2026-09-17 18:53:43.526 [DATA] Command 'ar_telemetry' sent to map.
2026-09-17 18:53:43.541 [DATA] Command 'ar_telemetry' sent to map.
2026-09-17 18:53:43.556 [DATA] Command 'ar_telemetry' sent to map.
2026-09-17 18:53:43.576 [DATA] Command 'ar_telemetry' sent to map.
2026-09-17 18:53:43.586 [DATA] Command 'ar_telemetry' sent to map.
2026-09-17 18:53:43.602 [DATA] Command 'ar_telemetry' sent to map.
2026-09-17 18:53:43.617 [DATA] Command 'ar_telemetry' sent to map.
2026-09-17 18:53:43.632 [DATA] Command 'ar_telemetry' sent to map.
2026-09-17 18:53:43.647 [DATA] Command 'ar_telemetry' sent to map.
2026-09-17 18:53:43.663 [DATA] Command 'ar_telemetry' sent to map.
2026-09-17 18:53:43.678 [DATA] Command 'ar_telemetry' sent to map.
2026-09-17 18:53:43.693 [DATA] Command 'ar_telemetry' sent to map.
2026-09-17 18:53:43.708 [DATA] Command 'ar_telemetry' sent to map.
2026-09-17 18:53:43.723 [DATA] Command 'ar_telemetry' sent to map.
2026-09-17 18:53:43.738 [DATA] Command 'ar_telemetry' sent to map.
2026-09-17 18:53:43.753 [DATA] Command 'ar_telemetry' sent to map.
2026-09-17 18:53:43.783 [DATA] Command 'ar_telemetry' sent to map.
2026-09-17 18:53:43.798 [DATA] Command 'ar_telemetry' sent to map.
2026-09-17 18:53:43.813 [DATA] Command 'ar_telemetry' sent to map.
2026-09-17 18:53:43.829 [DATA] Command 'ar_telemetry' sent to map.
2026-09-17 18:53:43.844 [DATA] Command 'ar_telemetry' sent to map.
2026-09-17 18:53:43.859 [DATA] Command 'ar_telemetry' sent to map.
2026-09-17 18:53:43.874 [DATA] Command 'ar_telemetry' sent to map.
2026-09-17 18:53:43.889 [DATA] Command 'ar_telemetry' sent to map.
2026-09-17 18:53:43.907 [DATA] Command 'ar_telemetry' sent to map.
2026-09-17 18:53:43.920 [DATA] Command 'ar_telemetry' sent to map.
2026-09-17 18:53:43.935 [DATA] Command 'ar_telemetry' sent to map.
2026-09-17 18:53:43.950 [DATA] Command 'ar_telemetry' sent to map.
2026-09-17 18:53:43.965 [DATA] Command 'ar_telemetry' sent to map.
2026-09-17 18:53:43.980 [DATA] Command 'ar_telemetry' sent to map.
2026-09-17 18:53:43.996 [DATA] Command 'ar_telemetry' sent to map.
2026-09-17 18:53:44.010 [DATA] Command 'ar_telemetry' sent to map.
2026-09-17 18:53:44.040 [DATA] Command 'ar_telemetry' sent to map.
2026-09-17 18:53:44.056 [DATA] Command 'ar_telemetry' sent to map.
2026-09-17 18:53:44.071 [DATA] Command 'ar_telemetry' sent to map.
2026-09-17 18:53:44.076 [DATA] Command 'ar_telemetry' sent to map.
2026-09-17 18:53:44.101 [DATA] Command 'ar_telemetry' sent to map.
2026-09-17 18:53:44.116 [DATA] Command 'ar_telemetry' sent to map.
2026-09-17 18:53:44.131 [DATA] Command 'ar_telemetry' sent to map.
2026-09-17 18:53:44.147 [DATA] Command 'ar_telemetry' sent to map.
2026-09-17 18:53:44.162 [DATA] Command 'ar_telemetry' sent to map.
2026-09-17 18:53:44.176 [DATA] Command 'ar_telemetry' sent to map.
2026-09-17 18:53:44.192 [DATA] Command 'ar_telemetry' sent to map.
2026-09-17 18:53:44.207 [DATA] Command 'ar_telemetry' sent to map.
2026-09-17 18:53:44.222 [DATA] Command 'ar_telemetry' sent to map.
2026-09-17 18:53:44.237 [DATA] Command 'ar_telemetry' sent to map.
2026-09-17 18:53:44.252 [DATA] Command 'ar_telemetry' sent to map.
2026-09-17 18:53:44.267 [DATA] Command 'ar_telemetry' sent to map.
2026-09-17 18:53:44.283 [DATA] Command 'ar_telemetry' sent to map.
2026-09-17 18:53:44.298 [DATA] Command 'ar_telemetry' sent to map.
2026-09-17 18:53:44.313 [DATA] Command 'ar_telemetry' sent to map.
2026-09-17 18:53:44.344 [DATA] Command 'ar_telemetry' sent to map.
2026-09-17 18:53:44.359 [DATA] Command 'ar_telemetry' sent to map.
2026-09-17 18:53:44.374 [DATA] Command 'ar_telemetry' sent to map.
2026-09-17 18:53:44.475 [DATA] Command 'ar_telemetry' sent to map.
2026-09-17 18:53:44.479 [DATA] Command 'ar_telemetry' sent to map.
2026-09-17 18:53:44.495 [DATA] Command 'ar_telemetry' sent to map.
2026-09-17 18:53:44.510 [DATA] Command 'ar_telemetry' sent to map.
2026-09-17 18:53:44.525 [DATA] Command 'ar_telemetry' sent to map.
2026-09-17 18:53:44.540 [DATA] Command 'ar_telemetry' sent to map.
2026-09-17 18:53:44.554 [DATA] Command 'ar_telemetry' sent to map.
2026-09-17 18:53:44.585 [DATA] Command 'ar_telemetry' sent to map.
2026-09-17 18:53:44.600 [DATA] Command 'ar_telemetry' sent to map.
2026-09-17 18:53:44.615 [DATA] Command 'ar_telemetry' sent to map.
2026-09-17 18:53:44.631 [DATA] Command 'ar_telemetry' sent to map.
2026-09-17 18:53:44.646 [DATA] Command 'ar_telemetry' sent to map.
2026-09-17 18:53:44.661 [DATA] Command 'ar_telemetry' sent to map.
2026-09-17 18:53:44.681 [DATA] Command 'ar_telemetry' sent to map.
2026-09-17 18:53:44.691 [DATA] Command 'ar_telemetry' sent to map.
2026-09-17 18:53:44.706 [DATA] Command 'ar_telemetry' sent to map.
2026-09-17 18:53:44.721 [DATA] Command 'ar_telemetry' sent to map.
2026-09-17 18:53:44.736 [DATA] Command 'ar_telemetry' sent to map.
2026-09-17 18:53:44.751 [DATA] Command 'ar_telemetry' sent to map.
2026-09-17 18:53:44.766 [DATA] Command 'ar_telemetry' sent to map.
2026-09-17 18:53:44.781 [DATA] Command 'ar_telemetry' sent to map.
2026-09-17 18:53:44.797 [DATA] Command 'ar_telemetry' sent to map.
2026-09-17 18:53:44.812 [DATA] Command 'ar_telemetry' sent to map.
2026-09-17 18:53:44.827 [DATA] Command 'ar_telemetry' sent to map.
2026-09-17 18:53:44.857 [DATA] Command 'ar_telemetry' sent to map.
2026-09-17 18:53:44.872 [DATA] Command 'ar_telemetry' sent to map.
2026-09-17 18:53:44.887 [DATA] Command 'ar_telemetry' sent to map.
2026-09-17 18:53:44.903 [DATA] Command 'ar_telemetry' sent to map.
2026-09-17 18:53:44.918 [DATA] Command 'ar_telemetry' sent to map.
2026-09-17 18:53:44.933 [DATA] Command 'ar_telemetry' sent to map.
2026-09-17 18:53:44.948 [DATA] Command 'ar_telemetry' sent to map.
2026-09-17 18:53:44.963 [DATA] Command 'ar_telemetry' sent to map.
2026-09-17 18:53:44.981 [DATA] Command 'ar_telemetry' sent to map.
2026-09-17 18:53:44.994 [DATA] Command 'ar_telemetry' sent to map.
2026-09-17 18:53:45.009 [DATA] Command 'ar_telemetry' sent to map.
2026-09-17 18:53:45.025 [DATA] Command 'ar_telemetry' sent to map.
2026-09-17 18:53:45.039 [DATA] Command 'ar_telemetry' sent to map.
2026-09-17 18:53:45.055 [DATA] Command 'ar_telemetry' sent to map.
2026-09-17 18:53:45.070 [DATA] Command 'ar_telemetry' sent to map.
2026-09-17 18:53:45.085 [DATA] Command 'ar_telemetry' sent to map.
2026-09-17 18:53:45.099 [DATA] Command 'ar_telemetry' sent to map.
2026-09-17 18:53:45.115 [DATA] Command 'ar_telemetry' sent to map.
2026-09-17 18:53:45.146 [DATA] Command 'ar_telemetry' sent to map.
2026-09-17 18:53:45.161 [DATA] Command 'ar_telemetry' sent to map.
2026-09-17 18:53:45.176 [DATA] Command 'ar_telemetry' sent to map.
2026-09-17 18:53:45.191 [DATA] Command 'ar_telemetry' sent to map.
2026-09-17 18:53:45.206 [DATA] Command 'ar_telemetry' sent to map.
2026-09-17 18:53:45.221 [DATA] Command 'ar_telemetry' sent to map.
2026-09-17 18:53:45.236 [DATA] Command 'ar_telemetry' sent to map.
2026-09-17 18:53:45.251 [DATA] Command 'ar_telemetry' sent to map.
2026-09-17 18:53:45.267 [DATA] Command 'ar_telemetry' sent to map.
2026-09-17 18:53:45.282 [DATA] Command 'ar_telemetry' sent to map.
2026-09-17 18:53:45.297 [DATA] Command 'ar_telemetry' sent to map.
2026-09-17 18:53:45.312 [DATA] Command 'ar_telemetry' sent to map.
2026-09-17 18:53:45.327 [DATA] Command 'ar_telemetry' sent to map.
2026-09-17 18:53:45.343 [DATA] Command 'ar_telemetry' sent to map.
2026-09-17 18:53:45.358 [DATA] Command 'ar_telemetry' sent to map.
2026-09-17 18:53:45.372 [DATA] Command 'ar_telemetry' sent to map.
2026-09-17 18:53:45.387 [DATA] Command 'ar_telemetry' sent to map.
2026-09-17 18:53:45.417 [DATA] Command 'ar_telemetry' sent to map.
2026-09-17 18:53:45.432 [DATA] Command 'ar_telemetry' sent to map.
2026-09-17 18:53:45.447 [DATA] Command 'ar_telemetry' sent to map.
2026-09-17 18:53:45.462 [DATA] Command 'ar_telemetry' sent to map.
2026-09-17 18:53:45.476 [DATA] Command 'ar_telemetry' sent to map.
2026-09-17 18:53:45.492 [DATA] Command 'ar_telemetry' sent to map.
2026-09-17 18:53:45.507 [DATA] Command 'ar_telemetry' sent to map.
2026-09-17 18:53:45.523 [DATA] Command 'ar_telemetry' sent to map.
2026-09-17 18:53:45.538 [DATA] Command 'ar_telemetry' sent to map.
2026-09-17 18:53:45.553 [DATA] Command 'ar_telemetry' sent to map.
2026-09-17 18:53:45.568 [DATA] Command 'ar_telemetry' sent to map.
2026-09-17 18:53:45.583 [DATA] Command 'ar_telemetry' sent to map.
2026-09-17 18:53:45.598 [DATA] Command 'ar_telemetry' sent to map.
2026-09-17 18:53:45.614 [DATA] Command 'ar_telemetry' sent to map.
2026-09-17 18:53:45.629 [DATA] Command 'ar_telemetry' sent to map.
2026-09-17 18:53:45.645 [DATA] Command 'ar_telemetry' sent to map.
2026-09-17 18:53:45.660 [DATA] Command 'ar_telemetry' sent to map.
2026-09-17 18:53:45.675 [DATA] Command 'ar_telemetry' sent to map.
2026-09-17 18:53:45.691 [DATA] Command 'ar_telemetry' sent to map.
2026-09-17 18:53:45.721 [DATA] Command 'ar_telemetry' sent to map.
2026-09-17 18:53:45.736 [DATA] Command 'ar_telemetry' sent to map.
2026-09-17 18:53:45.752 [DATA] Command 'ar_telemetry' sent to map.
2026-09-17 18:53:45.767 [DATA] Command 'ar_telemetry' sent to map.
2026-09-17 18:53:45.782 [DATA] Command 'ar_telemetry' sent to map.
2026-09-17 18:53:45.798 [DATA] Command 'ar_telemetry' sent to map.
2026-09-17 18:53:45.813 [DATA] Command 'ar_telemetry' sent to map.
2026-09-17 18:53:45.828 [DATA] Command 'ar_telemetry' sent to map.
2026-09-17 18:53:45.843 [DATA] Command 'ar_telemetry' sent to map.
2026-09-17 18:53:45.858 [DATA] Command 'ar_telemetry' sent to map.
2026-09-17 18:53:45.873 [DATA] Command 'ar_telemetry' sent to map.
2026-09-17 18:53:45.888 [DATA] Command 'ar_telemetry' sent to map.
2026-09-17 18:53:45.903 [DATA] Command 'ar_telemetry' sent to map.
2026-09-17 18:53:45.918 [DATA] Command 'ar_telemetry' sent to map.
2026-09-17 18:53:45.934 [DATA] Command 'ar_telemetry' sent to map.
2026-09-17 18:53:45.949 [DATA] Command 'ar_telemetry' sent to map.
2026-09-17 18:53:45.965 [DATA] Command 'ar_telemetry' sent to map.
2026-09-17 18:53:45.980 [DATA] Command 'ar_telemetry' sent to map.
2026-09-17 18:53:45.996 [DATA] Command 'ar_telemetry' sent to map.
2026-09-17 18:53:46.010 [DATA] Command 'ar_telemetry' sent to map.
2026-09-17 18:53:46.040 [DATA] Command 'ar_telemetry' sent to map.
2026-09-17 18:53:46.055 [DATA] Command 'ar_telemetry' sent to map.
2026-09-17 18:53:46.071 [DATA] Command 'ar_telemetry' sent to map.
2026-09-17 18:53:46.077 [DATA] [QUEST][DIAG] Ruslan: enabled=True status=Available step=available paused=False build=built marker=yellow_exclamation map=True ar=True interactive=True point=(146529,0,111,6,-60981,0) truck=(146456,4,111,6,-60972,8) dist=73,1m trigger=35,0m inside=False override=none
2026-09-17 18:53:46.077 [DATA] [QUEST][DIAG] AR: truckKnown=True cameraValid=True camera=(0,0,0,0,0,0) arDisplayRadius=5 globalPoints=5748 nearSig= questStatePoints=1 ruslanInQuestState=True
2026-09-17 18:53:46.077 [DATA] [QUEST][DIAG] PIPE: definitions=1 activeQuest=False ruslanName=Шашлычник Руслан
2026-09-17 18:53:46.085 [DATA] Command 'ar_telemetry' sent to map.
2026-09-17 18:53:46.100 [DATA] Command 'ar_telemetry' sent to map.
2026-09-17 18:53:46.116 [DATA] Command 'ar_telemetry' sent to map.
2026-09-17 18:53:46.131 [DATA] Command 'ar_telemetry' sent to map.
2026-09-17 18:53:46.146 [DATA] Command 'ar_telemetry' sent to map.
2026-09-17 18:53:46.162 [DATA] Command 'ar_telemetry' sent to map.
2026-09-17 18:53:46.177 [DATA] Command 'ar_telemetry' sent to map.
2026-09-17 18:53:46.192 [DATA] Command 'ar_telemetry' sent to map.
2026-09-17 18:53:46.207 [DATA] Command 'ar_telemetry' sent to map.
2026-09-17 18:53:46.222 [DATA] Command 'ar_telemetry' sent to map.
2026-09-17 18:53:46.238 [DATA] Command 'ar_telemetry' sent to map.
2026-09-17 18:53:46.253 [DATA] Command 'ar_telemetry' sent to map.
2026-09-17 18:53:46.269 [DATA] Command 'ar_telemetry' sent to map.
2026-09-17 18:53:46.284 [DATA] Command 'ar_telemetry' sent to map.
2026-09-17 18:53:46.299 [DATA] Command 'ar_telemetry' sent to map.
2026-09-17 18:53:46.314 [DATA] Command 'ar_telemetry' sent to map.
2026-09-17 18:53:46.346 [DATA] Command 'ar_telemetry' sent to map.
2026-09-17 18:53:46.360 [DATA] Command 'ar_telemetry' sent to map.
2026-09-17 18:53:46.375 [DATA] Command 'ar_telemetry' sent to map.
2026-09-17 18:53:46.394 [DATA] Command 'ar_telemetry' sent to map.
2026-09-17 18:53:46.405 [DATA] Command 'ar_telemetry' sent to map.
2026-09-17 18:53:46.420 [DATA] Command 'ar_telemetry' sent to map.
2026-09-17 18:53:46.435 [DATA] Command 'ar_telemetry' sent to map.
2026-09-17 18:53:46.450 [DATA] Command 'ar_telemetry' sent to map.
2026-09-17 18:53:46.465 [DATA] Command 'ar_telemetry' sent to map.
2026-09-17 18:53:46.480 [DATA] Command 'ar_telemetry' sent to map.
2026-09-17 18:53:46.495 [DATA] Command 'ar_telemetry' sent to map.
2026-09-17 18:53:46.511 [DATA] Command 'ar_telemetry' sent to map.
2026-09-17 18:53:46.526 [DATA] Command 'ar_telemetry' sent to map.
2026-09-17 18:53:46.541 [DATA] Command 'ar_telemetry' sent to map.
2026-09-17 18:53:46.556 [DATA] Command 'ar_telemetry' sent to map.
2026-09-17 18:53:46.573 [DATA] Command 'ar_telemetry' sent to map.
2026-09-17 18:53:46.603 [DATA] Command 'ar_telemetry' sent to map.
2026-09-17 18:53:46.617 [DATA] Command 'ar_telemetry' sent to map.
2026-09-17 18:53:46.633 [DATA] Command 'ar_telemetry' sent to map.
2026-09-17 18:53:46.647 [DATA] Command 'ar_telemetry' sent to map.
2026-09-17 18:53:46.662 [DATA] Command 'ar_telemetry' sent to map.
2026-09-17 18:53:46.678 [DATA] Command 'ar_telemetry' sent to map.
2026-09-17 18:53:46.697 [DATA] Command 'ar_telemetry' sent to map.
2026-09-17 18:53:46.708 [DATA] Command 'ar_telemetry' sent to map.
2026-09-17 18:53:46.723 [DATA] Command 'ar_telemetry' sent to map.
2026-09-17 18:53:46.738 [DATA] Command 'ar_telemetry' sent to map.
2026-09-17 18:53:46.754 [DATA] Command 'ar_telemetry' sent to map.
2026-09-17 18:53:46.769 [DATA] Command 'ar_telemetry' sent to map.
2026-09-17 18:53:46.784 [DATA] Command 'ar_telemetry' sent to map.
2026-09-17 18:53:46.799 [DATA] Command 'ar_telemetry' sent to map.
2026-09-17 18:53:46.814 [DATA] Command 'ar_telemetry' sent to map.
2026-09-17 18:53:46.829 [DATA] Command 'ar_telemetry' sent to map.
2026-09-17 18:53:46.845 [DATA] Command 'ar_telemetry' sent to map.
2026-09-17 18:53:46.859 [DATA] Command 'ar_telemetry' sent to map.
2026-09-17 18:53:46.889 [DATA] Command 'ar_telemetry' sent to map.
2026-09-17 18:53:46.905 [DATA] Command 'ar_telemetry' sent to map.
2026-09-17 18:53:46.920 [DATA] Command 'ar_telemetry' sent to map.
2026-09-17 18:53:46.935 [DATA] Command 'ar_telemetry' sent to map.
2026-09-17 18:53:46.980 [DATA] Command 'ar_telemetry' sent to map.
2026-09-17 18:53:46.995 [DATA] Command 'ar_telemetry' sent to map.
2026-09-17 18:53:47.011 [DATA] Command 'ar_telemetry' sent to map.
2026-09-17 18:53:47.026 [DATA] Command 'ar_telemetry' sent to map.
2026-09-17 18:53:47.041 [DATA] Command 'ar_telemetry' sent to map.
2026-09-17 18:53:47.056 [DATA] Command 'ar_telemetry' sent to map.
2026-09-17 18:53:47.074 [DATA] Command 'ar_telemetry' sent to map.
2026-09-17 18:53:47.086 [DATA] Command 'ar_telemetry' sent to map.
2026-09-17 18:53:47.102 [DATA] Command 'ar_telemetry' sent to map.
2026-09-17 18:53:47.117 [DATA] Command 'ar_telemetry' sent to map.
2026-09-17 18:53:47.132 [DATA] Command 'ar_telemetry' sent to map.
2026-09-17 18:53:47.162 [DATA] Command 'ar_telemetry' sent to map.
2026-09-17 18:53:47.178 [DATA] Command 'ar_telemetry' sent to map.
2026-09-17 18:53:47.194 [DATA] Command 'ar_telemetry' sent to map.
2026-09-17 18:53:47.209 [DATA] Command 'ar_telemetry' sent to map.
2026-09-17 18:53:47.224 [DATA] Command 'ar_telemetry' sent to map.
2026-09-17 18:53:47.240 [DATA] Command 'ar_telemetry' sent to map.
2026-09-17 18:53:47.255 [DATA] Command 'ar_telemetry' sent to map.
2026-09-17 18:53:47.270 [DATA] Command 'ar_telemetry' sent to map.
2026-09-17 18:53:47.285 [DATA] Command 'ar_telemetry' sent to map.
2026-09-17 18:53:47.300 [DATA] Command 'ar_telemetry' sent to map.
2026-09-17 18:53:47.315 [DATA] Command 'ar_telemetry' sent to map.
2026-09-17 18:53:47.330 [DATA] Command 'ar_telemetry' sent to map.
2026-09-17 18:53:47.346 [DATA] Command 'ar_telemetry' sent to map.
2026-09-17 18:53:47.361 [DATA] Command 'ar_telemetry' sent to map.
2026-09-17 18:53:47.376 [DATA] Command 'ar_telemetry' sent to map.
2026-09-17 18:53:47.391 [DATA] Command 'ar_telemetry' sent to map.
2026-09-17 18:53:47.408 [DATA] Command 'ar_telemetry' sent to map.
2026-09-17 18:53:47.422 [DATA] Command 'ar_telemetry' sent to map.
2026-09-17 18:53:47.437 [DATA] Command 'ar_telemetry' sent to map.
2026-09-17 18:53:47.452 [DATA] Command 'ar_telemetry' sent to map.
2026-09-17 18:53:47.467 [DATA] Command 'ar_telemetry' sent to map.
2026-09-17 18:53:47.498 [DATA] Command 'ar_telemetry' sent to map.
2026-09-17 18:53:47.513 [DATA] Command 'ar_telemetry' sent to map.
2026-09-17 18:53:47.528 [DATA] Command 'ar_telemetry' sent to map.
2026-09-17 18:53:47.544 [DATA] Command 'ar_telemetry' sent to map.
2026-09-17 18:53:47.560 [DATA] Command 'ar_telemetry' sent to map.
2026-09-17 18:53:47.575 [DATA] Command 'ar_telemetry' sent to map.
2026-09-17 18:53:47.589 [DATA] Command 'ar_telemetry' sent to map.
2026-09-17 18:53:47.605 [DATA] Command 'ar_telemetry' sent to map.
2026-09-17 18:53:47.620 [DATA] Command 'ar_telemetry' sent to map.
2026-09-17 18:53:47.629 [DATA] [AR] ground plane: plane origin=(146482.00,111.59,-60984.00) N=(-0.0009,1.0000,-0.0068) avgWheelH=111.594 refH=111.594 maxRes=0.0000 used=4 wheels=4 | режим=по колёсам | измеренный уклон=0 мм
2026-09-17 18:53:47.629 [DATA] [AR] pose 'ws': truck=146481,91,111,61,-60983,70 camera=146483,45,114,11,-60984,83 fwd=0,976,-0,139,-0,166 up=0,135,0,990,-0,032 ground=111,59.
2026-09-17 18:53:47.635 [DATA] Command 'ar_telemetry' sent to map.
2026-09-17 18:53:47.650 [DATA] Command 'ar_telemetry' sent to map.
2026-09-17 18:53:47.666 [DATA] Command 'ar_telemetry' sent to map.
2026-09-17 18:53:47.681 [DATA] Command 'ar_telemetry' sent to map.
2026-09-17 18:53:47.696 [DATA] Command 'ar_telemetry' sent to map.
2026-09-17 18:53:47.711 [DATA] [AR] tick alive: known=True changed=False forced=False head=True pts=5748 x=146482,5 z=-60983,8
2026-09-17 18:53:47.712 [DATA] Command 'ar_telemetry' sent to map.
2026-09-17 18:53:47.727 [DATA] Command 'ar_telemetry' sent to map.
2026-09-17 18:53:47.742 [DATA] Command 'ar_telemetry' sent to map.
2026-09-17 18:53:47.757 [DATA] Command 'ar_telemetry' sent to map.
2026-09-17 18:53:47.772 [DATA] Command 'ar_telemetry' sent to map.
2026-09-17 18:53:47.787 [DATA] Command 'ar_telemetry' sent to map.
2026-09-17 18:53:47.818 [DATA] Command 'ar_telemetry' sent to map.
2026-09-17 18:53:47.833 [DATA] Command 'ar_telemetry' sent to map.
2026-09-17 18:53:47.849 [DATA] Command 'ar_telemetry' sent to map.
2026-09-17 18:53:47.864 [DATA] Command 'ar_telemetry' sent to map.
2026-09-17 18:53:47.880 [DATA] Command 'ar_telemetry' sent to map.
2026-09-17 18:53:47.894 [DATA] Command 'ar_telemetry' sent to map.
2026-09-17 18:53:47.909 [DATA] Command 'ar_telemetry' sent to map.
2026-09-17 18:53:47.924 [DATA] Command 'ar_telemetry' sent to map.
2026-09-17 18:53:47.939 [DATA] Command 'ar_telemetry' sent to map.
2026-09-17 18:53:47.954 [DATA] Command 'ar_telemetry' sent to map.
2026-09-17 18:53:47.970 [DATA] Command 'ar_telemetry' sent to map.
2026-09-17 18:53:47.985 [DATA] Command 'ar_telemetry' sent to map.
2026-09-17 18:53:48.000 [DATA] Command 'ar_telemetry' sent to map.
2026-09-17 18:53:48.016 [DATA] Command 'ar_telemetry' sent to map.
2026-09-17 18:53:48.031 [DATA] Command 'ar_telemetry' sent to map.
2026-09-17 18:53:48.046 [DATA] Command 'ar_telemetry' sent to map.
2026-09-17 18:53:48.062 [DATA] Command 'ar_telemetry' sent to map.
2026-09-17 18:53:48.082 [DATA] Command 'ar_telemetry' sent to map.
2026-09-17 18:53:48.092 [DATA] Command 'ar_telemetry' sent to map.
2026-09-17 18:53:48.124 [DATA] Command 'ar_telemetry' sent to map.
2026-09-17 18:53:48.137 [DATA] Command 'ar_telemetry' sent to map.
2026-09-17 18:53:48.153 [DATA] Command 'ar_telemetry' sent to map.
2026-09-17 18:53:48.168 [DATA] Command 'ar_telemetry' sent to map.
2026-09-17 18:53:48.183 [DATA] Command 'ar_telemetry' sent to map.
2026-09-17 18:53:48.200 [DATA] Command 'ar_telemetry' sent to map.
2026-09-17 18:53:48.213 [DATA] Command 'ar_telemetry' sent to map.
2026-09-17 18:53:48.229 [DATA] Command 'ar_telemetry' sent to map.
2026-09-17 18:53:48.245 [DATA] Command 'ar_telemetry' sent to map.
2026-09-17 18:53:48.259 [DATA] Command 'ar_telemetry' sent to map.
2026-09-17 18:53:48.275 [DATA] Command 'ar_telemetry' sent to map.
2026-09-17 18:53:48.291 [DATA] Command 'ar_telemetry' sent to map.
2026-09-17 18:53:48.306 [DATA] Command 'ar_telemetry' sent to map.
2026-09-17 18:53:48.321 [DATA] Command 'ar_telemetry' sent to map.
2026-09-17 18:53:48.337 [DATA] Command 'ar_telemetry' sent to map.
2026-09-17 18:53:48.352 [DATA] Command 'ar_telemetry' sent to map.
2026-09-17 18:53:48.367 [DATA] Command 'ar_telemetry' sent to map.
2026-09-17 18:53:48.490 [DATA] Command 'ar_telemetry' sent to map.
2026-09-17 18:53:48.505 [DATA] Command 'ar_telemetry' sent to map.
2026-09-17 18:53:48.520 [DATA] Command 'ar_telemetry' sent to map.
2026-09-17 18:53:48.537 [DATA] Command 'ar_telemetry' sent to map.
2026-09-17 18:53:48.550 [DATA] Command 'ar_telemetry' sent to map.
2026-09-17 18:53:48.571 [DATA] Command 'ar_telemetry' sent to map.
2026-09-17 18:53:48.580 [DATA] Command 'ar_telemetry' sent to map.
2026-09-17 18:53:48.597 [DATA] Command 'ar_telemetry' sent to map.
2026-09-17 18:53:48.613 [DATA] Command 'ar_telemetry' sent to map.
2026-09-17 18:53:48.627 [DATA] Command 'ar_telemetry' sent to map.
2026-09-17 18:53:48.643 [DATA] Command 'ar_telemetry' sent to map.
2026-09-17 18:53:48.658 [DATA] Command 'ar_telemetry' sent to map.
2026-09-17 18:53:48.673 [DATA] Command 'ar_telemetry' sent to map.
2026-09-17 18:53:48.688 [DATA] Command 'ar_telemetry' sent to map.
2026-09-17 18:53:48.709 [DATA] Command 'ar_telemetry' sent to map.
2026-09-17 18:53:48.719 [DATA] Command 'ar_telemetry' sent to map.
2026-09-17 18:53:48.735 [DATA] Command 'ar_telemetry' sent to map.
2026-09-17 18:53:48.750 [DATA] Command 'ar_telemetry' sent to map.
2026-09-17 18:53:48.765 [DATA] Command 'ar_telemetry' sent to map.
2026-09-17 18:53:48.780 [DATA] Command 'ar_telemetry' sent to map.
2026-09-17 18:53:48.810 [DATA] Command 'ar_telemetry' sent to map.
2026-09-17 18:53:48.826 [DATA] Command 'ar_telemetry' sent to map.
2026-09-17 18:53:48.840 [DATA] Command 'ar_telemetry' sent to map.
2026-09-17 18:53:48.856 [DATA] Command 'ar_telemetry' sent to map.
2026-09-17 18:53:48.871 [DATA] Command 'ar_telemetry' sent to map.
2026-09-17 18:53:48.887 [DATA] Command 'ar_telemetry' sent to map.
2026-09-17 18:53:48.901 [DATA] Command 'ar_telemetry' sent to map.
2026-09-17 18:53:48.916 [DATA] Command 'ar_telemetry' sent to map.
2026-09-17 18:53:48.932 [DATA] Command 'ar_telemetry' sent to map.
2026-09-17 18:53:48.946 [DATA] Command 'ar_telemetry' sent to map.
2026-09-17 18:53:48.962 [DATA] Command 'ar_telemetry' sent to map.
2026-09-17 18:53:48.977 [DATA] Command 'ar_telemetry' sent to map.
2026-09-17 18:53:48.992 [DATA] Command 'ar_telemetry' sent to map.
2026-09-17 18:53:49.007 [DATA] Command 'ar_telemetry' sent to map.
2026-09-17 18:53:49.023 [DATA] Command 'ar_telemetry' sent to map.
2026-09-17 18:53:49.038 [DATA] Command 'ar_telemetry' sent to map.
2026-09-17 18:53:49.053 [DATA] Command 'ar_telemetry' sent to map.
2026-09-17 18:53:49.069 [DATA] Command 'ar_telemetry' sent to map.
2026-09-17 18:53:49.084 [DATA] Command 'ar_telemetry' sent to map.
2026-09-17 18:53:49.114 [DATA] Command 'ar_telemetry' sent to map.
2026-09-17 18:53:49.130 [DATA] Command 'ar_telemetry' sent to map.
2026-09-17 18:53:49.145 [DATA] Command 'ar_telemetry' sent to map.
2026-09-17 18:53:49.160 [DATA] Command 'ar_telemetry' sent to map.
2026-09-17 18:53:49.176 [DATA] Command 'ar_telemetry' sent to map.
2026-09-17 18:53:49.194 [DATA] Command 'ar_telemetry' sent to map.
2026-09-17 18:53:49.206 [DATA] Command 'ar_telemetry' sent to map.
2026-09-17 18:53:49.221 [DATA] Command 'ar_telemetry' sent to map.
2026-09-17 18:53:49.237 [DATA] Command 'ar_telemetry' sent to map.
2026-09-17 18:53:49.253 [DATA] Command 'ar_telemetry' sent to map.
2026-09-17 18:53:49.267 [DATA] Command 'ar_telemetry' sent to map.
2026-09-17 18:53:49.268 [DATA] [QUEST][DIAG] Ruslan: enabled=True status=Available step=available paused=False build=built marker=yellow_exclamation map=True ar=True interactive=True point=(146529,0,111,6,-60981,0) truck=(146500,7,111,6,-60986,3) dist=28,8m trigger=35,0m inside=True override=none
2026-09-17 18:53:49.268 [DATA] [QUEST][DIAG] AR: truckKnown=True cameraValid=True camera=(0,0,0,0,0,0) arDisplayRadius=5 globalPoints=5748 nearSig= questStatePoints=1 ruslanInQuestState=True
2026-09-17 18:53:49.269 [DATA] [QUEST][DIAG] PIPE: definitions=1 activeQuest=False ruslanName=Шашлычник Руслан
2026-09-17 18:53:49.283 [DATA] Command 'ar_telemetry' sent to map.
2026-09-17 18:53:49.298 [DATA] Command 'ar_telemetry' sent to map.
2026-09-17 18:53:49.313 [DATA] Command 'ar_telemetry' sent to map.
2026-09-17 18:53:49.329 [DATA] Command 'ar_telemetry' sent to map.
2026-09-17 18:53:49.346 [DATA] Command 'ar_telemetry' sent to map.
2026-09-17 18:53:49.360 [DATA] Command 'ar_telemetry' sent to map.
2026-09-17 18:53:49.376 [DATA] Command 'ar_telemetry' sent to map.
2026-09-17 18:53:49.390 [DATA] Command 'ar_telemetry' sent to map.
2026-09-17 18:53:49.405 [DATA] Command 'ar_telemetry' sent to map.
2026-09-17 18:53:49.420 [DATA] Command 'ar_telemetry' sent to map.
2026-09-17 18:53:49.436 [DATA] Command 'ar_telemetry' sent to map.
2026-09-17 18:53:49.466 [DATA] Command 'ar_telemetry' sent to map.
2026-09-17 18:53:49.481 [DATA] Command 'ar_telemetry' sent to map.
2026-09-17 18:53:49.496 [DATA] Command 'ar_telemetry' sent to map.
2026-09-17 18:53:49.500 [DATA] Command 'ar_telemetry' sent to map.
2026-09-17 18:53:49.527 [DATA] Command 'ar_telemetry' sent to map.
2026-09-17 18:53:49.541 [DATA] Command 'ar_telemetry' sent to map.
2026-09-17 18:53:49.557 [DATA] Command 'ar_telemetry' sent to map.
2026-09-17 18:53:49.572 [DATA] Command 'ar_telemetry' sent to map.
2026-09-17 18:53:49.587 [DATA] Command 'ar_telemetry' sent to map.
2026-09-17 18:53:49.602 [DATA] Command 'ar_telemetry' sent to map.
2026-09-17 18:53:49.618 [DATA] Command 'ar_telemetry' sent to map.
2026-09-17 18:53:49.633 [DATA] Command 'ar_telemetry' sent to map.
2026-09-17 18:53:49.649 [DATA] Command 'ar_telemetry' sent to map.
2026-09-17 18:53:49.664 [DATA] Command 'ar_telemetry' sent to map.
2026-09-17 18:53:49.679 [DATA] Command 'ar_telemetry' sent to map.
2026-09-17 18:53:49.695 [DATA] Command 'ar_telemetry' sent to map.
2026-09-17 18:53:49.711 [DATA] Command 'ar_telemetry' sent to map.
2026-09-17 18:53:49.725 [DATA] Command 'ar_telemetry' sent to map.
2026-09-17 18:53:49.741 [DATA] Command 'ar_telemetry' sent to map.
2026-09-17 18:53:49.756 [DATA] Command 'ar_telemetry' sent to map.
2026-09-17 18:53:49.786 [DATA] Command 'ar_telemetry' sent to map.
2026-09-17 18:53:49.801 [DATA] Command 'ar_telemetry' sent to map.
2026-09-17 18:53:49.816 [DATA] Command 'ar_telemetry' sent to map.
2026-09-17 18:53:49.830 [DATA] Command 'ar_telemetry' sent to map.
2026-09-17 18:53:49.846 [DATA] Command 'ar_telemetry' sent to map.
2026-09-17 18:53:49.861 [DATA] Command 'ar_telemetry' sent to map.
2026-09-17 18:53:49.877 [DATA] Command 'ar_telemetry' sent to map.
2026-09-17 18:53:49.891 [DATA] Command 'ar_telemetry' sent to map.
2026-09-17 18:53:49.906 [DATA] Command 'ar_telemetry' sent to map.
2026-09-17 18:53:49.922 [DATA] Command 'ar_telemetry' sent to map.
2026-09-17 18:53:49.937 [DATA] Command 'ar_telemetry' sent to map.
2026-09-17 18:53:49.952 [DATA] Command 'ar_telemetry' sent to map.
2026-09-17 18:53:49.967 [DATA] Command 'ar_telemetry' sent to map.
2026-09-17 18:53:49.982 [DATA] Command 'ar_telemetry' sent to map.
2026-09-17 18:53:49.998 [DATA] Command 'ar_telemetry' sent to map.
2026-09-17 18:53:50.014 [DATA] Command 'ar_telemetry' sent to map.
2026-09-17 18:53:50.028 [DATA] Command 'ar_telemetry' sent to map.
2026-09-17 18:53:50.044 [DATA] Command 'ar_telemetry' sent to map.
2026-09-17 18:53:50.059 [DATA] Command 'ar_telemetry' sent to map.
2026-09-17 18:53:50.083 [DATA] Command 'ar_telemetry' sent to map.
2026-09-17 18:53:50.105 [DATA] Command 'ar_telemetry' sent to map.
2026-09-17 18:53:50.120 [DATA] Command 'ar_telemetry' sent to map.
2026-09-17 18:53:50.136 [DATA] Command 'ar_telemetry' sent to map.
2026-09-17 18:53:50.151 [DATA] Command 'ar_telemetry' sent to map.
2026-09-17 18:53:50.166 [DATA] Command 'ar_telemetry' sent to map.
2026-09-17 18:53:50.181 [DATA] Command 'ar_telemetry' sent to map.
2026-09-17 18:53:50.197 [DATA] Command 'ar_telemetry' sent to map.
2026-09-17 18:53:50.212 [DATA] Command 'ar_telemetry' sent to map.
2026-09-17 18:53:50.228 [DATA] Command 'ar_telemetry' sent to map.
2026-09-17 18:53:50.243 [DATA] Command 'ar_telemetry' sent to map.
2026-09-17 18:53:50.258 [DATA] Command 'ar_telemetry' sent to map.
2026-09-17 18:53:50.274 [DATA] Command 'ar_telemetry' sent to map.
2026-09-17 18:53:50.289 [DATA] Command 'ar_telemetry' sent to map.
2026-09-17 18:53:50.304 [DATA] Command 'ar_telemetry' sent to map.
2026-09-17 18:53:50.319 [DATA] Command 'ar_telemetry' sent to map.
2026-09-17 18:53:50.335 [DATA] Command 'ar_telemetry' sent to map.
2026-09-17 18:53:50.350 [DATA] Command 'ar_telemetry' sent to map.
2026-09-17 18:53:50.365 [DATA] Command 'ar_telemetry' sent to map.
2026-09-17 18:53:50.380 [DATA] Command 'ar_telemetry' sent to map.
2026-09-17 18:53:50.482 [DATA] Command 'ar_telemetry' sent to map.
2026-09-17 18:53:50.486 [DATA] Command 'ar_telemetry' sent to map.
2026-09-17 18:53:50.502 [DATA] Command 'ar_telemetry' sent to map.
2026-09-17 18:53:50.517 [DATA] Command 'ar_telemetry' sent to map.
2026-09-17 18:53:50.533 [DATA] Command 'ar_telemetry' sent to map.
2026-09-17 18:53:50.548 [DATA] Command 'ar_telemetry' sent to map.
2026-09-17 18:53:50.564 [DATA] Command 'ar_telemetry' sent to map.
2026-09-17 18:53:50.579 [DATA] Command 'ar_telemetry' sent to map.
2026-09-17 18:53:50.594 [DATA] Command 'ar_telemetry' sent to map.
2026-09-17 18:53:50.610 [DATA] Command 'ar_telemetry' sent to map.
2026-09-17 18:53:50.625 [DATA] Command 'ar_telemetry' sent to map.
2026-09-17 18:53:50.641 [DATA] Command 'ar_telemetry' sent to map.
2026-09-17 18:53:50.656 [DATA] Command 'ar_telemetry' sent to map.
2026-09-17 18:53:50.672 [DATA] Command 'ar_telemetry' sent to map.
2026-09-17 18:53:50.686 [DATA] Command 'ar_telemetry' sent to map.
2026-09-17 18:53:50.702 [DATA] Command 'ar_telemetry' sent to map.
2026-09-17 18:53:50.722 [DATA] Command 'ar_telemetry' sent to map.
2026-09-17 18:53:50.732 [DATA] Command 'ar_telemetry' sent to map.
2026-09-17 18:53:50.748 [DATA] Command 'ar_telemetry' sent to map.
2026-09-17 18:53:50.778 [DATA] Command 'ar_telemetry' sent to map.
2026-09-17 18:53:50.793 [DATA] Command 'ar_telemetry' sent to map.
2026-09-17 18:53:50.808 [DATA] Command 'ar_telemetry' sent to map.
2026-09-17 18:53:50.824 [DATA] Command 'ar_telemetry' sent to map.
2026-09-17 18:53:50.839 [DATA] Command 'ar_telemetry' sent to map.
2026-09-17 18:53:50.854 [DATA] Command 'ar_telemetry' sent to map.
2026-09-17 18:53:50.869 [DATA] Command 'ar_telemetry' sent to map.
2026-09-17 18:53:50.885 [DATA] Command 'ar_telemetry' sent to map.
2026-09-17 18:53:50.900 [DATA] Command 'ar_telemetry' sent to map.
2026-09-17 18:53:50.915 [DATA] Command 'ar_telemetry' sent to map.
2026-09-17 18:53:50.930 [DATA] Command 'ar_telemetry' sent to map.
2026-09-17 18:53:50.945 [DATA] Command 'ar_telemetry' sent to map.
2026-09-17 18:53:50.961 [DATA] Command 'ar_telemetry' sent to map.
2026-09-17 18:53:50.976 [DATA] Command 'ar_telemetry' sent to map.
2026-09-17 18:53:50.991 [DATA] Command 'ar_telemetry' sent to map.
2026-09-17 18:53:51.006 [DATA] Command 'ar_telemetry' sent to map.
2026-09-17 18:53:51.022 [DATA] Command 'ar_telemetry' sent to map.
2026-09-17 18:53:51.036 [DATA] Command 'ar_telemetry' sent to map.
2026-09-17 18:53:51.068 [DATA] Command 'ar_telemetry' sent to map.
2026-09-17 18:53:51.081 [DATA] Command 'ar_telemetry' sent to map.
2026-09-17 18:53:51.096 [DATA] Command 'ar_telemetry' sent to map.
2026-09-17 18:53:51.112 [DATA] Command 'ar_telemetry' sent to map.
2026-09-17 18:53:51.127 [DATA] Command 'ar_telemetry' sent to map.
2026-09-17 18:53:51.142 [DATA] Command 'ar_telemetry' sent to map.
2026-09-17 18:53:51.158 [DATA] Command 'ar_telemetry' sent to map.
2026-09-17 18:53:51.173 [DATA] Command 'ar_telemetry' sent to map.
2026-09-17 18:53:51.188 [DATA] Command 'ar_telemetry' sent to map.
2026-09-17 18:53:51.205 [DATA] Command 'ar_telemetry' sent to map.
2026-09-17 18:53:51.219 [DATA] Command 'ar_telemetry' sent to map.
2026-09-17 18:53:51.235 [DATA] Command 'ar_telemetry' sent to map.
2026-09-17 18:53:51.250 [DATA] Command 'ar_telemetry' sent to map.
2026-09-17 18:53:51.266 [DATA] Command 'ar_telemetry' sent to map.
2026-09-17 18:53:51.281 [DATA] Command 'ar_telemetry' sent to map.
2026-09-17 18:53:51.296 [DATA] Command 'ar_telemetry' sent to map.
2026-09-17 18:53:51.311 [DATA] Command 'ar_telemetry' sent to map.
2026-09-17 18:53:51.327 [DATA] Command 'ar_telemetry' sent to map.
2026-09-17 18:53:51.342 [DATA] Command 'ar_telemetry' sent to map.
2026-09-17 18:53:51.358 [DATA] Command 'ar_telemetry' sent to map.
2026-09-17 18:53:51.373 [DATA] Command 'ar_telemetry' sent to map.
2026-09-17 18:53:51.388 [DATA] Command 'ar_telemetry' sent to map.
2026-09-17 18:53:51.404 [DATA] Command 'ar_telemetry' sent to map.
2026-09-17 18:53:51.434 [DATA] Command 'ar_telemetry' sent to map.
2026-09-17 18:53:51.450 [DATA] Command 'ar_telemetry' sent to map.
2026-09-17 18:53:51.465 [DATA] Command 'ar_telemetry' sent to map.
2026-09-17 18:53:51.480 [DATA] Command 'ar_telemetry' sent to map.
2026-09-17 18:53:51.495 [DATA] Command 'ar_telemetry' sent to map.
2026-09-17 18:53:51.510 [DATA] Command 'ar_telemetry' sent to map.
2026-09-17 18:53:51.526 [DATA] Command 'ar_telemetry' sent to map.
2026-09-17 18:53:51.541 [DATA] Command 'ar_telemetry' sent to map.
2026-09-17 18:53:51.556 [DATA] Command 'ar_telemetry' sent to map.
2026-09-17 18:53:51.572 [DATA] Command 'ar_telemetry' sent to map.
2026-09-17 18:53:51.588 [DATA] Command 'ar_telemetry' sent to map.
2026-09-17 18:53:51.602 [DATA] Command 'ar_telemetry' sent to map.
2026-09-17 18:53:51.617 [DATA] Command 'ar_telemetry' sent to map.
2026-09-17 18:53:51.632 [DATA] Command 'ar_telemetry' sent to map.
2026-09-17 18:53:51.648 [DATA] Command 'ar_telemetry' sent to map.
2026-09-17 18:53:51.663 [DATA] Command 'ar_telemetry' sent to map.
2026-09-17 18:53:51.678 [DATA] Command 'ar_telemetry' sent to map.
2026-09-17 18:53:51.693 [DATA] Command 'ar_telemetry' sent to map.
2026-09-17 18:53:51.709 [DATA] Command 'ar_telemetry' sent to map.
2026-09-17 18:53:51.724 [DATA] Command 'ar_telemetry' sent to map.
2026-09-17 18:53:51.739 [DATA] Command 'ar_telemetry' sent to map.
2026-09-17 18:53:51.770 [DATA] Command 'ar_telemetry' sent to map.
2026-09-17 18:53:51.785 [DATA] Command 'ar_telemetry' sent to map.
2026-09-17 18:53:51.801 [DATA] Command 'ar_telemetry' sent to map.
2026-09-17 18:53:51.816 [DATA] Command 'ar_telemetry' sent to map.
2026-09-17 18:53:51.830 [DATA] Command 'ar_telemetry' sent to map.
2026-09-17 18:53:51.845 [DATA] Command 'ar_telemetry' sent to map.
2026-09-17 18:53:51.860 [DATA] Command 'ar_telemetry' sent to map.
2026-09-17 18:53:51.876 [DATA] Command 'ar_telemetry' sent to map.
2026-09-17 18:53:51.891 [DATA] Command 'ar_telemetry' sent to map.
2026-09-17 18:53:51.906 [DATA] Command 'ar_telemetry' sent to map.
2026-09-17 18:53:51.922 [DATA] Command 'ar_telemetry' sent to map.
2026-09-17 18:53:51.937 [DATA] Command 'ar_telemetry' sent to map.
2026-09-17 18:53:51.952 [DATA] Command 'ar_telemetry' sent to map.
2026-09-17 18:53:51.967 [DATA] Command 'ar_telemetry' sent to map.
2026-09-17 18:53:51.982 [DATA] Command 'ar_telemetry' sent to map.
2026-09-17 18:53:51.998 [DATA] Command 'ar_telemetry' sent to map.
2026-09-17 18:53:52.013 [DATA] Command 'ar_telemetry' sent to map.
2026-09-17 18:53:52.028 [DATA] Command 'ar_telemetry' sent to map.
2026-09-17 18:53:52.057 [DATA] Command 'ar_telemetry' sent to map.
2026-09-17 18:53:52.076 [DATA] Command 'ar_telemetry' sent to map.
2026-09-17 18:53:52.088 [DATA] Command 'ar_telemetry' sent to map.
2026-09-17 18:53:52.104 [DATA] Command 'ar_telemetry' sent to map.
2026-09-17 18:53:52.119 [DATA] Command 'ar_telemetry' sent to map.
2026-09-17 18:53:52.135 [DATA] Command 'ar_telemetry' sent to map.
2026-09-17 18:53:52.151 [DATA] Command 'ar_telemetry' sent to map.
2026-09-17 18:53:52.166 [DATA] Command 'ar_telemetry' sent to map.
2026-09-17 18:53:52.181 [DATA] Command 'ar_telemetry' sent to map.
2026-09-17 18:53:52.197 [DATA] Command 'ar_telemetry' sent to map.
2026-09-17 18:53:52.211 [DATA] Command 'ar_telemetry' sent to map.
2026-09-17 18:53:52.226 [DATA] Command 'ar_telemetry' sent to map.
2026-09-17 18:53:52.242 [DATA] Command 'ar_telemetry' sent to map.
2026-09-17 18:53:52.257 [DATA] Command 'ar_telemetry' sent to map.
2026-09-17 18:53:52.272 [DATA] Command 'ar_telemetry' sent to map.
2026-09-17 18:53:52.287 [DATA] Command 'ar_telemetry' sent to map.
2026-09-17 18:53:52.302 [DATA] Command 'ar_telemetry' sent to map.
2026-09-17 18:53:52.318 [DATA] Command 'ar_telemetry' sent to map.
2026-09-17 18:53:52.333 [DATA] Command 'ar_telemetry' sent to map.
2026-09-17 18:53:52.348 [DATA] Command 'ar_telemetry' sent to map.
2026-09-17 18:53:52.378 [DATA] Command 'ar_telemetry' sent to map.
2026-09-17 18:53:52.479 [DATA] Command 'ar_telemetry' sent to map.
2026-09-17 18:53:52.484 [DATA] Command 'ar_telemetry' sent to map.
2026-09-17 18:53:52.499 [DATA] Command 'ar_telemetry' sent to map.
2026-09-17 18:53:52.515 [DATA] Command 'ar_telemetry' sent to map.
2026-09-17 18:53:52.530 [DATA] Command 'ar_telemetry' sent to map.
2026-09-17 18:53:52.545 [DATA] Command 'ar_telemetry' sent to map.
2026-09-17 18:53:52.561 [DATA] Command 'ar_telemetry' sent to map.
2026-09-17 18:53:52.576 [DATA] Command 'ar_telemetry' sent to map.
2026-09-17 18:53:52.591 [DATA] Command 'ar_telemetry' sent to map.
2026-09-17 18:53:52.606 [DATA] Command 'ar_telemetry' sent to map.
2026-09-17 18:53:52.621 [DATA] Command 'ar_telemetry' sent to map.
2026-09-17 18:53:52.636 [DATA] Command 'ar_telemetry' sent to map.
2026-09-17 18:53:52.644 [DATA] [AR] ground plane: plane origin=(146515.00,111.60,-60985.00) N=(0.0045,1.0000,0.0004) avgWheelH=111.601 refH=111.600 maxRes=0.0000 used=4 wheels=4 | режим=по колёсам | измеренный уклон=0 мм
2026-09-17 18:53:52.644 [DATA] [AR] pose 'ws': truck=146515,18,111,60,-60984,81 camera=146517,02,114,11,-60985,30 fwd=0,969,-0,137,0,204 up=0,134,0,991,0,028 ground=111,60.
2026-09-17 18:53:52.652 [DATA] Command 'ar_telemetry' sent to map.
2026-09-17 18:53:52.682 [DATA] Command 'ar_telemetry' sent to map.
2026-09-17 18:53:52.697 [DATA] Command 'ar_telemetry' sent to map.
2026-09-17 18:53:52.712 [DATA] [AR] tick alive: known=True changed=True forced=False head=True pts=5748 x=146515,2 z=-60984,8
2026-09-17 18:53:52.713 [DATA] Command 'ar_telemetry' sent to map.
2026-09-17 18:53:52.733 [DATA] Command 'ar_telemetry' sent to map.
2026-09-17 18:53:52.743 [DATA] Command 'ar_telemetry' sent to map.
2026-09-17 18:53:52.759 [DATA] Command 'ar_telemetry' sent to map.
2026-09-17 18:53:52.774 [DATA] Command 'ar_telemetry' sent to map.
2026-09-17 18:53:52.789 [DATA] Command 'ar_telemetry' sent to map.
2026-09-17 18:53:52.805 [DATA] Command 'ar_telemetry' sent to map.
2026-09-17 18:53:52.820 [DATA] Command 'ar_telemetry' sent to map.
2026-09-17 18:53:52.835 [DATA] Command 'ar_telemetry' sent to map.
2026-09-17 18:53:52.850 [DATA] Command 'ar_telemetry' sent to map.
2026-09-17 18:53:52.865 [DATA] Command 'ar_telemetry' sent to map.
2026-09-17 18:53:52.881 [DATA] Command 'ar_telemetry' sent to map.
2026-09-17 18:53:52.896 [DATA] Command 'ar_telemetry' sent to map.
2026-09-17 18:53:52.911 [DATA] Command 'ar_telemetry' sent to map.
2026-09-17 18:53:52.926 [DATA] Command 'ar_telemetry' sent to map.
2026-09-17 18:53:52.941 [DATA] Command 'ar_telemetry' sent to map.
2026-09-17 18:53:52.956 [DATA] Command 'ar_telemetry' sent to map.
2026-09-17 18:53:52.971 [DATA] Command 'ar_telemetry' sent to map.
2026-09-17 18:53:53.001 [DATA] Command 'ar_telemetry' sent to map.
2026-09-17 18:53:53.016 [DATA] Command 'ar_telemetry' sent to map.
2026-09-17 18:53:53.031 [DATA] Command 'ar_telemetry' sent to map.
2026-09-17 18:53:53.046 [DATA] Command 'ar_telemetry' sent to map.
2026-09-17 18:53:53.061 [DATA] Command 'ar_telemetry' sent to map.
2026-09-17 18:53:53.080 [DATA] Command 'ar_telemetry' sent to map.
2026-09-17 18:53:53.091 [DATA] Command 'ar_telemetry' sent to map.
2026-09-17 18:53:53.107 [DATA] Command 'ar_telemetry' sent to map.
2026-09-17 18:53:53.122 [DATA] Command 'ar_telemetry' sent to map.
2026-09-17 18:53:53.138 [DATA] Command 'ar_telemetry' sent to map.
2026-09-17 18:53:53.153 [DATA] Command 'ar_telemetry' sent to map.
2026-09-17 18:53:53.170 [DATA] Command 'ar_telemetry' sent to map.
2026-09-17 18:53:53.183 [DATA] Command 'ar_telemetry' sent to map.
2026-09-17 18:53:53.198 [DATA] Command 'ar_telemetry' sent to map.
2026-09-17 18:53:53.212 [DATA] Command 'ar_telemetry' sent to map.
2026-09-17 18:53:53.227 [DATA] Command 'ar_telemetry' sent to map.
2026-09-17 18:53:53.258 [DATA] Command 'ar_telemetry' sent to map.
2026-09-17 18:53:53.273 [DATA] Command 'ar_telemetry' sent to map.
2026-09-17 18:53:53.288 [DATA] Command 'ar_telemetry' sent to map.
2026-09-17 18:53:53.305 [DATA] Command 'ar_telemetry' sent to map.
2026-09-17 18:53:53.319 [DATA] Command 'ar_telemetry' sent to map.
2026-09-17 18:53:53.335 [DATA] Command 'ar_telemetry' sent to map.
2026-09-17 18:53:53.350 [DATA] Command 'ar_telemetry' sent to map.
2026-09-17 18:53:53.365 [DATA] Command 'ar_telemetry' sent to map.
2026-09-17 18:53:53.381 [DATA] Command 'ar_telemetry' sent to map.
2026-09-17 18:53:53.396 [DATA] Command 'ar_telemetry' sent to map.
2026-09-17 18:53:53.412 [DATA] Command 'ar_telemetry' sent to map.
2026-09-17 18:53:53.427 [DATA] Command 'ar_telemetry' sent to map.
2026-09-17 18:53:53.442 [DATA] Command 'ar_telemetry' sent to map.
2026-09-17 18:53:53.457 [DATA] Command 'ar_telemetry' sent to map.
2026-09-17 18:53:53.472 [DATA] Command 'ar_telemetry' sent to map.
2026-09-17 18:53:53.487 [DATA] Command 'ar_telemetry' sent to map.
2026-09-17 18:53:53.502 [DATA] Command 'ar_telemetry' sent to map.
2026-09-17 18:53:53.518 [DATA] Command 'ar_telemetry' sent to map.
2026-09-17 18:53:53.533 [DATA] Command 'ar_telemetry' sent to map.
2026-09-17 18:53:53.548 [DATA] Command 'ar_telemetry' sent to map.
2026-09-17 18:53:53.571 [DATA] Command 'ar_telemetry' sent to map.
2026-09-17 18:53:53.593 [DATA] Command 'ar_telemetry' sent to map.
2026-09-17 18:53:53.608 [DATA] Command 'ar_telemetry' sent to map.
2026-09-17 18:53:53.624 [DATA] Command 'ar_telemetry' sent to map.
2026-09-17 18:53:53.639 [DATA] Command 'ar_telemetry' sent to map.
2026-09-17 18:53:53.654 [DATA] Command 'ar_telemetry' sent to map.
2026-09-17 18:53:53.670 [DATA] Command 'ar_telemetry' sent to map.
2026-09-17 18:53:53.684 [DATA] Command 'ar_telemetry' sent to map.
2026-09-17 18:53:53.699 [DATA] Command 'ar_telemetry' sent to map.
2026-09-17 18:53:53.715 [DATA] Command 'ar_telemetry' sent to map.
2026-09-17 18:53:53.730 [DATA] Command 'ar_telemetry' sent to map.
2026-09-17 18:53:53.745 [DATA] Command 'ar_telemetry' sent to map.
2026-09-17 18:53:53.760 [DATA] Command 'ar_telemetry' sent to map.
2026-09-17 18:53:53.776 [DATA] Command 'ar_telemetry' sent to map.
2026-09-17 18:53:53.791 [DATA] Command 'ar_telemetry' sent to map.
2026-09-17 18:53:53.806 [DATA] Command 'ar_telemetry' sent to map.
2026-09-17 18:53:53.821 [DATA] Command 'ar_telemetry' sent to map.
2026-09-17 18:53:53.836 [DATA] Command 'ar_telemetry' sent to map.
2026-09-17 18:53:53.867 [DATA] Command 'ar_telemetry' sent to map.
2026-09-17 18:53:53.882 [DATA] Command 'ar_telemetry' sent to map.
2026-09-17 18:53:53.897 [DATA] Command 'ar_telemetry' sent to map.
2026-09-17 18:53:53.912 [DATA] Command 'ar_telemetry' sent to map.
2026-09-17 18:53:53.927 [DATA] Command 'ar_telemetry' sent to map.
2026-09-17 18:53:53.943 [DATA] Command 'ar_telemetry' sent to map.
2026-09-17 18:53:53.958 [DATA] Command 'ar_telemetry' sent to map.
2026-09-17 18:53:53.973 [DATA] Command 'ar_telemetry' sent to map.
2026-09-17 18:53:53.988 [DATA] Command 'ar_telemetry' sent to map.
2026-09-17 18:53:54.004 [DATA] Command 'ar_telemetry' sent to map.
2026-09-17 18:53:54.018 [DATA] Command 'ar_telemetry' sent to map.
2026-09-17 18:53:54.033 [DATA] Command 'ar_telemetry' sent to map.
2026-09-17 18:53:54.049 [DATA] Command 'ar_telemetry' sent to map.
2026-09-17 18:53:54.064 [DATA] Command 'ar_telemetry' sent to map.
2026-09-17 18:53:54.079 [DATA] Command 'ar_telemetry' sent to map.
2026-09-17 18:53:54.094 [DATA] Command 'ar_telemetry' sent to map.
2026-09-17 18:53:54.109 [DATA] Command 'ar_telemetry' sent to map.
2026-09-17 18:53:54.124 [DATA] Command 'ar_telemetry' sent to map.
2026-09-17 18:53:54.154 [DATA] Command 'ar_telemetry' sent to map.
2026-09-17 18:53:54.170 [DATA] Command 'ar_telemetry' sent to map.
2026-09-17 18:53:54.185 [DATA] Command 'ar_telemetry' sent to map.
2026-09-17 18:53:54.200 [DATA] Command 'ar_telemetry' sent to map.
2026-09-17 18:53:54.216 [DATA] Command 'ar_telemetry' sent to map.
2026-09-17 18:53:54.231 [DATA] Command 'ar_telemetry' sent to map.
2026-09-17 18:53:54.246 [DATA] Command 'ar_telemetry' sent to map.
2026-09-17 18:53:54.261 [DATA] Command 'ar_telemetry' sent to map.
2026-09-17 18:53:54.277 [DATA] Command 'ar_telemetry' sent to map.
2026-09-17 18:53:54.292 [DATA] Command 'ar_telemetry' sent to map.
2026-09-17 18:53:54.307 [DATA] Command 'ar_telemetry' sent to map.
2026-09-17 18:53:54.322 [DATA] Command 'ar_telemetry' sent to map.
2026-09-17 18:53:54.338 [DATA] Command 'ar_telemetry' sent to map.
2026-09-17 18:53:54.352 [DATA] Command 'ar_telemetry' sent to map.
2026-09-17 18:53:54.368 [DATA] Command 'ar_telemetry' sent to map.
2026-09-17 18:53:54.395 [DATA] Command 'ar_telemetry' sent to map.
2026-09-17 18:53:54.398 [DATA] Command 'ar_telemetry' sent to map.
2026-09-17 18:53:54.413 [DATA] Command 'ar_telemetry' sent to map.
2026-09-17 18:53:54.429 [DATA] Command 'ar_telemetry' sent to map.
2026-09-17 18:53:54.444 [DATA] Command 'ar_telemetry' sent to map.
2026-09-17 18:53:54.475 [DATA] Command 'ar_telemetry' sent to map.
2026-09-17 18:53:54.490 [DATA] Command 'ar_telemetry' sent to map.
2026-09-17 18:53:54.505 [DATA] Command 'ar_telemetry' sent to map.
2026-09-17 18:53:54.520 [DATA] Command 'ar_telemetry' sent to map.
2026-09-17 18:53:54.535 [DATA] Command 'ar_telemetry' sent to map.
2026-09-17 18:53:54.550 [DATA] Command 'ar_telemetry' sent to map.
2026-09-17 18:53:54.565 [DATA] Command 'ar_telemetry' sent to map.
2026-09-17 18:53:54.581 [DATA] Command 'ar_telemetry' sent to map.
2026-09-17 18:53:54.596 [DATA] Command 'ar_telemetry' sent to map.
2026-09-17 18:53:54.611 [DATA] Command 'ar_telemetry' sent to map.
2026-09-17 18:53:54.627 [DATA] Command 'ar_telemetry' sent to map.
2026-09-17 18:53:54.642 [DATA] Command 'ar_telemetry' sent to map.
2026-09-17 18:53:54.657 [DATA] Command 'ar_telemetry' sent to map.
2026-09-17 18:53:54.673 [DATA] Command 'ar_telemetry' sent to map.
2026-09-17 18:53:54.687 [DATA] Command 'ar_telemetry' sent to map.
2026-09-17 18:53:54.703 [DATA] Command 'ar_telemetry' sent to map.
2026-09-17 18:53:54.718 [DATA] Command 'ar_telemetry' sent to map.
2026-09-17 18:53:54.733 [DATA] Command 'ar_telemetry' sent to map.
2026-09-17 18:53:54.753 [DATA] Command 'ar_telemetry' sent to map.
2026-09-17 18:53:54.778 [DATA] Command 'ar_telemetry' sent to map.
2026-09-17 18:53:54.794 [DATA] Command 'ar_telemetry' sent to map.
2026-09-17 18:53:54.809 [DATA] Command 'ar_telemetry' sent to map.
2026-09-17 18:53:54.820 [DATA] [QUEST][DIAG] Ruslan: enabled=True status=Available step=available paused=False build=built marker=yellow_exclamation map=True ar=True interactive=True point=(146529,0,111,6,-60981,0) truck=(146515,2,111,6,-60984,8) dist=14,3m trigger=35,0m inside=True override=none
2026-09-17 18:53:54.821 [DATA] [QUEST][DIAG] AR: truckKnown=True cameraValid=True camera=(0,0,0,0,0,0) arDisplayRadius=5 globalPoints=5748 nearSig= questStatePoints=1 ruslanInQuestState=True
2026-09-17 18:53:54.821 [DATA] [QUEST][DIAG] PIPE: definitions=1 activeQuest=False ruslanName=Шашлычник Руслан
2026-09-17 18:53:54.824 [DATA] Command 'ar_telemetry' sent to map.
2026-09-17 18:53:54.840 [DATA] Command 'ar_telemetry' sent to map.
2026-09-17 18:53:54.855 [DATA] Command 'ar_telemetry' sent to map.
2026-09-17 18:53:54.870 [DATA] Command 'ar_telemetry' sent to map.
2026-09-17 18:53:54.886 [DATA] Command 'ar_telemetry' sent to map.
2026-09-17 18:53:54.901 [DATA] Command 'ar_telemetry' sent to map.
2026-09-17 18:53:54.916 [DATA] Command 'ar_telemetry' sent to map.
2026-09-17 18:53:54.931 [DATA] Command 'ar_telemetry' sent to map.
2026-09-17 18:53:54.946 [DATA] Command 'ar_telemetry' sent to map.
2026-09-17 18:53:54.961 [DATA] Command 'ar_telemetry' sent to map.
2026-09-17 18:53:54.977 [DATA] Command 'ar_telemetry' sent to map.
2026-09-17 18:53:54.991 [DATA] Command 'ar_telemetry' sent to map.
2026-09-17 18:53:55.007 [DATA] Command 'ar_telemetry' sent to map.
2026-09-17 18:53:55.023 [DATA] Command 'ar_telemetry' sent to map.
2026-09-17 18:53:55.038 [DATA] Command 'ar_telemetry' sent to map.
2026-09-17 18:53:55.053 [DATA] Command 'ar_telemetry' sent to map.
2026-09-17 18:53:55.068 [DATA] Command 'ar_telemetry' sent to map.
2026-09-17 18:53:55.084 [DATA] Command 'ar_telemetry' sent to map.
2026-09-17 18:53:55.114 [DATA] Command 'ar_telemetry' sent to map.
2026-09-17 18:53:55.130 [DATA] Command 'ar_telemetry' sent to map.
2026-09-17 18:53:55.145 [DATA] Command 'ar_telemetry' sent to map.
2026-09-17 18:53:55.160 [DATA] Command 'ar_telemetry' sent to map.
2026-09-17 18:53:55.175 [DATA] Command 'ar_telemetry' sent to map.
2026-09-17 18:53:55.191 [DATA] Command 'ar_telemetry' sent to map.
2026-09-17 18:53:55.206 [DATA] Command 'ar_telemetry' sent to map.
2026-09-17 18:53:55.221 [DATA] Command 'ar_telemetry' sent to map.
2026-09-17 18:53:55.237 [DATA] Command 'ar_telemetry' sent to map.
2026-09-17 18:53:55.252 [DATA] Command 'ar_telemetry' sent to map.
2026-09-17 18:53:55.267 [DATA] Command 'ar_telemetry' sent to map.
2026-09-17 18:53:55.282 [DATA] Command 'ar_telemetry' sent to map.
2026-09-17 18:53:55.297 [DATA] Command 'ar_telemetry' sent to map.
2026-09-17 18:53:55.313 [DATA] Command 'ar_telemetry' sent to map.
2026-09-17 18:53:55.328 [DATA] Command 'ar_telemetry' sent to map.
2026-09-17 18:53:55.343 [DATA] Command 'ar_telemetry' sent to map.
2026-09-17 18:53:55.358 [DATA] Command 'ar_telemetry' sent to map.
2026-09-17 18:53:55.374 [DATA] Command 'ar_telemetry' sent to map.
2026-09-17 18:53:55.389 [DATA] Command 'ar_telemetry' sent to map.
2026-09-17 18:53:55.419 [DATA] Command 'ar_telemetry' sent to map.
2026-09-17 18:53:55.434 [DATA] Command 'ar_telemetry' sent to map.
2026-09-17 18:53:55.450 [DATA] Command 'ar_telemetry' sent to map.
2026-09-17 18:53:55.466 [DATA] Command 'ar_telemetry' sent to map.
2026-09-17 18:53:55.481 [DATA] Command 'ar_telemetry' sent to map.
2026-09-17 18:53:55.497 [DATA] Command 'ar_telemetry' sent to map.
2026-09-17 18:53:55.512 [DATA] Command 'ar_telemetry' sent to map.
2026-09-17 18:53:55.513 [DATA] [AR] нет применимых telemetry-полей в источнике 'ws'.
2026-09-17 18:53:55.528 [DATA] Command 'ar_telemetry' sent to map.
2026-09-17 18:53:55.543 [DATA] Command 'ar_telemetry' sent to map.
2026-09-17 18:53:55.559 [DATA] Command 'ar_telemetry' sent to map.
2026-09-17 18:53:55.574 [DATA] Command 'ar_telemetry' sent to map.
2026-09-17 18:53:55.590 [DATA] Command 'ar_telemetry' sent to map.
2026-09-17 18:53:55.605 [DATA] Command 'ar_telemetry' sent to map.
2026-09-17 18:53:55.620 [DATA] Command 'ar_telemetry' sent to map.
2026-09-17 18:53:55.636 [DATA] Command 'ar_telemetry' sent to map.
2026-09-17 18:53:55.651 [DATA] Command 'ar_telemetry' sent to map.
2026-09-17 18:53:55.666 [DATA] Command 'ar_telemetry' sent to map.
2026-09-17 18:53:55.681 [DATA] Command 'ar_telemetry' sent to map.
2026-09-17 18:53:55.697 [DATA] Command 'ar_telemetry' sent to map.
2026-09-17 18:53:55.712 [DATA] Command 'ar_telemetry' sent to map.
2026-09-17 18:53:55.727 [DATA] Command 'ar_telemetry' sent to map.
2026-09-17 18:53:55.742 [DATA] Command 'ar_telemetry' sent to map.
2026-09-17 18:53:55.758 [DATA] Command 'ar_telemetry' sent to map.
2026-09-17 18:53:55.773 [DATA] Command 'ar_telemetry' sent to map.
2026-09-17 18:53:55.789 [DATA] Command 'ar_telemetry' sent to map.
2026-09-17 18:53:55.804 [DATA] Command 'ar_telemetry' sent to map.
2026-09-17 18:53:55.834 [DATA] Command 'ar_telemetry' sent to map.
2026-09-17 18:53:55.849 [DATA] Command 'ar_telemetry' sent to map.
2026-09-17 18:53:55.865 [DATA] Command 'ar_telemetry' sent to map.
2026-09-17 18:53:55.880 [DATA] Command 'ar_telemetry' sent to map.
2026-09-17 18:53:55.895 [DATA] Command 'ar_telemetry' sent to map.
2026-09-17 18:53:55.910 [DATA] Command 'ar_telemetry' sent to map.
2026-09-17 18:53:55.925 [DATA] Command 'ar_telemetry' sent to map.
2026-09-17 18:53:55.940 [DATA] Command 'ar_telemetry' sent to map.
2026-09-17 18:53:55.955 [DATA] Command 'ar_telemetry' sent to map.
2026-09-17 18:53:55.971 [DATA] Command 'ar_telemetry' sent to map.
2026-09-17 18:53:55.986 [DATA] Command 'ar_telemetry' sent to map.
2026-09-17 18:53:56.001 [DATA] Command 'ar_telemetry' sent to map.
2026-09-17 18:53:56.016 [DATA] Command 'ar_telemetry' sent to map.
2026-09-17 18:53:56.031 [DATA] Command 'ar_telemetry' sent to map.
2026-09-17 18:53:56.046 [DATA] Command 'ar_telemetry' sent to map.
2026-09-17 18:53:56.061 [DATA] Command 'ar_telemetry' sent to map.
2026-09-17 18:53:56.077 [DATA] Command 'ar_telemetry' sent to map.
2026-09-17 18:53:56.092 [DATA] Command 'ar_telemetry' sent to map.
2026-09-17 18:53:56.122 [DATA] Command 'ar_telemetry' sent to map.
2026-09-17 18:53:56.138 [DATA] Command 'ar_telemetry' sent to map.
2026-09-17 18:53:56.153 [DATA] Command 'ar_telemetry' sent to map.
2026-09-17 18:53:56.168 [DATA] Command 'ar_telemetry' sent to map.
2026-09-17 18:53:56.184 [DATA] Command 'ar_telemetry' sent to map.
2026-09-17 18:53:56.199 [DATA] Command 'ar_telemetry' sent to map.
2026-09-17 18:53:56.214 [DATA] Command 'ar_telemetry' sent to map.
2026-09-17 18:53:56.230 [DATA] Command 'ar_telemetry' sent to map.
2026-09-17 18:53:56.245 [DATA] Command 'ar_telemetry' sent to map.
2026-09-17 18:53:56.260 [DATA] Command 'ar_telemetry' sent to map.
2026-09-17 18:53:56.276 [DATA] Command 'ar_telemetry' sent to map.
2026-09-17 18:53:56.291 [DATA] Command 'ar_telemetry' sent to map.
2026-09-17 18:53:56.306 [DATA] Command 'ar_telemetry' sent to map.
2026-09-17 18:53:56.321 [DATA] Command 'ar_telemetry' sent to map.
2026-09-17 18:53:56.337 [DATA] Command 'ar_telemetry' sent to map.
2026-09-17 18:53:56.352 [DATA] Command 'ar_telemetry' sent to map.
2026-09-17 18:53:56.367 [DATA] Command 'ar_telemetry' sent to map.
2026-09-17 18:53:56.382 [DATA] Command 'ar_telemetry' sent to map.
2026-09-17 18:53:56.488 [DATA] Command 'ar_telemetry' sent to map.
2026-09-17 18:53:56.504 [DATA] Command 'ar_telemetry' sent to map.
2026-09-17 18:53:56.519 [DATA] Command 'ar_telemetry' sent to map.
2026-09-17 18:53:56.534 [DATA] Command 'ar_telemetry' sent to map.
2026-09-17 18:53:56.550 [DATA] Command 'ar_telemetry' sent to map.
2026-09-17 18:53:56.565 [DATA] Command 'ar_telemetry' sent to map.
2026-09-17 18:53:56.572 [DATA] Command 'ar_telemetry' sent to map.
2026-09-17 18:53:56.596 [DATA] Command 'ar_telemetry' sent to map.
2026-09-17 18:53:56.611 [DATA] Command 'ar_telemetry' sent to map.
2026-09-17 18:53:56.627 [DATA] Command 'ar_telemetry' sent to map.
2026-09-17 18:53:56.642 [DATA] Command 'ar_telemetry' sent to map.
2026-09-17 18:53:56.657 [DATA] Command 'ar_telemetry' sent to map.
2026-09-17 18:53:56.672 [DATA] Command 'ar_telemetry' sent to map.
2026-09-17 18:53:56.687 [DATA] Command 'ar_telemetry' sent to map.
2026-09-17 18:53:56.703 [DATA] Command 'ar_telemetry' sent to map.
2026-09-17 18:53:56.718 [DATA] Command 'ar_telemetry' sent to map.
2026-09-17 18:53:56.733 [DATA] Command 'ar_telemetry' sent to map.
2026-09-17 18:53:56.748 [DATA] Command 'ar_telemetry' sent to map.
2026-09-17 18:53:56.783 [DATA] Command 'ar_telemetry' sent to map.
2026-09-17 18:53:56.793 [DATA] Command 'ar_telemetry' sent to map.
2026-09-17 18:53:56.809 [DATA] Command 'ar_telemetry' sent to map.
2026-09-17 18:53:56.824 [DATA] Command 'ar_telemetry' sent to map.
2026-09-17 18:53:56.839 [DATA] Command 'ar_telemetry' sent to map.
2026-09-17 18:53:56.854 [DATA] Command 'ar_telemetry' sent to map.
2026-09-17 18:53:56.869 [DATA] Command 'ar_telemetry' sent to map.
2026-09-17 18:53:56.884 [DATA] Command 'ar_telemetry' sent to map.
2026-09-17 18:53:56.899 [DATA] Command 'ar_telemetry' sent to map.
2026-09-17 18:53:56.915 [DATA] Command 'ar_telemetry' sent to map.
2026-09-17 18:53:56.930 [DATA] Command 'ar_telemetry' sent to map.
2026-09-17 18:53:56.946 [DATA] Command 'ar_telemetry' sent to map.
2026-09-17 18:53:56.961 [DATA] Command 'ar_telemetry' sent to map.
2026-09-17 18:53:56.976 [DATA] Command 'ar_telemetry' sent to map.
2026-09-17 18:53:56.991 [DATA] Command 'ar_telemetry' sent to map.
2026-09-17 18:53:57.006 [DATA] Command 'ar_telemetry' sent to map.
2026-09-17 18:53:57.021 [DATA] Command 'ar_telemetry' sent to map.
2026-09-17 18:53:57.036 [DATA] Command 'ar_telemetry' sent to map.
2026-09-17 18:53:57.052 [DATA] Command 'ar_telemetry' sent to map.
2026-09-17 18:53:57.082 [DATA] Command 'ar_telemetry' sent to map.
2026-09-17 18:53:57.097 [DATA] Command 'ar_telemetry' sent to map.
2026-09-17 18:53:57.113 [DATA] Command 'ar_telemetry' sent to map.
2026-09-17 18:53:57.128 [DATA] Command 'ar_telemetry' sent to map.
2026-09-17 18:53:57.143 [DATA] Command 'ar_telemetry' sent to map.
2026-09-17 18:53:57.159 [DATA] Command 'ar_telemetry' sent to map.
2026-09-17 18:53:57.174 [DATA] Command 'ar_telemetry' sent to map.
2026-09-17 18:53:57.189 [DATA] Command 'ar_telemetry' sent to map.
2026-09-17 18:53:57.204 [DATA] Command 'ar_telemetry' sent to map.
2026-09-17 18:53:57.219 [DATA] Command 'ar_telemetry' sent to map.
2026-09-17 18:53:57.234 [DATA] Command 'ar_telemetry' sent to map.
2026-09-17 18:53:57.249 [DATA] Command 'ar_telemetry' sent to map.
2026-09-17 18:53:57.263 [DATA] Command 'ar_telemetry' sent to map.
2026-09-17 18:53:57.278 [DATA] Command 'ar_telemetry' sent to map.
2026-09-17 18:53:57.294 [DATA] Command 'ar_telemetry' sent to map.
2026-09-17 18:53:57.310 [DATA] Command 'ar_telemetry' sent to map.
2026-09-17 18:53:57.325 [DATA] Command 'ar_telemetry' sent to map.
2026-09-17 18:53:57.341 [DATA] Command 'ar_telemetry' sent to map.
2026-09-17 18:53:57.356 [DATA] Command 'ar_telemetry' sent to map.
2026-09-17 18:53:57.386 [DATA] Command 'ar_telemetry' sent to map.
2026-09-17 18:53:57.402 [DATA] Command 'ar_telemetry' sent to map.
2026-09-17 18:53:57.416 [DATA] Command 'ar_telemetry' sent to map.
2026-09-17 18:53:57.432 [DATA] Command 'ar_telemetry' sent to map.
2026-09-17 18:53:57.447 [DATA] Command 'ar_telemetry' sent to map.
2026-09-17 18:53:57.461 [DATA] [TRUCK] приём: WS=3474 REST=212 без-placement=33 битых=0 применено=3653 live=True возраст_данных=2,0с | placement нет (пауза/окно игры неактивно — это норма)
2026-09-17 18:53:57.463 [DATA] Command 'ar_telemetry' sent to map.
2026-09-17 18:53:57.478 [DATA] Command 'ar_telemetry' sent to map.
2026-09-17 18:53:57.494 [DATA] Command 'ar_telemetry' sent to map.
2026-09-17 18:53:57.509 [DATA] Command 'ar_telemetry' sent to map.
2026-09-17 18:53:57.524 [DATA] Command 'ar_telemetry' sent to map.
2026-09-17 18:53:57.539 [DATA] Command 'ar_telemetry' sent to map.
2026-09-17 18:53:57.555 [DATA] Command 'ar_telemetry' sent to map.
2026-09-17 18:53:57.570 [DATA] Command 'ar_telemetry' sent to map.
2026-09-17 18:53:57.586 [DATA] Command 'ar_telemetry' sent to map.
2026-09-17 18:53:57.601 [DATA] Command 'ar_telemetry' sent to map.
2026-09-17 18:53:57.616 [DATA] Command 'ar_telemetry' sent to map.
2026-09-17 18:53:57.631 [DATA] Command 'ar_telemetry' sent to map.
2026-09-17 18:53:57.646 [DATA] Command 'ar_telemetry' sent to map.
2026-09-17 18:53:57.661 [DATA] Command 'ar_telemetry' sent to map.
2026-09-17 18:53:57.676 [DATA] Command 'ar_telemetry' sent to map.
2026-09-17 18:53:57.692 [DATA] Command 'ar_telemetry' sent to map.
2026-09-17 18:53:57.722 [DATA] [AR] tick alive: known=True changed=False forced=False head=True pts=5748 x=146515,2 z=-60984,8
2026-09-17 18:53:57.723 [DATA] Command 'ar_telemetry' sent to map.
2026-09-17 18:53:57.738 [DATA] Command 'ar_telemetry' sent to map.
2026-09-17 18:53:57.753 [DATA] Command 'ar_telemetry' sent to map.
2026-09-17 18:53:57.768 [DATA] Command 'ar_telemetry' sent to map.
2026-09-17 18:53:57.783 [DATA] Command 'ar_telemetry' sent to map.
2026-09-17 18:53:57.800 [DATA] Command 'ar_telemetry' sent to map.
2026-09-17 18:53:57.814 [DATA] Command 'ar_telemetry' sent to map.
2026-09-17 18:53:57.829 [DATA] Command 'ar_telemetry' sent to map.
2026-09-17 18:53:57.844 [DATA] Command 'ar_telemetry' sent to map.
2026-09-17 18:53:57.860 [DATA] Command 'ar_telemetry' sent to map.
2026-09-17 18:53:57.876 [DATA] Command 'ar_telemetry' sent to map.
2026-09-17 18:53:57.892 [DATA] Command 'ar_telemetry' sent to map.
2026-09-17 18:53:57.907 [DATA] Command 'ar_telemetry' sent to map.
2026-09-17 18:53:57.922 [DATA] Command 'ar_telemetry' sent to map.
2026-09-17 18:53:57.937 [DATA] Command 'ar_telemetry' sent to map.
2026-09-17 18:53:57.951 [DATA] Command 'ar_telemetry' sent to map.
2026-09-17 18:53:57.967 [DATA] Command 'ar_telemetry' sent to map.
2026-09-17 18:53:57.983 [DATA] Command 'ar_telemetry' sent to map.
2026-09-17 18:53:57.998 [DATA] Command 'ar_telemetry' sent to map.
2026-09-17 18:53:58.012 [DATA] Command 'ar_telemetry' sent to map.
2026-09-17 18:53:58.027 [DATA] Command 'ar_telemetry' sent to map.
2026-09-17 18:53:58.057 [DATA] Command 'ar_telemetry' sent to map.
2026-09-17 18:53:58.059 [DATA] [AR] ground plane: plane origin=(146515.00,111.60,-60985.00) N=(0.0002,1.0000,0.0000) avgWheelH=111.597 refH=111.597 maxRes=0.0000 used=4 wheels=4 | режим=по колёсам | измеренный уклон=0 мм
2026-09-17 18:53:58.059 [DATA] [AR] pose 'rest': truck=146515,18,111,60,-60984,81 camera=146517,02,114,11,-60985,31 fwd=0,973,-0,145,0,181 up=0,143,0,989,0,027 ground=111,60.
2026-09-17 18:53:58.073 [DATA] Command 'ar_telemetry' sent to map.
2026-09-17 18:53:58.088 [DATA] Command 'ar_telemetry' sent to map.
2026-09-17 18:53:58.103 [DATA] Command 'ar_telemetry' sent to map.
2026-09-17 18:53:58.118 [DATA] Command 'ar_telemetry' sent to map.
2026-09-17 18:53:58.134 [DATA] Command 'ar_telemetry' sent to map.
2026-09-17 18:53:58.149 [DATA] Command 'ar_telemetry' sent to map.
2026-09-17 18:53:58.164 [DATA] Command 'ar_telemetry' sent to map.
2026-09-17 18:53:58.179 [DATA] Command 'ar_telemetry' sent to map.
2026-09-17 18:53:58.194 [DATA] Command 'ar_telemetry' sent to map.
2026-09-17 18:53:58.210 [DATA] Command 'ar_telemetry' sent to map.
2026-09-17 18:53:58.225 [DATA] Command 'ar_telemetry' sent to map.
2026-09-17 18:53:58.240 [DATA] Command 'ar_telemetry' sent to map.
2026-09-17 18:53:58.255 [DATA] Command 'ar_telemetry' sent to map.
2026-09-17 18:53:58.272 [DATA] Command 'ar_telemetry' sent to map.
2026-09-17 18:53:58.287 [DATA] Command 'ar_telemetry' sent to map.
2026-09-17 18:53:58.303 [DATA] Command 'ar_telemetry' sent to map.
2026-09-17 18:53:58.318 [DATA] Command 'ar_telemetry' sent to map.
2026-09-17 18:53:58.333 [DATA] Command 'ar_telemetry' sent to map.
2026-09-17 18:53:58.348 [DATA] Command 'ar_telemetry' sent to map.
2026-09-17 18:53:58.379 [DATA] Command 'ar_telemetry' sent to map.
2026-09-17 18:53:58.490 [DATA] Command 'ar_telemetry' sent to map.
2026-09-17 18:53:58.501 [DATA] Command 'ar_telemetry' sent to map.
2026-09-17 18:53:58.516 [DATA] Command 'ar_telemetry' sent to map.
2026-09-17 18:53:58.531 [DATA] Command 'ar_telemetry' sent to map.
2026-09-17 18:53:58.546 [DATA] Command 'ar_telemetry' sent to map.
2026-09-17 18:53:58.562 [DATA] Command 'ar_telemetry' sent to map.
2026-09-17 18:53:58.578 [DATA] Command 'ar_telemetry' sent to map.
2026-09-17 18:53:58.593 [DATA] Command 'ar_telemetry' sent to map.
2026-09-17 18:53:58.608 [DATA] Command 'ar_telemetry' sent to map.
2026-09-17 18:53:58.622 [DATA] Command 'ar_telemetry' sent to map.
2026-09-17 18:53:58.637 [DATA] Command 'ar_telemetry' sent to map.
2026-09-17 18:53:58.652 [DATA] Command 'ar_telemetry' sent to map.
2026-09-17 18:53:58.668 [DATA] Command 'ar_telemetry' sent to map.
2026-09-17 18:53:58.701 [DATA] Command 'ar_telemetry' sent to map.
2026-09-17 18:53:58.713 [DATA] Command 'ar_telemetry' sent to map.
2026-09-17 18:53:58.729 [DATA] Command 'ar_telemetry' sent to map.
2026-09-17 18:53:58.743 [DATA] Command 'ar_telemetry' sent to map.
2026-09-17 18:53:58.758 [DATA] Command 'ar_telemetry' sent to map.
2026-09-17 18:53:58.773 [DATA] Command 'ar_telemetry' sent to map.
2026-09-17 18:53:58.793 [DATA] Command 'ar_telemetry' sent to map.
2026-09-17 18:53:58.804 [DATA] Command 'ar_telemetry' sent to map.
2026-09-17 18:53:58.819 [DATA] Command 'ar_telemetry' sent to map.
2026-09-17 18:53:58.834 [DATA] Command 'ar_telemetry' sent to map.
2026-09-17 18:53:58.849 [DATA] Command 'ar_telemetry' sent to map.
2026-09-17 18:53:58.865 [DATA] Command 'ar_telemetry' sent to map.
2026-09-17 18:53:58.880 [DATA] Command 'ar_telemetry' sent to map.
2026-09-17 18:53:58.896 [DATA] Command 'ar_telemetry' sent to map.
2026-09-17 18:53:58.911 [DATA] Command 'ar_telemetry' sent to map.
2026-09-17 18:53:58.927 [DATA] Command 'ar_telemetry' sent to map.
2026-09-17 18:53:58.942 [DATA] Command 'ar_telemetry' sent to map.
2026-09-17 18:53:58.958 [DATA] Command 'ar_telemetry' sent to map.
2026-09-17 18:53:58.973 [DATA] Command 'ar_telemetry' sent to map.
2026-09-17 18:53:58.989 [DATA] Command 'ar_telemetry' sent to map.
2026-09-17 18:53:59.004 [DATA] Command 'ar_telemetry' sent to map.
2026-09-17 18:53:59.035 [DATA] Command 'ar_telemetry' sent to map.
2026-09-17 18:53:59.050 [DATA] Command 'ar_telemetry' sent to map.
2026-09-17 18:53:59.065 [DATA] Command 'ar_telemetry' sent to map.
2026-09-17 18:53:59.077 [DATA] Command 'ar_telemetry' sent to map.
2026-09-17 18:53:59.095 [DATA] Command 'ar_telemetry' sent to map.
2026-09-17 18:53:59.111 [DATA] Command 'ar_telemetry' sent to map.
2026-09-17 18:53:59.126 [DATA] Command 'ar_telemetry' sent to map.
2026-09-17 18:53:59.141 [DATA] Command 'ar_telemetry' sent to map.
2026-09-17 18:53:59.155 [DATA] Command 'ar_telemetry' sent to map.
2026-09-17 18:53:59.170 [DATA] Command 'ar_telemetry' sent to map.
2026-09-17 18:53:59.186 [DATA] Command 'ar_telemetry' sent to map.
2026-09-17 18:53:59.201 [DATA] Command 'ar_telemetry' sent to map.
2026-09-17 18:53:59.216 [DATA] Command 'ar_telemetry' sent to map.
2026-09-17 18:53:59.231 [DATA] Command 'ar_telemetry' sent to map.
2026-09-17 18:53:59.247 [DATA] Command 'ar_telemetry' sent to map.
2026-09-17 18:53:59.262 [DATA] Command 'ar_telemetry' sent to map.
2026-09-17 18:53:59.277 [DATA] Command 'ar_telemetry' sent to map.
2026-09-17 18:53:59.293 [DATA] Command 'ar_telemetry' sent to map.
2026-09-17 18:53:59.323 [DATA] Command 'ar_telemetry' sent to map.
2026-09-17 18:53:59.339 [DATA] Command 'ar_telemetry' sent to map.
2026-09-17 18:53:59.354 [DATA] Command 'ar_telemetry' sent to map.
2026-09-17 18:53:59.370 [DATA] Command 'ar_telemetry' sent to map.
2026-09-17 18:53:59.385 [DATA] Command 'ar_telemetry' sent to map.
2026-09-17 18:53:59.400 [DATA] Command 'ar_telemetry' sent to map.
2026-09-17 18:53:59.415 [DATA] Command 'ar_telemetry' sent to map.
2026-09-17 18:53:59.433 [DATA] Command 'ar_telemetry' sent to map.
2026-09-17 18:53:59.446 [DATA] Command 'ar_telemetry' sent to map.
2026-09-17 18:53:59.461 [DATA] Command 'ar_telemetry' sent to map.
2026-09-17 18:53:59.476 [DATA] Command 'ar_telemetry' sent to map.
2026-09-17 18:53:59.492 [DATA] Command 'ar_telemetry' sent to map.
2026-09-17 18:53:59.507 [DATA] Command 'ar_telemetry' sent to map.
2026-09-17 18:53:59.523 [DATA] Command 'ar_telemetry' sent to map.
2026-09-17 18:53:59.538 [DATA] Command 'ar_telemetry' sent to map.
2026-09-17 18:53:59.553 [DATA] Command 'ar_telemetry' sent to map.
2026-09-17 18:53:59.569 [DATA] Command 'ar_telemetry' sent to map.
2026-09-17 18:53:59.572 [DATA] [OVR] load_order.txt: [custom_map1.json, test_targets.json] (снизу=низший приоритет)
2026-09-17 18:53:59.575 [DATA] [OVR] файл из load_order не найден: custom_map1.json (пропущен)
2026-09-17 18:53:59.575 [DATA] [OVR] прочитан test_targets.json: записей=1
2026-09-17 18:53:59.575 [DATA] [OVR]   test_targets.json -> random: 119646.75, 0.00, -53344.43
2026-09-17 18:53:59.579 [DATA] [AR] Модель точек без изменений: 5748.
2026-09-17 18:53:59.583 [DATA] Command 'ar_telemetry' sent to map.
2026-09-17 18:53:59.599 [DATA] Command 'ar_telemetry' sent to map.
2026-09-17 18:53:59.614 [DATA] Command 'ar_telemetry' sent to map.
2026-09-17 18:53:59.630 [DATA] Command 'ar_telemetry' sent to map.
2026-09-17 18:53:59.645 [DATA] Command 'ar_telemetry' sent to map.
2026-09-17 18:53:59.661 [DATA] Command 'ar_telemetry' sent to map.
2026-09-17 18:53:59.676 [DATA] Command 'ar_telemetry' sent to map.
2026-09-17 18:53:59.707 [DATA] Command 'ar_telemetry' sent to map.
2026-09-17 18:53:59.722 [DATA] Command 'ar_telemetry' sent to map.
2026-09-17 18:53:59.738 [DATA] Command 'ar_telemetry' sent to map.
2026-09-17 18:53:59.753 [DATA] Command 'ar_telemetry' sent to map.
2026-09-17 18:53:59.769 [DATA] Command 'ar_telemetry' sent to map.
2026-09-17 18:53:59.784 [DATA] Command 'ar_telemetry' sent to map.
2026-09-17 18:53:59.800 [DATA] Command 'ar_telemetry' sent to map.
2026-09-17 18:53:59.815 [DATA] Command 'ar_telemetry' sent to map.
2026-09-17 18:53:59.830 [DATA] Command 'ar_telemetry' sent to map.
2026-09-17 18:53:59.845 [DATA] Command 'ar_telemetry' sent to map.
2026-09-17 18:53:59.861 [DATA] Command 'ar_telemetry' sent to map.
2026-09-17 18:53:59.877 [DATA] Command 'ar_telemetry' sent to map.
2026-09-17 18:53:59.892 [DATA] Command 'ar_telemetry' sent to map.
2026-09-17 18:53:59.907 [DATA] Command 'ar_telemetry' sent to map.
2026-09-17 18:53:59.923 [DATA] Command 'ar_telemetry' sent to map.
2026-09-17 18:53:59.939 [DATA] Command 'ar_telemetry' sent to map.
2026-09-17 18:53:59.954 [DATA] Command 'ar_telemetry' sent to map.
2026-09-17 18:53:59.970 [DATA] Command 'ar_telemetry' sent to map.
2026-09-17 18:53:59.986 [DATA] Command 'ar_telemetry' sent to map.
2026-09-17 18:54:00.001 [DATA] Command 'ar_telemetry' sent to map.
2026-09-17 18:54:00.017 [DATA] Command 'ar_telemetry' sent to map.
2026-09-17 18:54:00.032 [DATA] Command 'ar_telemetry' sent to map.
2026-09-17 18:54:00.048 [DATA] Command 'ar_telemetry' sent to map.
2026-09-17 18:54:00.062 [DATA] Command 'ar_telemetry' sent to map.
2026-09-17 18:54:00.078 [DATA] Command 'ar_telemetry' sent to map.
2026-09-17 18:54:00.093 [DATA] Command 'ar_telemetry' sent to map.
2026-09-17 18:54:00.108 [DATA] Command 'ar_telemetry' sent to map.
2026-09-17 18:54:00.125 [DATA] Command 'ar_telemetry' sent to map.
2026-09-17 18:54:00.126 [DATA] [QUEST][DIAG] Ruslan: enabled=True status=Available step=available paused=False build=built marker=yellow_exclamation map=True ar=True interactive=True point=(146529,0,111,6,-60981,0) truck=(146515,2,111,6,-60984,8) dist=14,3m trigger=35,0m inside=True override=none
2026-09-17 18:54:00.126 [DATA] [QUEST][DIAG] AR: truckKnown=True cameraValid=True camera=(0,0,0,0,0,0) arDisplayRadius=5 globalPoints=5748 nearSig= questStatePoints=1 ruslanInQuestState=True
2026-09-17 18:54:00.126 [DATA] [QUEST][DIAG] PIPE: definitions=1 activeQuest=False ruslanName=Шашлычник Руслан
2026-09-17 18:54:00.140 [DATA] Command 'ar_telemetry' sent to map.
2026-09-17 18:54:00.155 [DATA] Command 'ar_telemetry' sent to map.
2026-09-17 18:54:00.187 [DATA] Command 'ar_telemetry' sent to map.
2026-09-17 18:54:00.202 [DATA] Command 'ar_telemetry' sent to map.
2026-09-17 18:54:00.218 [DATA] Command 'ar_telemetry' sent to map.
2026-09-17 18:54:00.233 [DATA] Command 'ar_telemetry' sent to map.
2026-09-17 18:54:00.247 [DATA] Command 'ar_telemetry' sent to map.
2026-09-17 18:54:00.263 [DATA] Command 'ar_telemetry' sent to map.
2026-09-17 18:54:00.278 [DATA] Command 'ar_telemetry' sent to map.
2026-09-17 18:54:00.294 [DATA] Command 'ar_telemetry' sent to map.
2026-09-17 18:54:00.309 [DATA] Command 'ar_telemetry' sent to map.
2026-09-17 18:54:00.327 [DATA] Command 'ar_telemetry' sent to map.
2026-09-17 18:54:00.341 [DATA] Command 'ar_telemetry' sent to map.
2026-09-17 18:54:00.356 [DATA] Command 'ar_telemetry' sent to map.
2026-09-17 18:54:00.371 [DATA] Command 'ar_telemetry' sent to map.
2026-09-17 18:54:00.472 [DATA] Command 'ar_telemetry' sent to map.
2026-09-17 18:54:00.478 [DATA] Command 'ar_telemetry' sent to map.
2026-09-17 18:54:00.493 [DATA] Command 'ar_telemetry' sent to map.
2026-09-17 18:54:00.509 [DATA] Command 'ar_telemetry' sent to map.
2026-09-17 18:54:00.525 [DATA] Command 'ar_telemetry' sent to map.
2026-09-17 18:54:00.536 [DATA] [AR] нет применимых telemetry-полей в источнике 'ws'.
2026-09-17 18:54:00.541 [DATA] Command 'ar_telemetry' sent to map.
2026-09-17 18:54:00.556 [DATA] Command 'ar_telemetry' sent to map.
2026-09-17 18:54:00.571 [DATA] Command 'ar_telemetry' sent to map.
2026-09-17 18:54:00.602 [DATA] Command 'ar_telemetry' sent to map.
2026-09-17 18:54:00.618 [DATA] Command 'ar_telemetry' sent to map.
2026-09-17 18:54:00.633 [DATA] Command 'ar_telemetry' sent to map.
2026-09-17 18:54:00.649 [DATA] Command 'ar_telemetry' sent to map.
2026-09-17 18:54:00.664 [DATA] Command 'ar_telemetry' sent to map.
2026-09-17 18:54:00.680 [DATA] Command 'ar_telemetry' sent to map.
2026-09-17 18:54:00.696 [DATA] Command 'ar_telemetry' sent to map.
2026-09-17 18:54:00.711 [DATA] Command 'ar_telemetry' sent to map.
2026-09-17 18:54:00.727 [DATA] Command 'ar_telemetry' sent to map.
2026-09-17 18:54:00.742 [DATA] Command 'ar_telemetry' sent to map.
2026-09-17 18:54:00.757 [DATA] Command 'ar_telemetry' sent to map.
2026-09-17 18:54:00.771 [DATA] Command 'ar_telemetry' sent to map.
2026-09-17 18:54:00.787 [DATA] Command 'ar_telemetry' sent to map.
2026-09-17 18:54:00.807 [DATA] Command 'ar_telemetry' sent to map.
2026-09-17 18:54:00.818 [DATA] Command 'ar_telemetry' sent to map.
2026-09-17 18:54:00.833 [DATA] Command 'ar_telemetry' sent to map.
2026-09-17 18:54:00.848 [DATA] Command 'ar_telemetry' sent to map.
2026-09-17 18:54:00.864 [DATA] Command 'ar_telemetry' sent to map.
2026-09-17 18:54:00.880 [DATA] Command 'ar_telemetry' sent to map.
2026-09-17 18:54:00.895 [DATA] Command 'ar_telemetry' sent to map.
2026-09-17 18:54:00.910 [DATA] Command 'ar_telemetry' sent to map.
2026-09-17 18:54:00.926 [DATA] Command 'ar_telemetry' sent to map.
2026-09-17 18:54:00.941 [DATA] Command 'ar_telemetry' sent to map.
2026-09-17 18:54:00.957 [DATA] Command 'ar_telemetry' sent to map.
2026-09-17 18:54:00.972 [DATA] Command 'ar_telemetry' sent to map.
2026-09-17 18:54:01.004 [DATA] Command 'ar_telemetry' sent to map.
2026-09-17 18:54:01.019 [DATA] Command 'ar_telemetry' sent to map.
2026-09-17 18:54:01.035 [DATA] Command 'ar_telemetry' sent to map.
2026-09-17 18:54:01.050 [DATA] Command 'ar_telemetry' sent to map.
2026-09-17 18:54:01.065 [DATA] Command 'ar_telemetry' sent to map.
2026-09-17 18:54:01.081 [DATA] Command 'ar_telemetry' sent to map.
2026-09-17 18:54:01.096 [DATA] Command 'ar_telemetry' sent to map.
2026-09-17 18:54:01.111 [DATA] Command 'ar_telemetry' sent to map.
2026-09-17 18:54:01.126 [DATA] Command 'ar_telemetry' sent to map.
2026-09-17 18:54:01.141 [DATA] Command 'ar_telemetry' sent to map.
2026-09-17 18:54:01.157 [DATA] Command 'ar_telemetry' sent to map.
2026-09-17 18:54:01.172 [DATA] Command 'ar_telemetry' sent to map.
2026-09-17 18:54:01.189 [DATA] Command 'ar_telemetry' sent to map.
2026-09-17 18:54:01.205 [DATA] Command 'ar_telemetry' sent to map.
2026-09-17 18:54:01.220 [DATA] Command 'ar_telemetry' sent to map.
2026-09-17 18:54:01.235 [DATA] Command 'ar_telemetry' sent to map.
2026-09-17 18:54:01.251 [DATA] Command 'ar_telemetry' sent to map.
2026-09-17 18:54:01.266 [DATA] Command 'ar_telemetry' sent to map.
2026-09-17 18:54:01.281 [DATA] Command 'ar_telemetry' sent to map.
2026-09-17 18:54:01.296 [DATA] Command 'ar_telemetry' sent to map.
2026-09-17 18:54:01.312 [DATA] Command 'ar_telemetry' sent to map.
2026-09-17 18:54:01.328 [DATA] Command 'ar_telemetry' sent to map.
2026-09-17 18:54:01.342 [DATA] Command 'ar_telemetry' sent to map.
2026-09-17 18:54:01.358 [DATA] Command 'ar_telemetry' sent to map.
2026-09-17 18:54:01.373 [DATA] Command 'ar_telemetry' sent to map.
2026-09-17 18:54:01.389 [DATA] Command 'ar_telemetry' sent to map.
2026-09-17 18:54:01.404 [DATA] Command 'ar_telemetry' sent to map.
2026-09-17 18:54:01.435 [DATA] Command 'ar_telemetry' sent to map.
2026-09-17 18:54:01.450 [DATA] Command 'ar_telemetry' sent to map.
2026-09-17 18:54:01.465 [DATA] Command 'ar_telemetry' sent to map.
2026-09-17 18:54:01.481 [DATA] Command 'ar_telemetry' sent to map.
2026-09-17 18:54:01.496 [DATA] Command 'ar_telemetry' sent to map.
2026-09-17 18:54:01.511 [DATA] Command 'ar_telemetry' sent to map.
2026-09-17 18:54:01.527 [DATA] Command 'ar_telemetry' sent to map.
2026-09-17 18:54:01.542 [DATA] Command 'ar_telemetry' sent to map.
2026-09-17 18:54:01.559 [DATA] Command 'ar_telemetry' sent to map.
2026-09-17 18:54:01.574 [DATA] Command 'ar_telemetry' sent to map.
2026-09-17 18:54:01.589 [DATA] Command 'ar_telemetry' sent to map.
2026-09-17 18:54:01.605 [DATA] Command 'ar_telemetry' sent to map.
2026-09-17 18:54:01.620 [DATA] Command 'ar_telemetry' sent to map.
2026-09-17 18:54:01.635 [DATA] Command 'ar_telemetry' sent to map.
2026-09-17 18:54:01.650 [DATA] Command 'ar_telemetry' sent to map.
2026-09-17 18:54:01.666 [DATA] Command 'ar_telemetry' sent to map.
2026-09-17 18:54:01.681 [DATA] Command 'ar_telemetry' sent to map.
2026-09-17 18:54:01.697 [DATA] Command 'ar_telemetry' sent to map.
2026-09-17 18:54:01.712 [DATA] Command 'ar_telemetry' sent to map.
2026-09-17 18:54:01.727 [DATA] Command 'ar_telemetry' sent to map.
2026-09-17 18:54:01.742 [DATA] Command 'ar_telemetry' sent to map.
2026-09-17 18:54:01.758 [DATA] Command 'ar_telemetry' sent to map.
2026-09-17 18:54:01.773 [DATA] Command 'ar_telemetry' sent to map.
2026-09-17 18:54:01.789 [DATA] Command 'ar_telemetry' sent to map.
2026-09-17 18:54:01.819 [DATA] Command 'ar_telemetry' sent to map.
2026-09-17 18:54:01.835 [DATA] Command 'ar_telemetry' sent to map.
2026-09-17 18:54:01.850 [DATA] Command 'ar_telemetry' sent to map.
2026-09-17 18:54:01.865 [DATA] Command 'ar_telemetry' sent to map.
2026-09-17 18:54:01.880 [DATA] Command 'ar_telemetry' sent to map.
2026-09-17 18:54:01.897 [DATA] Command 'ar_telemetry' sent to map.
2026-09-17 18:54:01.912 [DATA] Command 'ar_telemetry' sent to map.
2026-09-17 18:54:01.928 [DATA] Command 'ar_telemetry' sent to map.
2026-09-17 18:54:01.944 [DATA] Command 'ar_telemetry' sent to map.
2026-09-17 18:54:01.959 [DATA] Command 'ar_telemetry' sent to map.
2026-09-17 18:54:01.974 [DATA] Command 'ar_telemetry' sent to map.
2026-09-17 18:54:01.989 [DATA] Command 'ar_telemetry' sent to map.
2026-09-17 18:54:02.004 [DATA] Command 'ar_telemetry' sent to map.
2026-09-17 18:54:02.019 [DATA] Command 'ar_telemetry' sent to map.
2026-09-17 18:54:02.035 [DATA] Command 'ar_telemetry' sent to map.
2026-09-17 18:54:02.050 [DATA] Command 'ar_telemetry' sent to map.
2026-09-17 18:54:02.066 [DATA] Command 'ar_telemetry' sent to map.
2026-09-17 18:54:02.081 [DATA] Command 'ar_telemetry' sent to map.
2026-09-17 18:54:02.097 [DATA] Command 'ar_telemetry' sent to map.
2026-09-17 18:54:02.113 [DATA] Command 'ar_telemetry' sent to map.
2026-09-17 18:54:02.127 [DATA] Command 'ar_telemetry' sent to map.
2026-09-17 18:54:02.143 [DATA] Command 'ar_telemetry' sent to map.
2026-09-17 18:54:02.158 [DATA] Command 'ar_telemetry' sent to map.
2026-09-17 18:54:02.174 [DATA] Command 'ar_telemetry' sent to map.
2026-09-17 18:54:02.189 [DATA] Command 'ar_telemetry' sent to map.
2026-09-17 18:54:02.204 [DATA] Command 'ar_telemetry' sent to map.
2026-09-17 18:54:02.236 [DATA] Command 'ar_telemetry' sent to map.
2026-09-17 18:54:02.251 [DATA] Command 'ar_telemetry' sent to map.
2026-09-17 18:54:02.266 [DATA] Command 'ar_telemetry' sent to map.
2026-09-17 18:54:02.281 [DATA] Command 'ar_telemetry' sent to map.
2026-09-17 18:54:02.297 [DATA] Command 'ar_telemetry' sent to map.
2026-09-17 18:54:02.313 [DATA] Command 'ar_telemetry' sent to map.
2026-09-17 18:54:02.327 [DATA] Command 'ar_telemetry' sent to map.
2026-09-17 18:54:02.343 [DATA] Command 'ar_telemetry' sent to map.
2026-09-17 18:54:02.359 [DATA] Command 'ar_telemetry' sent to map.
2026-09-17 18:54:02.374 [DATA] Command 'ar_telemetry' sent to map.
2026-09-17 18:54:02.475 [DATA] Command 'ar_telemetry' sent to map.
2026-09-17 18:54:02.480 [DATA] Command 'ar_telemetry' sent to map.
2026-09-17 18:54:02.495 [DATA] Command 'ar_telemetry' sent to map.
2026-09-17 18:54:02.510 [DATA] Command 'ar_telemetry' sent to map.
2026-09-17 18:54:02.526 [DATA] Command 'ar_telemetry' sent to map.
2026-09-17 18:54:02.542 [DATA] Command 'ar_telemetry' sent to map.
2026-09-17 18:54:02.557 [DATA] Command 'ar_telemetry' sent to map.
2026-09-17 18:54:02.588 [DATA] Command 'ar_telemetry' sent to map.
2026-09-17 18:54:02.603 [DATA] Command 'ar_telemetry' sent to map.
2026-09-17 18:54:02.621 [DATA] Command 'ar_telemetry' sent to map.
2026-09-17 18:54:02.634 [DATA] Command 'ar_telemetry' sent to map.
2026-09-17 18:54:02.650 [DATA] Command 'ar_telemetry' sent to map.
2026-09-17 18:54:02.665 [DATA] Command 'ar_telemetry' sent to map.
2026-09-17 18:54:02.680 [DATA] Command 'ar_telemetry' sent to map.
2026-09-17 18:54:02.695 [DATA] Command 'ar_telemetry' sent to map.
2026-09-17 18:54:02.710 [DATA] Command 'ar_telemetry' sent to map.
2026-09-17 18:54:02.725 [DATA] [AR] tick alive: known=True changed=False forced=False head=True pts=5748 x=146515,2 z=-60984,8
2026-09-17 18:54:02.726 [DATA] Command 'ar_telemetry' sent to map.
2026-09-17 18:54:02.741 [DATA] Command 'ar_telemetry' sent to map.
2026-09-17 18:54:02.757 [DATA] Command 'ar_telemetry' sent to map.
2026-09-17 18:54:02.771 [DATA] Command 'ar_telemetry' sent to map.
2026-09-17 18:54:02.787 [DATA] Command 'ar_telemetry' sent to map.
2026-09-17 18:54:02.803 [DATA] Command 'ar_telemetry' sent to map.
2026-09-17 18:54:02.827 [DATA] Command 'ar_telemetry' sent to map.
2026-09-17 18:54:02.833 [DATA] Command 'ar_telemetry' sent to map.
2026-09-17 18:54:02.849 [DATA] Command 'ar_telemetry' sent to map.
2026-09-17 18:54:02.865 [DATA] Command 'ar_telemetry' sent to map.
2026-09-17 18:54:02.880 [DATA] Command 'ar_telemetry' sent to map.
2026-09-17 18:54:02.895 [DATA] Command 'ar_telemetry' sent to map.
2026-09-17 18:54:02.911 [DATA] Command 'ar_telemetry' sent to map.
2026-09-17 18:54:02.926 [DATA] Command 'ar_telemetry' sent to map.
2026-09-17 18:54:02.942 [DATA] Command 'ar_telemetry' sent to map.
2026-09-17 18:54:02.957 [DATA] Command 'ar_telemetry' sent to map.
2026-09-17 18:54:02.973 [DATA] Command 'ar_telemetry' sent to map.
2026-09-17 18:54:03.004 [DATA] Command 'ar_telemetry' sent to map.
2026-09-17 18:54:03.020 [DATA] Command 'ar_telemetry' sent to map.
2026-09-17 18:54:03.035 [DATA] Command 'ar_telemetry' sent to map.
2026-09-17 18:54:03.050 [DATA] Command 'ar_telemetry' sent to map.
2026-09-17 18:54:03.065 [DATA] Command 'ar_telemetry' sent to map.
2026-09-17 18:54:03.080 [DATA] Command 'ar_telemetry' sent to map.
2026-09-17 18:54:03.095 [DATA] Command 'ar_telemetry' sent to map.
2026-09-17 18:54:03.110 [DATA] Command 'ar_telemetry' sent to map.
2026-09-17 18:54:03.112 [DATA] [AR] ground plane: plane origin=(146515.00,111.60,-60985.00) N=(0.0002,1.0000,0.0000) avgWheelH=111.597 refH=111.597 maxRes=0.0000 used=4 wheels=4 | режим=по колёсам | измеренный уклон=0 мм
2026-09-17 18:54:03.112 [DATA] [AR] pose 'rest': truck=146515,18,111,60,-60984,81 camera=146517,02,114,11,-60985,32 fwd=0,981,-0,149,0,125 up=0,148,0,989,0,019 ground=111,60.
2026-09-17 18:54:03.125 [DATA] Command 'ar_telemetry' sent to map.
2026-09-17 18:54:03.141 [DATA] Command 'ar_telemetry' sent to map.
2026-09-17 18:54:03.157 [DATA] Command 'ar_telemetry' sent to map.
2026-09-17 18:54:03.172 [DATA] Command 'ar_telemetry' sent to map.
2026-09-17 18:54:03.188 [DATA] Command 'ar_telemetry' sent to map.
2026-09-17 18:54:03.203 [DATA] Command 'ar_telemetry' sent to map.
2026-09-17 18:54:03.219 [DATA] Command 'ar_telemetry' sent to map.
2026-09-17 18:54:03.235 [DATA] Command 'ar_telemetry' sent to map.
2026-09-17 18:54:03.250 [DATA] Command 'ar_telemetry' sent to map.
2026-09-17 18:54:03.265 [DATA] Command 'ar_telemetry' sent to map.
2026-09-17 18:54:03.281 [DATA] Command 'ar_telemetry' sent to map.
2026-09-17 18:54:03.295 [DATA] Command 'ar_telemetry' sent to map.
2026-09-17 18:54:03.310 [DATA] Command 'ar_telemetry' sent to map.
2026-09-17 18:54:03.327 [DATA] Command 'ar_telemetry' sent to map.
2026-09-17 18:54:03.346 [DATA] Command 'ar_telemetry' sent to map.
2026-09-17 18:54:03.372 [DATA] Command 'ar_telemetry' sent to map.
2026-09-17 18:54:03.388 [DATA] Command 'ar_telemetry' sent to map.
2026-09-17 18:54:03.404 [DATA] Command 'ar_telemetry' sent to map.
2026-09-17 18:54:03.419 [DATA] Command 'ar_telemetry' sent to map.
2026-09-17 18:54:03.434 [DATA] Command 'ar_telemetry' sent to map.
2026-09-17 18:54:03.450 [DATA] Command 'ar_telemetry' sent to map.
2026-09-17 18:54:03.465 [DATA] Command 'ar_telemetry' sent to map.
2026-09-17 18:54:03.481 [DATA] Command 'ar_telemetry' sent to map.
2026-09-17 18:54:03.497 [DATA] Command 'ar_telemetry' sent to map.
2026-09-17 18:54:03.512 [DATA] Command 'ar_telemetry' sent to map.
2026-09-17 18:54:03.527 [DATA] Command 'ar_telemetry' sent to map.
2026-09-17 18:54:03.542 [DATA] Command 'ar_telemetry' sent to map.
2026-09-17 18:54:03.559 [DATA] Command 'ar_telemetry' sent to map.
2026-09-17 18:54:03.574 [DATA] Command 'ar_telemetry' sent to map.
2026-09-17 18:54:03.589 [DATA] Command 'ar_telemetry' sent to map.
2026-09-17 18:54:03.605 [DATA] Command 'ar_telemetry' sent to map.
2026-09-17 18:54:03.620 [DATA] Command 'ar_telemetry' sent to map.
2026-09-17 18:54:03.635 [DATA] Command 'ar_telemetry' sent to map.
2026-09-17 18:54:03.651 [DATA] Command 'ar_telemetry' sent to map.
2026-09-17 18:54:03.666 [DATA] Command 'ar_telemetry' sent to map.
2026-09-17 18:54:03.681 [DATA] Command 'ar_telemetry' sent to map.
2026-09-17 18:54:03.697 [DATA] Command 'ar_telemetry' sent to map.
2026-09-17 18:54:03.712 [DATA] Command 'ar_telemetry' sent to map.
2026-09-17 18:54:03.727 [DATA] Command 'ar_telemetry' sent to map.
2026-09-17 18:54:03.742 [DATA] Command 'ar_telemetry' sent to map.
2026-09-17 18:54:03.772 [DATA] Command 'ar_telemetry' sent to map.
2026-09-17 18:54:03.787 [DATA] Command 'ar_telemetry' sent to map.
2026-09-17 18:54:03.803 [DATA] Command 'ar_telemetry' sent to map.
2026-09-17 18:54:03.818 [DATA] Command 'ar_telemetry' sent to map.
2026-09-17 18:54:03.833 [DATA] Command 'ar_telemetry' sent to map.
2026-09-17 18:54:03.848 [DATA] Command 'ar_telemetry' sent to map.
2026-09-17 18:54:03.864 [DATA] Command 'ar_telemetry' sent to map.
2026-09-17 18:54:03.879 [DATA] Command 'ar_telemetry' sent to map.
2026-09-17 18:54:03.894 [DATA] Command 'ar_telemetry' sent to map.
2026-09-17 18:54:03.910 [DATA] Command 'ar_telemetry' sent to map.
2026-09-17 18:54:03.926 [DATA] Command 'ar_telemetry' sent to map.
2026-09-17 18:54:03.940 [DATA] Command 'ar_telemetry' sent to map.
2026-09-17 18:54:03.956 [DATA] Command 'ar_telemetry' sent to map.
2026-09-17 18:54:03.972 [DATA] Command 'ar_telemetry' sent to map.
2026-09-17 18:54:03.987 [DATA] Command 'ar_telemetry' sent to map.
2026-09-17 18:54:04.003 [DATA] Command 'ar_telemetry' sent to map.
2026-09-17 18:54:04.018 [DATA] Command 'ar_telemetry' sent to map.
2026-09-17 18:54:04.033 [DATA] Command 'ar_telemetry' sent to map.
2026-09-17 18:54:04.048 [DATA] Command 'ar_telemetry' sent to map.
2026-09-17 18:54:04.063 [DATA] Command 'ar_telemetry' sent to map.
2026-09-17 18:54:04.078 [DATA] Command 'ar_telemetry' sent to map.
2026-09-17 18:54:04.094 [DATA] Command 'ar_telemetry' sent to map.
2026-09-17 18:54:04.125 [DATA] Command 'ar_telemetry' sent to map.
2026-09-17 18:54:04.140 [DATA] Command 'ar_telemetry' sent to map.
2026-09-17 18:54:04.156 [DATA] Command 'ar_telemetry' sent to map.
2026-09-17 18:54:04.171 [DATA] Command 'ar_telemetry' sent to map.
2026-09-17 18:54:04.187 [DATA] Command 'ar_telemetry' sent to map.
2026-09-17 18:54:04.202 [DATA] Command 'ar_telemetry' sent to map.
2026-09-17 18:54:04.218 [DATA] Command 'ar_telemetry' sent to map.
2026-09-17 18:54:04.233 [DATA] Command 'ar_telemetry' sent to map.
2026-09-17 18:54:04.248 [DATA] Command 'ar_telemetry' sent to map.
2026-09-17 18:54:04.263 [DATA] Command 'ar_telemetry' sent to map.
2026-09-17 18:54:04.278 [DATA] Command 'ar_telemetry' sent to map.
2026-09-17 18:54:04.294 [DATA] Command 'ar_telemetry' sent to map.
2026-09-17 18:54:04.309 [DATA] Command 'ar_telemetry' sent to map.
2026-09-17 18:54:04.325 [DATA] Command 'ar_telemetry' sent to map.
2026-09-17 18:54:04.341 [DATA] Command 'ar_telemetry' sent to map.
2026-09-17 18:54:04.356 [DATA] Command 'ar_telemetry' sent to map.
2026-09-17 18:54:04.371 [DATA] Command 'ar_telemetry' sent to map.
2026-09-17 18:54:04.473 [DATA] Command 'ar_telemetry' sent to map.
2026-09-17 18:54:04.479 [DATA] Command 'ar_telemetry' sent to map.
2026-09-17 18:54:04.494 [DATA] Command 'ar_telemetry' sent to map.
2026-09-17 18:54:04.510 [DATA] Command 'ar_telemetry' sent to map.
2026-09-17 18:54:04.525 [DATA] Command 'ar_telemetry' sent to map.
2026-09-17 18:54:04.556 [DATA] Command 'ar_telemetry' sent to map.
2026-09-17 18:54:04.571 [DATA] Command 'ar_telemetry' sent to map.
2026-09-17 18:54:04.587 [DATA] Command 'ar_telemetry' sent to map.
2026-09-17 18:54:04.603 [DATA] Command 'ar_telemetry' sent to map.
2026-09-17 18:54:04.618 [DATA] Command 'ar_telemetry' sent to map.
2026-09-17 18:54:04.633 [DATA] Command 'ar_telemetry' sent to map.
2026-09-17 18:54:04.649 [DATA] Command 'ar_telemetry' sent to map.
2026-09-17 18:54:04.664 [DATA] Command 'ar_telemetry' sent to map.
2026-09-17 18:54:04.680 [DATA] Command 'ar_telemetry' sent to map.
2026-09-17 18:54:04.695 [DATA] Command 'ar_telemetry' sent to map.
2026-09-17 18:54:04.710 [DATA] Command 'ar_telemetry' sent to map.
2026-09-17 18:54:04.726 [DATA] Command 'ar_telemetry' sent to map.
2026-09-17 18:54:04.742 [DATA] Command 'ar_telemetry' sent to map.
2026-09-17 18:54:04.757 [DATA] Command 'ar_telemetry' sent to map.
2026-09-17 18:54:04.773 [DATA] Command 'ar_telemetry' sent to map.
2026-09-17 18:54:04.788 [DATA] Command 'ar_telemetry' sent to map.
2026-09-17 18:54:04.803 [DATA] Command 'ar_telemetry' sent to map.
2026-09-17 18:54:04.818 [DATA] Command 'ar_telemetry' sent to map.
2026-09-17 18:54:04.837 [DATA] Command 'ar_telemetry' sent to map.
2026-09-17 18:54:04.849 [DATA] Command 'ar_telemetry' sent to map.
2026-09-17 18:54:04.864 [DATA] Command 'ar_telemetry' sent to map.
2026-09-17 18:54:04.879 [DATA] Command 'ar_telemetry' sent to map.
2026-09-17 18:54:04.894 [DATA] Command 'ar_telemetry' sent to map.
2026-09-17 18:54:04.911 [DATA] Command 'ar_telemetry' sent to map.
2026-09-17 18:54:04.926 [DATA] Command 'ar_telemetry' sent to map.
2026-09-17 18:54:04.941 [DATA] Command 'ar_telemetry' sent to map.
2026-09-17 18:54:04.972 [DATA] Command 'ar_telemetry' sent to map.
2026-09-17 18:54:04.988 [DATA] Command 'ar_telemetry' sent to map.
2026-09-17 18:54:05.003 [DATA] Command 'ar_telemetry' sent to map.
2026-09-17 18:54:05.018 [DATA] Command 'ar_telemetry' sent to map.
2026-09-17 18:54:05.034 [DATA] Command 'ar_telemetry' sent to map.
2026-09-17 18:54:05.049 [DATA] Command 'ar_telemetry' sent to map.
2026-09-17 18:54:05.064 [DATA] Command 'ar_telemetry' sent to map.
2026-09-17 18:54:05.080 [DATA] Command 'ar_telemetry' sent to map.
2026-09-17 18:54:05.095 [DATA] Command 'ar_telemetry' sent to map.
2026-09-17 18:54:05.110 [DATA] Command 'ar_telemetry' sent to map.
2026-09-17 18:54:05.126 [DATA] Command 'ar_telemetry' sent to map.
2026-09-17 18:54:05.127 [DATA] [QUEST][DIAG] Ruslan: enabled=True status=Available step=available paused=False build=built marker=yellow_exclamation map=True ar=True interactive=True point=(146529,0,111,6,-60981,0) truck=(146515,2,111,6,-60984,8) dist=14,3m trigger=35,0m inside=True override=none
2026-09-17 18:54:05.127 [DATA] [QUEST][DIAG] AR: truckKnown=True cameraValid=True camera=(0,0,0,0,0,0) arDisplayRadius=5 globalPoints=5748 nearSig= questStatePoints=1 ruslanInQuestState=True
2026-09-17 18:54:05.127 [DATA] [QUEST][DIAG] PIPE: definitions=1 activeQuest=False ruslanName=Шашлычник Руслан
2026-09-17 18:54:05.142 [DATA] Command 'ar_telemetry' sent to map.
2026-09-17 18:54:05.157 [DATA] Command 'ar_telemetry' sent to map.
2026-09-17 18:54:05.172 [DATA] Command 'ar_telemetry' sent to map.
2026-09-17 18:54:05.187 [DATA] Command 'ar_telemetry' sent to map.
2026-09-17 18:54:05.203 [DATA] Command 'ar_telemetry' sent to map.
2026-09-17 18:54:05.218 [DATA] Command 'ar_telemetry' sent to map.
2026-09-17 18:54:05.234 [DATA] Command 'ar_telemetry' sent to map.
2026-09-17 18:54:05.251 [DATA] Command 'ar_telemetry' sent to map.
2026-09-17 18:54:05.265 [DATA] Command 'ar_telemetry' sent to map.
2026-09-17 18:54:05.279 [DATA] Command 'ar_telemetry' sent to map.
2026-09-17 18:54:05.294 [DATA] Command 'ar_telemetry' sent to map.
2026-09-17 18:54:05.310 [DATA] Command 'ar_telemetry' sent to map.
2026-09-17 18:54:05.340 [DATA] Command 'ar_telemetry' sent to map.
2026-09-17 18:54:05.355 [DATA] Command 'ar_telemetry' sent to map.
2026-09-17 18:54:05.370 [DATA] Command 'ar_telemetry' sent to map.
2026-09-17 18:54:05.386 [DATA] Command 'ar_telemetry' sent to map.
2026-09-17 18:54:05.402 [DATA] Command 'ar_telemetry' sent to map.
2026-09-17 18:54:05.417 [DATA] Command 'ar_telemetry' sent to map.
2026-09-17 18:54:05.432 [DATA] Command 'ar_telemetry' sent to map.
2026-09-17 18:54:05.448 [DATA] Command 'ar_telemetry' sent to map.
2026-09-17 18:54:05.463 [DATA] Command 'ar_telemetry' sent to map.
2026-09-17 18:54:05.479 [DATA] Command 'ar_telemetry' sent to map.
2026-09-17 18:54:05.494 [DATA] Command 'ar_telemetry' sent to map.
2026-09-17 18:54:05.509 [DATA] Command 'ar_telemetry' sent to map.
2026-09-17 18:54:05.525 [DATA] Command 'ar_telemetry' sent to map.
2026-09-17 18:54:05.540 [DATA] Command 'ar_telemetry' sent to map.
2026-09-17 18:54:05.556 [DATA] Command 'ar_telemetry' sent to map.
2026-09-17 18:54:05.562 [DATA] [AR] нет применимых telemetry-полей в источнике 'ws'.
2026-09-17 18:54:05.571 [DATA] Command 'ar_telemetry' sent to map.
2026-09-17 18:54:05.586 [DATA] Command 'ar_telemetry' sent to map.
2026-09-17 18:54:05.601 [DATA] Command 'ar_telemetry' sent to map.
2026-09-17 18:54:05.616 [DATA] Command 'ar_telemetry' sent to map.
2026-09-17 18:54:05.633 [DATA] Command 'ar_telemetry' sent to map.
2026-09-17 18:54:05.648 [DATA] Command 'ar_telemetry' sent to map.
2026-09-17 18:54:05.663 [DATA] Command 'ar_telemetry' sent to map.
2026-09-17 18:54:05.678 [DATA] Command 'ar_telemetry' sent to map.
2026-09-17 18:54:05.694 [DATA] Command 'ar_telemetry' sent to map.
2026-09-17 18:54:05.709 [DATA] Command 'ar_telemetry' sent to map.
2026-09-17 18:54:05.740 [DATA] Command 'ar_telemetry' sent to map.
2026-09-17 18:54:05.751 [DATA] Command 'ar_telemetry' sent to map.
2026-09-17 18:54:05.770 [DATA] Command 'ar_telemetry' sent to map.
2026-09-17 18:54:05.786 [DATA] Command 'ar_telemetry' sent to map.
2026-09-17 18:54:05.802 [DATA] Command 'ar_telemetry' sent to map.
2026-09-17 18:54:05.817 [DATA] Command 'ar_telemetry' sent to map.
2026-09-17 18:54:05.832 [DATA] Command 'ar_telemetry' sent to map.
2026-09-17 18:54:05.848 [DATA] Command 'ar_telemetry' sent to map.
2026-09-17 18:54:05.863 [DATA] Command 'ar_telemetry' sent to map.
2026-09-17 18:54:05.878 [DATA] Command 'ar_telemetry' sent to map.
2026-09-17 18:54:05.892 [DATA] Command 'ar_telemetry' sent to map.
2026-09-17 18:54:05.907 [DATA] Command 'ar_telemetry' sent to map.
2026-09-17 18:54:05.923 [DATA] Command 'ar_telemetry' sent to map.
2026-09-17 18:54:05.938 [DATA] Command 'ar_telemetry' sent to map.
2026-09-17 18:54:05.954 [DATA] Command 'ar_telemetry' sent to map.
2026-09-17 18:54:05.969 [DATA] Command 'ar_telemetry' sent to map.
2026-09-17 18:54:05.984 [DATA] Command 'ar_telemetry' sent to map.
2026-09-17 18:54:06.000 [DATA] Command 'ar_telemetry' sent to map.
2026-09-17 18:54:06.015 [DATA] Command 'ar_telemetry' sent to map.
2026-09-17 18:54:06.031 [DATA] Command 'ar_telemetry' sent to map.
2026-09-17 18:54:06.046 [DATA] Command 'ar_telemetry' sent to map.
2026-09-17 18:54:06.061 [DATA] Command 'ar_telemetry' sent to map.
2026-09-17 18:54:06.092 [DATA] Command 'ar_telemetry' sent to map.
2026-09-17 18:54:06.108 [DATA] Command 'ar_telemetry' sent to map.
2026-09-17 18:54:06.124 [DATA] Command 'ar_telemetry' sent to map.
2026-09-17 18:54:06.139 [DATA] Command 'ar_telemetry' sent to map.
2026-09-17 18:54:06.155 [DATA] Command 'ar_telemetry' sent to map.
2026-09-17 18:54:06.171 [DATA] Command 'ar_telemetry' sent to map.
2026-09-17 18:54:06.186 [DATA] Command 'ar_telemetry' sent to map.
2026-09-17 18:54:06.202 [DATA] Command 'ar_telemetry' sent to map.
2026-09-17 18:54:06.217 [DATA] Command 'ar_telemetry' sent to map.
2026-09-17 18:54:06.233 [DATA] Command 'ar_telemetry' sent to map.
2026-09-17 18:54:06.249 [DATA] Command 'ar_telemetry' sent to map.
2026-09-17 18:54:06.264 [DATA] Command 'ar_telemetry' sent to map.
2026-09-17 18:54:06.280 [DATA] Command 'ar_telemetry' sent to map.
2026-09-17 18:54:06.295 [DATA] Command 'ar_telemetry' sent to map.
2026-09-17 18:54:06.311 [DATA] Command 'ar_telemetry' sent to map.
2026-09-17 18:54:06.325 [DATA] Command 'ar_telemetry' sent to map.
2026-09-17 18:54:06.342 [DATA] Command 'ar_telemetry' sent to map.
2026-09-17 18:54:06.358 [DATA] Command 'ar_telemetry' sent to map.
2026-09-17 18:54:06.373 [DATA] Command 'ar_telemetry' sent to map.
2026-09-17 18:54:06.482 [DATA] Command 'ar_telemetry' sent to map.
2026-09-17 18:54:06.497 [DATA] Command 'ar_telemetry' sent to map.
2026-09-17 18:54:06.511 [DATA] Command 'ar_telemetry' sent to map.
2026-09-17 18:54:06.526 [DATA] Command 'ar_telemetry' sent to map.
2026-09-17 18:54:06.544 [DATA] Command 'ar_telemetry' sent to map.
2026-09-17 18:54:06.558 [DATA] Command 'ar_telemetry' sent to map.
2026-09-17 18:54:06.581 [DATA] Command 'ar_telemetry' sent to map.
2026-09-17 18:54:06.604 [DATA] Command 'ar_telemetry' sent to map.
2026-09-17 18:54:06.619 [DATA] Command 'ar_telemetry' sent to map.
2026-09-17 18:54:06.634 [DATA] Command 'ar_telemetry' sent to map.
2026-09-17 18:54:06.649 [DATA] Command 'ar_telemetry' sent to map.
2026-09-17 18:54:06.665 [DATA] Command 'ar_telemetry' sent to map.
2026-09-17 18:54:06.680 [DATA] Command 'ar_telemetry' sent to map.
2026-09-17 18:54:06.695 [DATA] Command 'ar_telemetry' sent to map.
2026-09-17 18:54:06.710 [DATA] Command 'ar_telemetry' sent to map.
2026-09-17 18:54:06.726 [DATA] Command 'ar_telemetry' sent to map.
2026-09-17 18:54:06.742 [DATA] Command 'ar_telemetry' sent to map.
2026-09-17 18:54:06.756 [DATA] Command 'ar_telemetry' sent to map.
2026-09-17 18:54:06.772 [DATA] Command 'ar_telemetry' sent to map.
2026-09-17 18:54:06.787 [DATA] Command 'ar_telemetry' sent to map.
2026-09-17 18:54:06.803 [DATA] Command 'ar_telemetry' sent to map.
2026-09-17 18:54:06.818 [DATA] Command 'ar_telemetry' sent to map.
2026-09-17 18:54:06.833 [DATA] Command 'ar_telemetry' sent to map.
2026-09-17 18:54:06.853 [DATA] Command 'ar_telemetry' sent to map.
2026-09-17 18:54:06.863 [DATA] Command 'ar_telemetry' sent to map.
2026-09-17 18:54:06.880 [DATA] Command 'ar_telemetry' sent to map.
2026-09-17 18:54:06.895 [DATA] Command 'ar_telemetry' sent to map.
2026-09-17 18:54:06.910 [DATA] Command 'ar_telemetry' sent to map.
2026-09-17 18:54:06.941 [DATA] Command 'ar_telemetry' sent to map.
2026-09-17 18:54:06.956 [DATA] Command 'ar_telemetry' sent to map.
2026-09-17 18:54:06.971 [DATA] Command 'ar_telemetry' sent to map.
2026-09-17 18:54:06.986 [DATA] Command 'ar_telemetry' sent to map.
2026-09-17 18:54:07.001 [DATA] Command 'ar_telemetry' sent to map.
2026-09-17 18:54:07.016 [DATA] Command 'ar_telemetry' sent to map.
2026-09-17 18:54:07.032 [DATA] Command 'ar_telemetry' sent to map.
2026-09-17 18:54:07.047 [DATA] Command 'ar_telemetry' sent to map.
2026-09-17 18:54:07.063 [DATA] Command 'ar_telemetry' sent to map.
2026-09-17 18:54:07.078 [DATA] Command 'ar_telemetry' sent to map.
2026-09-17 18:54:07.093 [DATA] Command 'ar_telemetry' sent to map.
2026-09-17 18:54:07.109 [DATA] Command 'ar_telemetry' sent to map.
2026-09-17 18:54:07.124 [DATA] Command 'ar_telemetry' sent to map.
2026-09-17 18:54:07.140 [DATA] Command 'ar_telemetry' sent to map.
2026-09-17 18:54:07.155 [DATA] Command 'ar_telemetry' sent to map.
2026-09-17 18:54:07.170 [DATA] Command 'ar_telemetry' sent to map.
2026-09-17 18:54:07.186 [DATA] Command 'ar_telemetry' sent to map.
2026-09-17 18:54:07.200 [DATA] Command 'ar_telemetry' sent to map.
2026-09-17 18:54:07.216 [DATA] Command 'ar_telemetry' sent to map.
2026-09-17 18:54:07.231 [DATA] Command 'ar_telemetry' sent to map.
2026-09-17 18:54:07.246 [DATA] Command 'ar_telemetry' sent to map.
2026-09-17 18:54:07.262 [DATA] Command 'ar_telemetry' sent to map.
2026-09-17 18:54:07.292 [DATA] Command 'ar_telemetry' sent to map.
2026-09-17 18:54:07.307 [DATA] Command 'ar_telemetry' sent to map.
2026-09-17 18:54:07.323 [DATA] Command 'ar_telemetry' sent to map.
2026-09-17 18:54:07.338 [DATA] Command 'ar_telemetry' sent to map.
2026-09-17 18:54:07.353 [DATA] Command 'ar_telemetry' sent to map.
2026-09-17 18:54:07.368 [DATA] Command 'ar_telemetry' sent to map.
2026-09-17 18:54:07.384 [DATA] Command 'ar_telemetry' sent to map.
2026-09-17 18:54:07.399 [DATA] Command 'ar_telemetry' sent to map.
2026-09-17 18:54:07.415 [DATA] Command 'ar_telemetry' sent to map.
2026-09-17 18:54:07.430 [DATA] Command 'ar_telemetry' sent to map.
2026-09-17 18:54:07.445 [DATA] Command 'ar_telemetry' sent to map.
2026-09-17 18:54:07.461 [DATA] Command 'ar_telemetry' sent to map.
2026-09-17 18:54:07.476 [DATA] Command 'ar_telemetry' sent to map.
2026-09-17 18:54:07.491 [DATA] Command 'ar_telemetry' sent to map.
2026-09-17 18:54:07.506 [DATA] Command 'ar_telemetry' sent to map.
2026-09-17 18:54:07.522 [DATA] Command 'ar_telemetry' sent to map.
2026-09-17 18:54:07.537 [DATA] Command 'ar_telemetry' sent to map.
2026-09-17 18:54:07.552 [DATA] Command 'ar_telemetry' sent to map.
2026-09-17 18:54:07.567 [DATA] Command 'ar_telemetry' sent to map.
2026-09-17 18:54:07.583 [DATA] Command 'ar_telemetry' sent to map.
2026-09-17 18:54:07.598 [DATA] Command 'ar_telemetry' sent to map.
2026-09-17 18:54:07.613 [DATA] Command 'ar_telemetry' sent to map.
2026-09-17 18:54:07.644 [DATA] Command 'ar_telemetry' sent to map.
2026-09-17 18:54:07.659 [DATA] Command 'ar_telemetry' sent to map.
2026-09-17 18:54:07.675 [DATA] Command 'ar_telemetry' sent to map.
2026-09-17 18:54:07.690 [DATA] Command 'ar_telemetry' sent to map.
2026-09-17 18:54:07.705 [DATA] Command 'ar_telemetry' sent to map.
2026-09-17 18:54:07.720 [DATA] Command 'ar_telemetry' sent to map.
2026-09-17 18:54:07.735 [DATA] [AR] tick alive: known=True changed=False forced=False head=True pts=5748 x=146515,2 z=-60984,8
2026-09-17 18:54:07.736 [DATA] Command 'ar_telemetry' sent to map.
2026-09-17 18:54:07.750 [DATA] Command 'ar_telemetry' sent to map.
2026-09-17 18:54:07.766 [DATA] Command 'ar_telemetry' sent to map.
2026-09-17 18:54:07.781 [DATA] Command 'ar_telemetry' sent to map.
2026-09-17 18:54:07.796 [DATA] Command 'ar_telemetry' sent to map.
2026-09-17 18:54:07.811 [DATA] Command 'ar_telemetry' sent to map.
2026-09-17 18:54:07.826 [DATA] Command 'ar_telemetry' sent to map.
2026-09-17 18:54:07.842 [DATA] Command 'ar_telemetry' sent to map.
2026-09-17 18:54:07.857 [DATA] Command 'ar_telemetry' sent to map.
2026-09-17 18:54:07.873 [DATA] Command 'ar_telemetry' sent to map.
2026-09-17 18:54:07.888 [DATA] Command 'ar_telemetry' sent to map.
2026-09-17 18:54:07.903 [DATA] Command 'ar_telemetry' sent to map.
2026-09-17 18:54:07.919 [DATA] Command 'ar_telemetry' sent to map.
2026-09-17 18:54:07.934 [DATA] Command 'ar_telemetry' sent to map.
2026-09-17 18:54:07.950 [DATA] Command 'ar_telemetry' sent to map.
2026-09-17 18:54:07.980 [DATA] Command 'ar_telemetry' sent to map.
2026-09-17 18:54:07.995 [DATA] Command 'ar_telemetry' sent to map.
2026-09-17 18:54:08.011 [DATA] Command 'ar_telemetry' sent to map.
2026-09-17 18:54:08.026 [DATA] Command 'ar_telemetry' sent to map.
2026-09-17 18:54:08.042 [DATA] Command 'ar_telemetry' sent to map.
2026-09-17 18:54:08.057 [DATA] Command 'ar_telemetry' sent to map.
2026-09-17 18:54:08.068 [DATA] Command 'ar_telemetry' sent to map.
2026-09-17 18:54:08.088 [DATA] Command 'ar_telemetry' sent to map.
2026-09-17 18:54:08.103 [DATA] Command 'ar_telemetry' sent to map.
2026-09-17 18:54:08.118 [DATA] Command 'ar_telemetry' sent to map.
2026-09-17 18:54:08.133 [DATA] Command 'ar_telemetry' sent to map.
2026-09-17 18:54:08.148 [DATA] Command 'ar_telemetry' sent to map.
2026-09-17 18:54:08.164 [DATA] Command 'ar_telemetry' sent to map.
2026-09-17 18:54:08.165 [DATA] [AR] ground plane: plane origin=(146515.00,111.60,-60985.00) N=(0.0002,1.0000,0.0000) avgWheelH=111.597 refH=111.597 maxRes=0.0000 used=4 wheels=4 | режим=по колёсам | измеренный уклон=0 мм
2026-09-17 18:54:08.166 [DATA] [AR] pose 'rest': truck=146515,18,111,60,-60984,81 camera=146517,02,114,11,-60985,32 fwd=0,981,-0,149,0,125 up=0,148,0,989,0,019 ground=111,60.
2026-09-17 18:54:08.179 [DATA] Command 'ar_telemetry' sent to map.
2026-09-17 18:54:08.194 [DATA] Command 'ar_telemetry' sent to map.
2026-09-17 18:54:08.210 [DATA] Command 'ar_telemetry' sent to map.
2026-09-17 18:54:08.225 [DATA] Command 'ar_telemetry' sent to map.
2026-09-17 18:54:08.240 [DATA] Command 'ar_telemetry' sent to map.
2026-09-17 18:54:08.256 [DATA] Command 'ar_telemetry' sent to map.
2026-09-17 18:54:08.271 [DATA] Command 'ar_telemetry' sent to map.
2026-09-17 18:54:08.287 [DATA] Command 'ar_telemetry' sent to map.
2026-09-17 18:54:08.316 [DATA] Command 'ar_telemetry' sent to map.
2026-09-17 18:54:08.332 [DATA] Command 'ar_telemetry' sent to map.
2026-09-17 18:54:08.347 [DATA] Command 'ar_telemetry' sent to map.
2026-09-17 18:54:08.362 [DATA] Command 'ar_telemetry' sent to map.
2026-09-17 18:54:08.377 [DATA] Command 'ar_telemetry' sent to map.
2026-09-17 18:54:08.484 [DATA] Command 'ar_telemetry' sent to map.
2026-09-17 18:54:08.500 [DATA] Command 'ar_telemetry' sent to map.
2026-09-17 18:54:08.515 [DATA] Command 'ar_telemetry' sent to map.
2026-09-17 18:54:08.530 [DATA] Command 'ar_telemetry' sent to map.
2026-09-17 18:54:08.545 [DATA] Command 'ar_telemetry' sent to map.
2026-09-17 18:54:08.560 [DATA] Command 'ar_telemetry' sent to map.
2026-09-17 18:54:08.578 [DATA] Command 'ar_telemetry' sent to map.
2026-09-17 18:54:08.591 [DATA] Command 'ar_telemetry' sent to map.
2026-09-17 18:54:08.606 [DATA] Command 'ar_telemetry' sent to map.
2026-09-17 18:54:08.621 [DATA] Command 'ar_telemetry' sent to map.
2026-09-17 18:54:08.652 [DATA] Command 'ar_telemetry' sent to map.
2026-09-17 18:54:08.667 [DATA] Command 'ar_telemetry' sent to map.
2026-09-17 18:54:08.683 [DATA] Command 'ar_telemetry' sent to map.
2026-09-17 18:54:08.698 [DATA] Command 'ar_telemetry' sent to map.
2026-09-17 18:54:08.713 [DATA] Command 'ar_telemetry' sent to map.
2026-09-17 18:54:08.728 [DATA] Command 'ar_telemetry' sent to map.
2026-09-17 18:54:08.759 [DATA] Command 'ar_telemetry' sent to map.
2026-09-17 18:54:08.773 [DATA] Command 'ar_telemetry' sent to map.
2026-09-17 18:54:08.788 [DATA] Command 'ar_telemetry' sent to map.
2026-09-17 18:54:08.803 [DATA] Command 'ar_telemetry' sent to map.
2026-09-17 18:54:08.818 [DATA] Command 'ar_telemetry' sent to map.
2026-09-17 18:54:08.833 [DATA] Command 'ar_telemetry' sent to map.
2026-09-17 18:54:08.849 [DATA] Command 'ar_telemetry' sent to map.
2026-09-17 18:54:08.869 [DATA] Command 'ar_telemetry' sent to map.
2026-09-17 18:54:08.880 [DATA] Command 'ar_telemetry' sent to map.
2026-09-17 18:54:08.895 [DATA] Command 'ar_telemetry' sent to map.
2026-09-17 18:54:08.910 [DATA] Command 'ar_telemetry' sent to map.
2026-09-17 18:54:08.925 [DATA] Command 'ar_telemetry' sent to map.
2026-09-17 18:54:08.956 [DATA] Command 'ar_telemetry' sent to map.
2026-09-17 18:54:08.973 [DATA] Command 'ar_telemetry' sent to map.
2026-09-17 18:54:08.987 [DATA] Command 'ar_telemetry' sent to map.
2026-09-17 18:54:09.002 [DATA] Command 'ar_telemetry' sent to map.
2026-09-17 18:54:09.017 [DATA] Command 'ar_telemetry' sent to map.
2026-09-17 18:54:09.033 [DATA] Command 'ar_telemetry' sent to map.
2026-09-17 18:54:09.048 [DATA] Command 'ar_telemetry' sent to map.
2026-09-17 18:54:09.063 [DATA] Command 'ar_telemetry' sent to map.
2026-09-17 18:54:09.078 [DATA] Command 'ar_telemetry' sent to map.
2026-09-17 18:54:09.093 [DATA] Command 'ar_telemetry' sent to map.
2026-09-17 18:54:09.108 [DATA] Command 'ar_telemetry' sent to map.
2026-09-17 18:54:09.124 [DATA] Command 'ar_telemetry' sent to map.
2026-09-17 18:54:09.139 [DATA] Command 'ar_telemetry' sent to map.
2026-09-17 18:54:09.154 [DATA] Command 'ar_telemetry' sent to map.
2026-09-17 18:54:09.169 [DATA] Command 'ar_telemetry' sent to map.
2026-09-17 18:54:09.185 [DATA] Command 'ar_telemetry' sent to map.
2026-09-17 18:54:09.200 [DATA] Command 'ar_telemetry' sent to map.
2026-09-17 18:54:09.216 [DATA] Command 'ar_telemetry' sent to map.
2026-09-17 18:54:09.231 [DATA] Command 'ar_telemetry' sent to map.
2026-09-17 18:54:09.246 [DATA] Command 'ar_telemetry' sent to map.
2026-09-17 18:54:09.261 [DATA] Command 'ar_telemetry' sent to map.
2026-09-17 18:54:09.292 [DATA] Command 'ar_telemetry' sent to map.
2026-09-17 18:54:09.307 [DATA] Command 'ar_telemetry' sent to map.
2026-09-17 18:54:09.323 [DATA] Command 'ar_telemetry' sent to map.
2026-09-17 18:54:09.339 [DATA] Command 'ar_telemetry' sent to map.
2026-09-17 18:54:09.355 [DATA] Command 'ar_telemetry' sent to map.
2026-09-17 18:54:09.371 [DATA] Command 'ar_telemetry' sent to map.
2026-09-17 18:54:09.386 [DATA] Command 'ar_telemetry' sent to map.
2026-09-17 18:54:09.402 [DATA] Command 'ar_telemetry' sent to map.
2026-09-17 18:54:09.417 [DATA] Command 'ar_telemetry' sent to map.
2026-09-17 18:54:09.432 [DATA] Command 'ar_telemetry' sent to map.
2026-09-17 18:54:09.447 [DATA] Command 'ar_telemetry' sent to map.
2026-09-17 18:54:09.463 [DATA] Command 'ar_telemetry' sent to map.
2026-09-17 18:54:09.479 [DATA] Command 'ar_telemetry' sent to map.
2026-09-17 18:54:09.495 [DATA] Command 'ar_telemetry' sent to map.
2026-09-17 18:54:09.511 [DATA] Command 'ar_telemetry' sent to map.
2026-09-17 18:54:09.526 [DATA] Command 'ar_telemetry' sent to map.
2026-09-17 18:54:09.541 [DATA] Command 'ar_telemetry' sent to map.
2026-09-17 18:54:09.555 [DATA] Command 'ar_telemetry' sent to map.
2026-09-17 18:54:09.571 [DATA] Command 'ar_telemetry' sent to map.
2026-09-17 18:54:09.586 [DATA] Command 'ar_telemetry' sent to map.
2026-09-17 18:54:09.602 [DATA] Command 'ar_telemetry' sent to map.
2026-09-17 18:54:09.617 [DATA] Command 'ar_telemetry' sent to map.
2026-09-17 18:54:09.632 [DATA] Command 'ar_telemetry' sent to map.
2026-09-17 18:54:09.648 [DATA] Command 'ar_telemetry' sent to map.
2026-09-17 18:54:09.664 [DATA] Command 'ar_telemetry' sent to map.
2026-09-17 18:54:09.679 [DATA] Command 'ar_telemetry' sent to map.
2026-09-17 18:54:09.694 [DATA] Command 'ar_telemetry' sent to map.
2026-09-17 18:54:09.709 [DATA] Command 'ar_telemetry' sent to map.
2026-09-17 18:54:09.740 [DATA] Command 'ar_telemetry' sent to map.
2026-09-17 18:54:09.755 [DATA] Command 'ar_telemetry' sent to map.
2026-09-17 18:54:09.770 [DATA] Command 'ar_telemetry' sent to map.
2026-09-17 18:54:09.785 [DATA] Command 'ar_telemetry' sent to map.
2026-09-17 18:54:09.801 [DATA] Command 'ar_telemetry' sent to map.
2026-09-17 18:54:09.816 [DATA] Command 'ar_telemetry' sent to map.
2026-09-17 18:54:09.832 [DATA] Command 'ar_telemetry' sent to map.
2026-09-17 18:54:09.847 [DATA] Command 'ar_telemetry' sent to map.
2026-09-17 18:54:09.862 [DATA] Command 'ar_telemetry' sent to map.
2026-09-17 18:54:09.877 [DATA] Command 'ar_telemetry' sent to map.
2026-09-17 18:54:09.893 [DATA] Command 'ar_telemetry' sent to map.
2026-09-17 18:54:09.908 [DATA] Command 'ar_telemetry' sent to map.
2026-09-17 18:54:09.923 [DATA] Command 'ar_telemetry' sent to map.
2026-09-17 18:54:09.939 [DATA] Command 'ar_telemetry' sent to map.
2026-09-17 18:54:09.954 [DATA] Command 'ar_telemetry' sent to map.
2026-09-17 18:54:09.970 [DATA] Command 'ar_telemetry' sent to map.
2026-09-17 18:54:09.985 [DATA] Command 'ar_telemetry' sent to map.
2026-09-17 18:54:10.000 [DATA] Command 'ar_telemetry' sent to map.
2026-09-17 18:54:10.017 [DATA] Command 'ar_telemetry' sent to map.
2026-09-17 18:54:10.031 [DATA] Command 'ar_telemetry' sent to map.
2026-09-17 18:54:10.046 [DATA] Command 'ar_telemetry' sent to map.
2026-09-17 18:54:10.077 [DATA] Command 'ar_telemetry' sent to map.
2026-09-17 18:54:10.092 [DATA] Command 'ar_telemetry' sent to map.
2026-09-17 18:54:10.108 [DATA] Command 'ar_telemetry' sent to map.
2026-09-17 18:54:10.123 [DATA] Command 'ar_telemetry' sent to map.
2026-09-17 18:54:10.137 [DATA] [QUEST][DIAG] Ruslan: enabled=True status=Available step=available paused=False build=built marker=yellow_exclamation map=True ar=True interactive=True point=(146529,0,111,6,-60981,0) truck=(146515,2,111,6,-60984,8) dist=14,3m trigger=35,0m inside=True override=none
2026-09-17 18:54:10.137 [DATA] [QUEST][DIAG] AR: truckKnown=True cameraValid=True camera=(0,0,0,0,0,0) arDisplayRadius=5 globalPoints=5748 nearSig= questStatePoints=1 ruslanInQuestState=True
2026-09-17 18:54:10.138 [DATA] [QUEST][DIAG] PIPE: definitions=1 activeQuest=False ruslanName=Шашлычник Руслан
2026-09-17 18:54:10.138 [DATA] Command 'ar_telemetry' sent to map.
2026-09-17 18:54:10.153 [DATA] Command 'ar_telemetry' sent to map.
2026-09-17 18:54:10.169 [DATA] Command 'ar_telemetry' sent to map.
2026-09-17 18:54:10.185 [DATA] Command 'ar_telemetry' sent to map.
2026-09-17 18:54:10.200 [DATA] Command 'ar_telemetry' sent to map.
2026-09-17 18:54:10.215 [DATA] Command 'ar_telemetry' sent to map.
2026-09-17 18:54:10.230 [DATA] Command 'ar_telemetry' sent to map.
2026-09-17 18:54:10.246 [DATA] Command 'ar_telemetry' sent to map.
2026-09-17 18:54:10.261 [DATA] Command 'ar_telemetry' sent to map.
2026-09-17 18:54:10.276 [DATA] Command 'ar_telemetry' sent to map.
2026-09-17 18:54:10.292 [DATA] Command 'ar_telemetry' sent to map.
2026-09-17 18:54:10.307 [DATA] Command 'ar_telemetry' sent to map.
2026-09-17 18:54:10.322 [DATA] Command 'ar_telemetry' sent to map.
2026-09-17 18:54:10.337 [DATA] Command 'ar_telemetry' sent to map.
2026-09-17 18:54:10.353 [DATA] Command 'ar_telemetry' sent to map.
2026-09-17 18:54:10.368 [DATA] Command 'ar_telemetry' sent to map.
2026-09-17 18:54:10.470 [DATA] Command 'ar_telemetry' sent to map.
2026-09-17 18:54:10.476 [DATA] Command 'ar_telemetry' sent to map.
2026-09-17 18:54:10.491 [DATA] Command 'ar_telemetry' sent to map.
2026-09-17 18:54:10.506 [DATA] Command 'ar_telemetry' sent to map.
2026-09-17 18:54:10.522 [DATA] Command 'ar_telemetry' sent to map.
2026-09-17 18:54:10.537 [DATA] Command 'ar_telemetry' sent to map.
2026-09-17 18:54:10.552 [DATA] Command 'ar_telemetry' sent to map.
2026-09-17 18:54:10.567 [DATA] Command 'ar_telemetry' sent to map.
2026-09-17 18:54:10.583 [DATA] Command 'ar_telemetry' sent to map.
2026-09-17 18:54:10.598 [DATA] Command 'ar_telemetry' sent to map.
2026-09-17 18:54:10.613 [DATA] Command 'ar_telemetry' sent to map.
2026-09-17 18:54:10.629 [DATA] Command 'ar_telemetry' sent to map.
2026-09-17 18:54:10.644 [DATA] Command 'ar_telemetry' sent to map.
2026-09-17 18:54:10.660 [DATA] Command 'ar_telemetry' sent to map.
2026-09-17 18:54:10.674 [DATA] Command 'ar_telemetry' sent to map.
2026-09-17 18:54:10.690 [DATA] Command 'ar_telemetry' sent to map.
2026-09-17 18:54:10.705 [DATA] Command 'ar_telemetry' sent to map.
2026-09-17 18:54:10.720 [DATA] Command 'ar_telemetry' sent to map.
2026-09-17 18:54:10.735 [DATA] Command 'ar_telemetry' sent to map.
2026-09-17 18:54:10.751 [DATA] Command 'ar_telemetry' sent to map.
2026-09-17 18:54:10.766 [DATA] Command 'ar_telemetry' sent to map.
2026-09-17 18:54:10.797 [DATA] Command 'ar_telemetry' sent to map.
2026-09-17 18:54:10.812 [DATA] Command 'ar_telemetry' sent to map.
2026-09-17 18:54:10.827 [DATA] Command 'ar_telemetry' sent to map.
2026-09-17 18:54:10.841 [DATA] Command 'ar_telemetry' sent to map.
2026-09-17 18:54:10.857 [DATA] Command 'ar_telemetry' sent to map.
2026-09-17 18:54:10.876 [DATA] Command 'ar_telemetry' sent to map.
2026-09-17 18:54:10.879 [DATA] [AR] нет применимых telemetry-полей в источнике 'ws'.
2026-09-17 18:54:10.887 [DATA] Command 'ar_telemetry' sent to map.
2026-09-17 18:54:10.903 [DATA] Command 'ar_telemetry' sent to map.
2026-09-17 18:54:10.919 [DATA] Command 'ar_telemetry' sent to map.
2026-09-17 18:54:10.933 [DATA] Command 'ar_telemetry' sent to map.
2026-09-17 18:54:10.948 [DATA] Command 'ar_telemetry' sent to map.
2026-09-17 18:54:10.964 [DATA] Command 'ar_telemetry' sent to map.
2026-09-17 18:54:10.980 [DATA] Command 'ar_telemetry' sent to map.
2026-09-17 18:54:10.995 [DATA] Command 'ar_telemetry' sent to map.
2026-09-17 18:54:11.010 [DATA] Command 'ar_telemetry' sent to map.
2026-09-17 18:54:11.025 [DATA] Command 'ar_telemetry' sent to map.
2026-09-17 18:54:11.041 [DATA] Command 'ar_telemetry' sent to map.
2026-09-17 18:54:11.056 [DATA] Command 'ar_telemetry' sent to map.
2026-09-17 18:54:11.072 [DATA] Command 'ar_telemetry' sent to map.
2026-09-17 18:54:11.087 [DATA] Command 'ar_telemetry' sent to map.
2026-09-17 18:54:11.102 [DATA] Command 'ar_telemetry' sent to map.
2026-09-17 18:54:11.134 [DATA] Command 'ar_telemetry' sent to map.
2026-09-17 18:54:11.147 [DATA] Command 'ar_telemetry' sent to map.
2026-09-17 18:54:11.163 [DATA] Command 'ar_telemetry' sent to map.
2026-09-17 18:54:11.178 [DATA] Command 'ar_telemetry' sent to map.
2026-09-17 18:54:11.194 [DATA] Command 'ar_telemetry' sent to map.
2026-09-17 18:54:11.209 [DATA] Command 'ar_telemetry' sent to map.
2026-09-17 18:54:11.224 [DATA] Command 'ar_telemetry' sent to map.
2026-09-17 18:54:11.240 [DATA] Command 'ar_telemetry' sent to map.
2026-09-17 18:54:11.255 [DATA] Command 'ar_telemetry' sent to map.
2026-09-17 18:54:11.270 [DATA] Command 'ar_telemetry' sent to map.
2026-09-17 18:54:11.285 [DATA] Command 'ar_telemetry' sent to map.
2026-09-17 18:54:11.301 [DATA] Command 'ar_telemetry' sent to map.
2026-09-17 18:54:11.316 [DATA] Command 'ar_telemetry' sent to map.
2026-09-17 18:54:11.331 [DATA] Command 'ar_telemetry' sent to map.
2026-09-17 18:54:11.348 [DATA] Command 'ar_telemetry' sent to map.
2026-09-17 18:54:11.363 [DATA] Command 'ar_telemetry' sent to map.
2026-09-17 18:54:11.378 [DATA] Command 'ar_telemetry' sent to map.
2026-09-17 18:54:11.394 [DATA] Command 'ar_telemetry' sent to map.
2026-09-17 18:54:11.409 [DATA] Command 'ar_telemetry' sent to map.
2026-09-17 18:54:11.425 [DATA] Command 'ar_telemetry' sent to map.
2026-09-17 18:54:11.440 [DATA] Command 'ar_telemetry' sent to map.
2026-09-17 18:54:11.456 [DATA] Command 'ar_telemetry' sent to map.
2026-09-17 18:54:11.471 [DATA] Command 'ar_telemetry' sent to map.
2026-09-17 18:54:11.501 [DATA] Command 'ar_telemetry' sent to map.
2026-09-17 18:54:11.517 [DATA] Command 'ar_telemetry' sent to map.
2026-09-17 18:54:11.532 [DATA] Command 'ar_telemetry' sent to map.
2026-09-17 18:54:11.547 [DATA] Command 'ar_telemetry' sent to map.
2026-09-17 18:54:11.575 [DATA] Command 'ar_telemetry' sent to map.
2026-09-17 18:54:11.577 [DATA] Command 'ar_telemetry' sent to map.
2026-09-17 18:54:11.592 [DATA] Command 'ar_telemetry' sent to map.
2026-09-17 18:54:11.607 [DATA] Command 'ar_telemetry' sent to map.
2026-09-17 18:54:11.624 [DATA] Command 'ar_telemetry' sent to map.
2026-09-17 18:54:11.639 [DATA] Command 'ar_telemetry' sent to map.
2026-09-17 18:54:11.654 [DATA] Command 'ar_telemetry' sent to map.
2026-09-17 18:54:11.669 [DATA] Command 'ar_telemetry' sent to map.
2026-09-17 18:54:11.684 [DATA] Command 'ar_telemetry' sent to map.
2026-09-17 18:54:11.700 [DATA] Command 'ar_telemetry' sent to map.
2026-09-17 18:54:11.715 [DATA] Command 'ar_telemetry' sent to map.
2026-09-17 18:54:11.731 [DATA] Command 'ar_telemetry' sent to map.
2026-09-17 18:54:11.746 [DATA] Command 'ar_telemetry' sent to map.
2026-09-17 18:54:11.761 [DATA] Command 'ar_telemetry' sent to map.
2026-09-17 18:54:11.776 [DATA] Command 'ar_telemetry' sent to map.
2026-09-17 18:54:11.791 [DATA] Command 'ar_telemetry' sent to map.
2026-09-17 18:54:11.807 [DATA] Command 'ar_telemetry' sent to map.
2026-09-17 18:54:11.822 [DATA] Command 'ar_telemetry' sent to map.
2026-09-17 18:54:11.853 [DATA] Command 'ar_telemetry' sent to map.
2026-09-17 18:54:11.868 [DATA] Command 'ar_telemetry' sent to map.
2026-09-17 18:54:11.883 [DATA] Command 'ar_telemetry' sent to map.
2026-09-17 18:54:11.898 [DATA] Command 'ar_telemetry' sent to map.
2026-09-17 18:54:11.913 [DATA] Command 'ar_telemetry' sent to map.
2026-09-17 18:54:11.929 [DATA] Command 'ar_telemetry' sent to map.
2026-09-17 18:54:11.944 [DATA] Command 'ar_telemetry' sent to map.
2026-09-17 18:54:11.959 [DATA] Command 'ar_telemetry' sent to map.
2026-09-17 18:54:11.974 [DATA] Command 'ar_telemetry' sent to map.
2026-09-17 18:54:11.990 [DATA] Command 'ar_telemetry' sent to map.
2026-09-17 18:54:12.005 [DATA] Command 'ar_telemetry' sent to map.
2026-09-17 18:54:12.021 [DATA] Command 'ar_telemetry' sent to map.
2026-09-17 18:54:12.036 [DATA] Command 'ar_telemetry' sent to map.
2026-09-17 18:54:12.052 [DATA] Command 'ar_telemetry' sent to map.
2026-09-17 18:54:12.066 [DATA] Command 'ar_telemetry' sent to map.
2026-09-17 18:54:12.081 [DATA] Command 'ar_telemetry' sent to map.
2026-09-17 18:54:12.097 [DATA] Command 'ar_telemetry' sent to map.
2026-09-17 18:54:12.112 [DATA] Command 'ar_telemetry' sent to map.
2026-09-17 18:54:12.126 [DATA] Command 'ar_telemetry' sent to map.
2026-09-17 18:54:12.157 [DATA] Command 'ar_telemetry' sent to map.
2026-09-17 18:54:12.172 [DATA] Command 'ar_telemetry' sent to map.
2026-09-17 18:54:12.187 [DATA] Command 'ar_telemetry' sent to map.
2026-09-17 18:54:12.204 [DATA] Command 'ar_telemetry' sent to map.
2026-09-17 18:54:12.206 [DATA] Command 'ar_telemetry' sent to map.
2026-09-17 18:54:12.235 [DATA] Command 'ar_telemetry' sent to map.
2026-09-17 18:54:12.250 [DATA] Command 'ar_telemetry' sent to map.
2026-09-17 18:54:12.265 [DATA] Command 'ar_telemetry' sent to map.
2026-09-17 18:54:12.279 [DATA] Command 'ar_telemetry' sent to map.
2026-09-17 18:54:12.294 [DATA] Command 'ar_telemetry' sent to map.
2026-09-17 18:54:12.310 [DATA] Command 'ar_telemetry' sent to map.
2026-09-17 18:54:12.325 [DATA] Command 'ar_telemetry' sent to map.
2026-09-17 18:54:12.340 [DATA] Command 'ar_telemetry' sent to map.
2026-09-17 18:54:12.355 [DATA] Command 'ar_telemetry' sent to map.
2026-09-17 18:54:12.370 [DATA] Command 'ar_telemetry' sent to map.
2026-09-17 18:54:12.475 [DATA] Command 'ar_telemetry' sent to map.
2026-09-17 18:54:12.476 [DATA] [TRUCK] приём: WS=3690 REST=227 без-placement=213 битых=0 применено=3704 live=True возраст_данных=1,7с | placement нет (пауза/окно игры неактивно — это норма)
2026-09-17 18:54:12.478 [DATA] Command 'ar_telemetry' sent to map.
2026-09-17 18:54:12.508 [DATA] Command 'ar_telemetry' sent to map.
2026-09-17 18:54:12.524 [DATA] Command 'ar_telemetry' sent to map.
2026-09-17 18:54:12.539 [DATA] Command 'ar_telemetry' sent to map.
2026-09-17 18:54:12.554 [DATA] Command 'ar_telemetry' sent to map.
2026-09-17 18:54:12.573 [DATA] Command 'ar_telemetry' sent to map.
2026-09-17 18:54:12.584 [DATA] Command 'ar_telemetry' sent to map.
2026-09-17 18:54:12.599 [DATA] Command 'ar_telemetry' sent to map.
2026-09-17 18:54:12.614 [DATA] Command 'ar_telemetry' sent to map.
2026-09-17 18:54:12.629 [DATA] Command 'ar_telemetry' sent to map.
2026-09-17 18:54:12.644 [DATA] Command 'ar_telemetry' sent to map.
2026-09-17 18:54:12.659 [DATA] Command 'ar_telemetry' sent to map.
2026-09-17 18:54:12.675 [DATA] Command 'ar_telemetry' sent to map.
2026-09-17 18:54:12.689 [DATA] Command 'ar_telemetry' sent to map.
2026-09-17 18:54:12.705 [DATA] Command 'ar_telemetry' sent to map.
2026-09-17 18:54:12.720 [DATA] Command 'ar_telemetry' sent to map.
2026-09-17 18:54:12.736 [DATA] [AR] tick alive: known=True changed=False forced=False head=True pts=5748 x=146515,2 z=-60984,8
2026-09-17 18:54:12.737 [DATA] Command 'ar_telemetry' sent to map.
2026-09-17 18:54:12.750 [DATA] Command 'ar_telemetry' sent to map.
2026-09-17 18:54:12.781 [DATA] Command 'ar_telemetry' sent to map.
2026-09-17 18:54:12.797 [DATA] Command 'ar_telemetry' sent to map.
2026-09-17 18:54:12.812 [DATA] Command 'ar_telemetry' sent to map.
2026-09-17 18:54:12.827 [DATA] Command 'ar_telemetry' sent to map.
2026-09-17 18:54:12.841 [DATA] Command 'ar_telemetry' sent to map.
2026-09-17 18:54:12.856 [DATA] Command 'ar_telemetry' sent to map.
2026-09-17 18:54:12.871 [DATA] Command 'ar_telemetry' sent to map.
2026-09-17 18:54:12.891 [DATA] Command 'ar_telemetry' sent to map.
2026-09-17 18:54:12.903 [DATA] Command 'ar_telemetry' sent to map.
2026-09-17 18:54:12.918 [DATA] Command 'ar_telemetry' sent to map.
2026-09-17 18:54:12.933 [DATA] Command 'ar_telemetry' sent to map.
2026-09-17 18:54:12.947 [DATA] Command 'ar_telemetry' sent to map.
2026-09-17 18:54:12.963 [DATA] Command 'ar_telemetry' sent to map.
2026-09-17 18:54:12.978 [DATA] Command 'ar_telemetry' sent to map.
2026-09-17 18:54:12.993 [DATA] Command 'ar_telemetry' sent to map.
2026-09-17 18:54:13.009 [DATA] Command 'ar_telemetry' sent to map.
2026-09-17 18:54:13.024 [DATA] Command 'ar_telemetry' sent to map.
2026-09-17 18:54:13.040 [DATA] Command 'ar_telemetry' sent to map.
2026-09-17 18:54:13.055 [DATA] Command 'ar_telemetry' sent to map.
2026-09-17 18:54:13.071 [DATA] Command 'ar_telemetry' sent to map.
2026-09-17 18:54:13.101 [DATA] Command 'ar_telemetry' sent to map.
2026-09-17 18:54:13.116 [DATA] Command 'ar_telemetry' sent to map.
2026-09-17 18:54:13.131 [DATA] Command 'ar_telemetry' sent to map.
2026-09-17 18:54:13.147 [DATA] Command 'ar_telemetry' sent to map.
2026-09-17 18:54:13.163 [DATA] Command 'ar_telemetry' sent to map.
2026-09-17 18:54:13.177 [DATA] Command 'ar_telemetry' sent to map.
2026-09-17 18:54:13.193 [DATA] Command 'ar_telemetry' sent to map.
2026-09-17 18:54:13.209 [DATA] Command 'ar_telemetry' sent to map.
2026-09-17 18:54:13.210 [DATA] [AR] ground plane: plane origin=(146515.00,111.60,-60985.00) N=(0.0002,1.0000,0.0000) avgWheelH=111.597 refH=111.597 maxRes=0.0000 used=4 wheels=4 | режим=по колёсам | измеренный уклон=0 мм
2026-09-17 18:54:13.211 [DATA] [AR] pose 'rest': truck=146515,18,111,60,-60984,81 camera=146517,02,114,11,-60985,33 fwd=0,978,-0,177,0,114 up=0,175,0,984,0,020 ground=111,60.
2026-09-17 18:54:13.215 [DATA] Command 'ar_telemetry' sent to map.
2026-09-17 18:54:13.240 [DATA] Command 'ar_telemetry' sent to map.
2026-09-17 18:54:13.255 [DATA] Command 'ar_telemetry' sent to map.
2026-09-17 18:54:13.270 [DATA] Command 'ar_telemetry' sent to map.
2026-09-17 18:54:13.285 [DATA] Command 'ar_telemetry' sent to map.
2026-09-17 18:54:13.300 [DATA] Command 'ar_telemetry' sent to map.
2026-09-17 18:54:13.316 [DATA] Command 'ar_telemetry' sent to map.
2026-09-17 18:54:13.332 [DATA] Command 'ar_telemetry' sent to map.
2026-09-17 18:54:13.347 [DATA] Command 'ar_telemetry' sent to map.
2026-09-17 18:54:13.362 [DATA] Command 'ar_telemetry' sent to map.
2026-09-17 18:54:13.377 [DATA] Command 'ar_telemetry' sent to map.
2026-09-17 18:54:13.393 [DATA] Command 'ar_telemetry' sent to map.
2026-09-17 18:54:13.408 [DATA] Command 'ar_telemetry' sent to map.
2026-09-17 18:54:13.423 [DATA] Command 'ar_telemetry' sent to map.
2026-09-17 18:54:13.438 [DATA] Command 'ar_telemetry' sent to map.
2026-09-17 18:54:13.468 [DATA] Command 'ar_telemetry' sent to map.
2026-09-17 18:54:13.484 [DATA] Command 'ar_telemetry' sent to map.
2026-09-17 18:54:13.499 [DATA] Command 'ar_telemetry' sent to map.
2026-09-17 18:54:13.514 [DATA] Command 'ar_telemetry' sent to map.
2026-09-17 18:54:13.529 [DATA] Command 'ar_telemetry' sent to map.
2026-09-17 18:54:13.545 [DATA] Command 'ar_telemetry' sent to map.
2026-09-17 18:54:13.560 [DATA] Command 'ar_telemetry' sent to map.
2026-09-17 18:54:13.576 [DATA] Command 'ar_telemetry' sent to map.
2026-09-17 18:54:13.591 [DATA] Command 'ar_telemetry' sent to map.
2026-09-17 18:54:13.606 [DATA] Command 'ar_telemetry' sent to map.
2026-09-17 18:54:13.620 [DATA] Command 'ar_telemetry' sent to map.
2026-09-17 18:54:13.636 [DATA] Command 'ar_telemetry' sent to map.
2026-09-17 18:54:13.651 [DATA] Command 'ar_telemetry' sent to map.
2026-09-17 18:54:13.666 [DATA] Command 'ar_telemetry' sent to map.
2026-09-17 18:54:13.681 [DATA] Command 'ar_telemetry' sent to map.
2026-09-17 18:54:13.696 [DATA] Command 'ar_telemetry' sent to map.
2026-09-17 18:54:13.711 [DATA] Command 'ar_telemetry' sent to map.
2026-09-17 18:54:13.726 [DATA] Command 'ar_telemetry' sent to map.
2026-09-17 18:54:13.757 [DATA] Command 'ar_telemetry' sent to map.
2026-09-17 18:54:13.772 [DATA] Command 'ar_telemetry' sent to map.
2026-09-17 18:54:13.787 [DATA] Command 'ar_telemetry' sent to map.
2026-09-17 18:54:13.802 [DATA] Command 'ar_telemetry' sent to map.
2026-09-17 18:54:13.818 [DATA] Command 'ar_telemetry' sent to map.
2026-09-17 18:54:13.833 [DATA] Command 'ar_telemetry' sent to map.
2026-09-17 18:54:13.849 [DATA] Command 'ar_telemetry' sent to map.
2026-09-17 18:54:13.864 [DATA] Command 'ar_telemetry' sent to map.
2026-09-17 18:54:13.879 [DATA] Command 'ar_telemetry' sent to map.
2026-09-17 18:54:13.894 [DATA] Command 'ar_telemetry' sent to map.
2026-09-17 18:54:13.910 [DATA] Command 'ar_telemetry' sent to map.
2026-09-17 18:54:13.925 [DATA] Command 'ar_telemetry' sent to map.
2026-09-17 18:54:13.940 [DATA] Command 'ar_telemetry' sent to map.
2026-09-17 18:54:13.955 [DATA] Command 'ar_telemetry' sent to map.
2026-09-17 18:54:13.970 [DATA] Command 'ar_telemetry' sent to map.
2026-09-17 18:54:13.985 [DATA] Command 'ar_telemetry' sent to map.
2026-09-17 18:54:14.001 [DATA] Command 'ar_telemetry' sent to map.
2026-09-17 18:54:14.015 [DATA] Command 'ar_telemetry' sent to map.
2026-09-17 18:54:14.044 [DATA] Command 'ar_telemetry' sent to map.
2026-09-17 18:54:14.060 [DATA] Command 'ar_telemetry' sent to map.
2026-09-17 18:54:14.076 [DATA] Command 'ar_telemetry' sent to map.
2026-09-17 18:54:14.091 [DATA] Command 'ar_telemetry' sent to map.
2026-09-17 18:54:14.107 [DATA] Command 'ar_telemetry' sent to map.
2026-09-17 18:54:14.122 [DATA] Command 'ar_telemetry' sent to map.
2026-09-17 18:54:14.138 [DATA] Command 'ar_telemetry' sent to map.
2026-09-17 18:54:14.153 [DATA] Command 'ar_telemetry' sent to map.
2026-09-17 18:54:14.168 [DATA] Command 'ar_telemetry' sent to map.
2026-09-17 18:54:14.184 [DATA] Command 'ar_telemetry' sent to map.
2026-09-17 18:54:14.199 [DATA] Command 'ar_telemetry' sent to map.
2026-09-17 18:54:14.214 [DATA] Command 'ar_telemetry' sent to map.
2026-09-17 18:54:14.229 [DATA] Command 'ar_telemetry' sent to map.
2026-09-17 18:54:14.244 [DATA] Command 'ar_telemetry' sent to map.
2026-09-17 18:54:14.259 [DATA] Command 'ar_telemetry' sent to map.
2026-09-17 18:54:14.275 [DATA] Command 'ar_telemetry' sent to map.
2026-09-17 18:54:14.291 [DATA] Command 'ar_telemetry' sent to map.
2026-09-17 18:54:14.306 [DATA] Command 'ar_telemetry' sent to map.
2026-09-17 18:54:14.322 [DATA] Command 'ar_telemetry' sent to map.
2026-09-17 18:54:14.337 [DATA] Command 'ar_telemetry' sent to map.
2026-09-17 18:54:14.353 [DATA] Command 'ar_telemetry' sent to map.
2026-09-17 18:54:14.368 [DATA] Command 'ar_telemetry' sent to map.
2026-09-17 18:54:14.485 [DATA] Command 'ar_telemetry' sent to map.
2026-09-17 18:54:14.490 [DATA] Command 'ar_telemetry' sent to map.
2026-09-17 18:54:14.505 [DATA] Command 'ar_telemetry' sent to map.
2026-09-17 18:54:14.521 [DATA] Command 'ar_telemetry' sent to map.
2026-09-17 18:54:14.535 [DATA] Command 'ar_telemetry' sent to map.
2026-09-17 18:54:14.551 [DATA] Command 'ar_telemetry' sent to map.
2026-09-17 18:54:14.566 [DATA] Command 'ar_telemetry' sent to map.
2026-09-17 18:54:14.581 [DATA] Command 'ar_telemetry' sent to map.
2026-09-17 18:54:14.597 [DATA] Command 'ar_telemetry' sent to map.
2026-09-17 18:54:14.612 [DATA] Command 'ar_telemetry' sent to map.
2026-09-17 18:54:14.626 [DATA] Command 'ar_telemetry' sent to map.
2026-09-17 18:54:14.642 [DATA] Command 'ar_telemetry' sent to map.
2026-09-17 18:54:14.657 [DATA] Command 'ar_telemetry' sent to map.
2026-09-17 18:54:14.673 [DATA] Command 'ar_telemetry' sent to map.
2026-09-17 18:54:14.688 [DATA] Command 'ar_telemetry' sent to map.
2026-09-17 18:54:14.704 [DATA] Command 'ar_telemetry' sent to map.
2026-09-17 18:54:14.734 [DATA] Command 'ar_telemetry' sent to map.
2026-09-17 18:54:14.749 [DATA] Command 'ar_telemetry' sent to map.
2026-09-17 18:54:14.765 [DATA] Command 'ar_telemetry' sent to map.
2026-09-17 18:54:14.779 [DATA] Command 'ar_telemetry' sent to map.
2026-09-17 18:54:14.795 [DATA] Command 'ar_telemetry' sent to map.
2026-09-17 18:54:14.810 [DATA] Command 'ar_telemetry' sent to map.
2026-09-17 18:54:14.826 [DATA] Command 'ar_telemetry' sent to map.
2026-09-17 18:54:14.841 [DATA] Command 'ar_telemetry' sent to map.
2026-09-17 18:54:14.856 [DATA] Command 'ar_telemetry' sent to map.
2026-09-17 18:54:14.872 [DATA] Command 'ar_telemetry' sent to map.
2026-09-17 18:54:14.887 [DATA] Command 'ar_telemetry' sent to map.
2026-09-17 18:54:14.907 [DATA] Command 'ar_telemetry' sent to map.
2026-09-17 18:54:14.918 [DATA] Command 'ar_telemetry' sent to map.
2026-09-17 18:54:14.934 [DATA] Command 'ar_telemetry' sent to map.
2026-09-17 18:54:14.948 [DATA] Command 'ar_telemetry' sent to map.
2026-09-17 18:54:14.964 [DATA] Command 'ar_telemetry' sent to map.
2026-09-17 18:54:14.979 [DATA] Command 'ar_telemetry' sent to map.
2026-09-17 18:54:14.995 [DATA] Command 'ar_telemetry' sent to map.
2026-09-17 18:54:15.010 [DATA] Command 'ar_telemetry' sent to map.
2026-09-17 18:54:15.025 [DATA] Command 'ar_telemetry' sent to map.
2026-09-17 18:54:15.041 [DATA] Command 'ar_telemetry' sent to map.
2026-09-17 18:54:15.056 [DATA] Command 'ar_telemetry' sent to map.
2026-09-17 18:54:15.071 [DATA] Command 'ar_telemetry' sent to map.
2026-09-17 18:54:15.102 [DATA] Command 'ar_telemetry' sent to map.
2026-09-17 18:54:15.117 [DATA] Command 'ar_telemetry' sent to map.
2026-09-17 18:54:15.132 [DATA] Command 'ar_telemetry' sent to map.
2026-09-17 18:54:15.149 [DATA] Command 'ar_telemetry' sent to map.
2026-09-17 18:54:15.164 [DATA] Command 'ar_telemetry' sent to map.
2026-09-17 18:54:15.179 [DATA] Command 'ar_telemetry' sent to map.
2026-09-17 18:54:15.195 [DATA] Command 'ar_telemetry' sent to map.
2026-09-17 18:54:15.210 [DATA] Command 'ar_telemetry' sent to map.
2026-09-17 18:54:15.225 [DATA] Command 'ar_telemetry' sent to map.
2026-09-17 18:54:15.240 [DATA] Command 'ar_telemetry' sent to map.
2026-09-17 18:54:15.256 [DATA] Command 'ar_telemetry' sent to map.
2026-09-17 18:54:15.272 [DATA] Command 'ar_telemetry' sent to map.
2026-09-17 18:54:15.287 [DATA] Command 'ar_telemetry' sent to map.
2026-09-17 18:54:15.302 [DATA] Command 'ar_telemetry' sent to map.
2026-09-17 18:54:15.318 [DATA] Command 'ar_telemetry' sent to map.
2026-09-17 18:54:15.333 [DATA] Command 'ar_telemetry' sent to map.
2026-09-17 18:54:15.349 [DATA] Command 'ar_telemetry' sent to map.
2026-09-17 18:54:15.364 [DATA] Command 'ar_telemetry' sent to map.
2026-09-17 18:54:15.379 [DATA] Command 'ar_telemetry' sent to map.
2026-09-17 18:54:15.395 [DATA] Command 'ar_telemetry' sent to map.
2026-09-17 18:54:15.410 [DATA] Command 'ar_telemetry' sent to map.
2026-09-17 18:54:15.426 [DATA] Command 'ar_telemetry' sent to map.
2026-09-17 18:54:15.440 [DATA] [QUEST][DIAG] Ruslan: enabled=True status=Available step=available paused=False build=built marker=yellow_exclamation map=True ar=True interactive=True point=(146529,0,111,6,-60981,0) truck=(146515,2,111,6,-60984,8) dist=14,3m trigger=35,0m inside=True override=none
2026-09-17 18:54:15.441 [DATA] [QUEST][DIAG] AR: truckKnown=True cameraValid=True camera=(0,0,0,0,0,0) arDisplayRadius=5 globalPoints=5748 nearSig= questStatePoints=1 ruslanInQuestState=True
2026-09-17 18:54:15.441 [DATA] [QUEST][DIAG] PIPE: definitions=1 activeQuest=False ruslanName=Шашлычник Руслан
2026-09-17 18:54:15.444 [DATA] Command 'ar_telemetry' sent to map.
2026-09-17 18:54:15.458 [DATA] Command 'ar_telemetry' sent to map.
2026-09-17 18:54:15.474 [DATA] Command 'ar_telemetry' sent to map.
2026-09-17 18:54:15.490 [DATA] Command 'ar_telemetry' sent to map.
2026-09-17 18:54:15.506 [DATA] Command 'ar_telemetry' sent to map.
2026-09-17 18:54:15.521 [DATA] Command 'ar_telemetry' sent to map.
2026-09-17 18:54:15.536 [DATA] Command 'ar_telemetry' sent to map.
2026-09-17 18:54:15.552 [DATA] Command 'ar_telemetry' sent to map.
2026-09-17 18:54:15.568 [DATA] Command 'ar_telemetry' sent to map.
2026-09-17 18:54:15.583 [DATA] Command 'ar_telemetry' sent to map.
2026-09-17 18:54:15.599 [DATA] Command 'ar_telemetry' sent to map.
2026-09-17 18:54:15.630 [DATA] Command 'ar_telemetry' sent to map.
2026-09-17 18:54:15.645 [DATA] Command 'ar_telemetry' sent to map.
2026-09-17 18:54:15.661 [DATA] Command 'ar_telemetry' sent to map.
2026-09-17 18:54:15.676 [DATA] Command 'ar_telemetry' sent to map.
2026-09-17 18:54:15.692 [DATA] Command 'ar_telemetry' sent to map.
2026-09-17 18:54:15.707 [DATA] Command 'ar_telemetry' sent to map.
2026-09-17 18:54:15.723 [DATA] Command 'ar_telemetry' sent to map.
2026-09-17 18:54:15.739 [DATA] Command 'ar_telemetry' sent to map.
2026-09-17 18:54:15.754 [DATA] Command 'ar_telemetry' sent to map.
2026-09-17 18:54:15.770 [DATA] Command 'ar_telemetry' sent to map.
2026-09-17 18:54:15.785 [DATA] Command 'ar_telemetry' sent to map.
2026-09-17 18:54:15.801 [DATA] Command 'ar_telemetry' sent to map.
2026-09-17 18:54:15.817 [DATA] Command 'ar_telemetry' sent to map.
2026-09-17 18:54:15.832 [DATA] Command 'ar_telemetry' sent to map.
2026-09-17 18:54:15.847 [DATA] Command 'ar_telemetry' sent to map.
2026-09-17 18:54:15.863 [DATA] Command 'ar_telemetry' sent to map.
2026-09-17 18:54:15.880 [DATA] Command 'ar_telemetry' sent to map.
2026-09-17 18:54:15.891 [DATA] [AR] нет применимых telemetry-полей в источнике 'ws'.
2026-09-17 18:54:15.893 [DATA] [OVR] load_order.txt: [custom_map1.json, test_targets.json] (снизу=низший приоритет)
2026-09-17 18:54:15.896 [DATA] Command 'ar_telemetry' sent to map.
2026-09-17 18:54:15.896 [DATA] [OVR] файл из load_order не найден: custom_map1.json (пропущен)
2026-09-17 18:54:15.897 [DATA] [OVR] прочитан test_targets.json: записей=1
2026-09-17 18:54:15.897 [DATA] [OVR]   test_targets.json -> random: 119646.75, 0.00, -53344.43
2026-09-17 18:54:15.901 [DATA] [AR] Модель точек без изменений: 5748.
2026-09-17 18:54:15.911 [DATA] Command 'ar_telemetry' sent to map.
2026-09-17 18:54:15.926 [DATA] Command 'ar_telemetry' sent to map.
2026-09-17 18:54:15.942 [DATA] Command 'ar_telemetry' sent to map.
2026-09-17 18:54:15.957 [DATA] Command 'ar_telemetry' sent to map.
2026-09-17 18:54:15.973 [DATA] Command 'ar_telemetry' sent to map.
2026-09-17 18:54:15.988 [DATA] Command 'ar_telemetry' sent to map.
2026-09-17 18:54:16.003 [DATA] Command 'ar_telemetry' sent to map.
2026-09-17 18:54:16.019 [DATA] Command 'ar_telemetry' sent to map.
2026-09-17 18:54:16.035 [DATA] Command 'ar_telemetry' sent to map.
2026-09-17 18:54:16.050 [DATA] Command 'ar_telemetry' sent to map.
2026-09-17 18:54:16.065 [DATA] Command 'ar_telemetry' sent to map.
2026-09-17 18:54:16.081 [DATA] Command 'ar_telemetry' sent to map.
2026-09-17 18:54:16.096 [DATA] Command 'ar_telemetry' sent to map.
2026-09-17 18:54:16.112 [DATA] Command 'ar_telemetry' sent to map.
2026-09-17 18:54:16.128 [DATA] Command 'ar_telemetry' sent to map.
2026-09-17 18:54:16.144 [DATA] Command 'ar_telemetry' sent to map.
2026-09-17 18:54:16.159 [DATA] Command 'ar_telemetry' sent to map.
2026-09-17 18:54:16.190 [DATA] Command 'ar_telemetry' sent to map.
2026-09-17 18:54:16.206 [DATA] Command 'ar_telemetry' sent to map.
2026-09-17 18:54:16.221 [DATA] Command 'ar_telemetry' sent to map.
2026-09-17 18:54:16.239 [DATA] Command 'ar_telemetry' sent to map.
2026-09-17 18:54:16.251 [DATA] Command 'ar_telemetry' sent to map.
2026-09-17 18:54:16.267 [DATA] Command 'ar_telemetry' sent to map.
2026-09-17 18:54:16.282 [DATA] Command 'ar_telemetry' sent to map.
2026-09-17 18:54:16.298 [DATA] Command 'ar_telemetry' sent to map.
2026-09-17 18:54:16.314 [DATA] Command 'ar_telemetry' sent to map.
2026-09-17 18:54:16.330 [DATA] Command 'ar_telemetry' sent to map.
2026-09-17 18:54:16.346 [DATA] Command 'ar_telemetry' sent to map.
2026-09-17 18:54:16.362 [DATA] Command 'ar_telemetry' sent to map.
2026-09-17 18:54:16.482 [DATA] Command 'ar_telemetry' sent to map.
2026-09-17 18:54:16.484 [DATA] Command 'ar_telemetry' sent to map.
2026-09-17 18:54:16.499 [DATA] Command 'ar_telemetry' sent to map.
2026-09-17 18:54:16.515 [DATA] Command 'ar_telemetry' sent to map.
2026-09-17 18:54:16.531 [DATA] Command 'ar_telemetry' sent to map.
2026-09-17 18:54:16.545 [DATA] Command 'ar_telemetry' sent to map.
2026-09-17 18:54:16.562 [DATA] Command 'ar_telemetry' sent to map.
2026-09-17 18:54:16.580 [DATA] Command 'ar_telemetry' sent to map.
2026-09-17 18:54:16.591 [DATA] Command 'ar_telemetry' sent to map.
2026-09-17 18:54:16.607 [DATA] Command 'ar_telemetry' sent to map.
2026-09-17 18:54:16.638 [DATA] Command 'ar_telemetry' sent to map.
2026-09-17 18:54:16.653 [DATA] Command 'ar_telemetry' sent to map.
2026-09-17 18:54:16.668 [DATA] Command 'ar_telemetry' sent to map.
2026-09-17 18:54:16.683 [DATA] Command 'ar_telemetry' sent to map.
2026-09-17 18:54:16.699 [DATA] Command 'ar_telemetry' sent to map.
2026-09-17 18:54:16.714 [DATA] Command 'ar_telemetry' sent to map.
2026-09-17 18:54:16.729 [DATA] Command 'ar_telemetry' sent to map.
2026-09-17 18:54:16.745 [DATA] Command 'ar_telemetry' sent to map.
2026-09-17 18:54:16.760 [DATA] Command 'ar_telemetry' sent to map.
2026-09-17 18:54:16.777 [DATA] Command 'ar_telemetry' sent to map.
2026-09-17 18:54:16.792 [DATA] Command 'ar_telemetry' sent to map.
2026-09-17 18:54:16.807 [DATA] Command 'ar_telemetry' sent to map.
2026-09-17 18:54:16.822 [DATA] Command 'ar_telemetry' sent to map.
2026-09-17 18:54:16.837 [DATA] Command 'ar_telemetry' sent to map.
2026-09-17 18:54:16.852 [DATA] Command 'ar_telemetry' sent to map.
2026-09-17 18:54:16.868 [DATA] Command 'ar_telemetry' sent to map.
2026-09-17 18:54:16.883 [DATA] Command 'ar_telemetry' sent to map.
2026-09-17 18:54:16.898 [DATA] Command 'ar_telemetry' sent to map.
2026-09-17 18:54:16.918 [DATA] Command 'ar_telemetry' sent to map.
2026-09-17 18:54:16.928 [DATA] Command 'ar_telemetry' sent to map.
2026-09-17 18:54:16.944 [DATA] Command 'ar_telemetry' sent to map.
2026-09-17 18:54:16.959 [DATA] Command 'ar_telemetry' sent to map.
2026-09-17 18:54:16.989 [DATA] Command 'ar_telemetry' sent to map.
2026-09-17 18:54:17.004 [DATA] Command 'ar_telemetry' sent to map.
2026-09-17 18:54:17.020 [DATA] Command 'ar_telemetry' sent to map.
2026-09-17 18:54:17.035 [DATA] Command 'ar_telemetry' sent to map.
2026-09-17 18:54:17.051 [DATA] Command 'ar_telemetry' sent to map.
2026-09-17 18:54:17.066 [DATA] Command 'ar_telemetry' sent to map.
2026-09-17 18:54:17.071 [DATA] Command 'ar_telemetry' sent to map.
2026-09-17 18:54:17.097 [DATA] Command 'ar_telemetry' sent to map.
2026-09-17 18:54:17.112 [DATA] Command 'ar_telemetry' sent to map.
2026-09-17 18:54:17.131 [DATA] Command 'ar_telemetry' sent to map.
2026-09-17 18:54:17.143 [DATA] Command 'ar_telemetry' sent to map.
2026-09-17 18:54:17.159 [DATA] Command 'ar_telemetry' sent to map.
2026-09-17 18:54:17.174 [DATA] Command 'ar_telemetry' sent to map.
2026-09-17 18:54:17.189 [DATA] Command 'ar_telemetry' sent to map.
2026-09-17 18:54:17.204 [DATA] Command 'ar_telemetry' sent to map.
2026-09-17 18:54:17.220 [DATA] Command 'ar_telemetry' sent to map.
2026-09-17 18:54:17.234 [DATA] Command 'ar_telemetry' sent to map.
2026-09-17 18:54:17.250 [DATA] Command 'ar_telemetry' sent to map.
2026-09-17 18:54:17.265 [DATA] Command 'ar_telemetry' sent to map.
2026-09-17 18:54:17.281 [DATA] Command 'ar_telemetry' sent to map.
2026-09-17 18:54:17.297 [DATA] Command 'ar_telemetry' sent to map.
2026-09-17 18:54:17.313 [DATA] Command 'ar_telemetry' sent to map.
2026-09-17 18:54:17.328 [DATA] Command 'ar_telemetry' sent to map.
2026-09-17 18:54:17.343 [DATA] Command 'ar_telemetry' sent to map.
2026-09-17 18:54:17.359 [DATA] Command 'ar_telemetry' sent to map.
2026-09-17 18:54:17.390 [DATA] Command 'ar_telemetry' sent to map.
2026-09-17 18:54:17.405 [DATA] Command 'ar_telemetry' sent to map.
2026-09-17 18:54:17.420 [DATA] Command 'ar_telemetry' sent to map.
2026-09-17 18:54:17.436 [DATA] Command 'ar_telemetry' sent to map.
2026-09-17 18:54:17.452 [DATA] Command 'ar_telemetry' sent to map.
2026-09-17 18:54:17.467 [DATA] Command 'ar_telemetry' sent to map.
2026-09-17 18:54:17.483 [DATA] Command 'ar_telemetry' sent to map.
2026-09-17 18:54:17.498 [DATA] Command 'ar_telemetry' sent to map.
2026-09-17 18:54:17.515 [DATA] Command 'ar_telemetry' sent to map.
2026-09-17 18:54:17.529 [DATA] Command 'ar_telemetry' sent to map.
2026-09-17 18:54:17.545 [DATA] Command 'ar_telemetry' sent to map.
2026-09-17 18:54:17.560 [DATA] Command 'ar_telemetry' sent to map.
2026-09-17 18:54:17.568 [DATA] Command 'ar_telemetry' sent to map.
2026-09-17 18:54:17.590 [DATA] Command 'ar_telemetry' sent to map.
2026-09-17 18:54:17.606 [DATA] Command 'ar_telemetry' sent to map.
2026-09-17 18:54:17.621 [DATA] Command 'ar_telemetry' sent to map.
2026-09-17 18:54:17.637 [DATA] Command 'ar_telemetry' sent to map.
2026-09-17 18:54:17.652 [DATA] Command 'ar_telemetry' sent to map.
2026-09-17 18:54:17.667 [DATA] Command 'ar_telemetry' sent to map.
2026-09-17 18:54:17.683 [DATA] Command 'ar_telemetry' sent to map.
2026-09-17 18:54:17.698 [DATA] Command 'ar_telemetry' sent to map.
2026-09-17 18:54:17.713 [DATA] Command 'ar_telemetry' sent to map.
2026-09-17 18:54:17.729 [DATA] Command 'ar_telemetry' sent to map.
2026-09-17 18:54:17.744 [DATA] [AR] tick alive: known=True changed=False forced=False head=True pts=5748 x=146515,2 z=-60984,8
2026-09-17 18:54:17.744 [DATA] Command 'ar_telemetry' sent to map.
2026-09-17 18:54:17.759 [DATA] Command 'ar_telemetry' sent to map.
2026-09-17 18:54:17.789 [DATA] Command 'ar_telemetry' sent to map.
2026-09-17 18:54:17.805 [DATA] Command 'ar_telemetry' sent to map.
2026-09-17 18:54:17.821 [DATA] Command 'ar_telemetry' sent to map.
2026-09-17 18:54:17.836 [DATA] Command 'ar_telemetry' sent to map.
2026-09-17 18:54:17.851 [DATA] Command 'ar_telemetry' sent to map.
2026-09-17 18:54:17.866 [DATA] Command 'ar_telemetry' sent to map.
2026-09-17 18:54:17.881 [DATA] Command 'ar_telemetry' sent to map.
2026-09-17 18:54:17.897 [DATA] Command 'ar_telemetry' sent to map.
2026-09-17 18:54:17.912 [DATA] Command 'ar_telemetry' sent to map.
2026-09-17 18:54:17.927 [DATA] Command 'ar_telemetry' sent to map.
2026-09-17 18:54:17.942 [DATA] Command 'ar_telemetry' sent to map.
2026-09-17 18:54:17.958 [DATA] Command 'ar_telemetry' sent to map.
2026-09-17 18:54:17.973 [DATA] Command 'ar_telemetry' sent to map.
2026-09-17 18:54:17.989 [DATA] Command 'ar_telemetry' sent to map.
2026-09-17 18:54:18.005 [DATA] Command 'ar_telemetry' sent to map.
2026-09-17 18:54:18.021 [DATA] Command 'ar_telemetry' sent to map.
2026-09-17 18:54:18.036 [DATA] Command 'ar_telemetry' sent to map.
2026-09-17 18:54:18.051 [DATA] Command 'ar_telemetry' sent to map.
2026-09-17 18:54:18.066 [DATA] Command 'ar_telemetry' sent to map.
2026-09-17 18:54:18.081 [DATA] Command 'ar_telemetry' sent to map.
2026-09-17 18:54:18.096 [DATA] Command 'ar_telemetry' sent to map.
2026-09-17 18:54:18.112 [DATA] Command 'ar_telemetry' sent to map.
2026-09-17 18:54:18.127 [DATA] Command 'ar_telemetry' sent to map.
2026-09-17 18:54:18.158 [DATA] Command 'ar_telemetry' sent to map.
2026-09-17 18:54:18.173 [DATA] Command 'ar_telemetry' sent to map.
2026-09-17 18:54:18.188 [DATA] Command 'ar_telemetry' sent to map.
2026-09-17 18:54:18.203 [DATA] Command 'ar_telemetry' sent to map.
2026-09-17 18:54:18.219 [DATA] Command 'ar_telemetry' sent to map.
2026-09-17 18:54:18.234 [DATA] Command 'ar_telemetry' sent to map.
2026-09-17 18:54:18.250 [DATA] Command 'ar_telemetry' sent to map.
2026-09-17 18:54:18.265 [DATA] Command 'ar_telemetry' sent to map.
2026-09-17 18:54:18.281 [DATA] Command 'ar_telemetry' sent to map.
2026-09-17 18:54:18.283 [DATA] [AR] ground plane: plane origin=(146515.00,111.60,-60985.00) N=(0.0002,1.0000,0.0000) avgWheelH=111.597 refH=111.597 maxRes=0.0000 used=4 wheels=4 | режим=по колёсам | измеренный уклон=0 мм
2026-09-17 18:54:18.283 [DATA] [AR] pose 'rest': truck=146515,18,111,60,-60984,81 camera=146517,02,114,11,-60985,33 fwd=0,978,-0,177,0,114 up=0,175,0,984,0,020 ground=111,60.
2026-09-17 18:54:18.289 [DATA] Command 'ar_telemetry' sent to map.
2026-09-17 18:54:18.312 [DATA] Command 'ar_telemetry' sent to map.
2026-09-17 18:54:18.327 [DATA] Command 'ar_telemetry' sent to map.
2026-09-17 18:54:18.342 [DATA] Command 'ar_telemetry' sent to map.
2026-09-17 18:54:18.357 [DATA] Command 'ar_telemetry' sent to map.
2026-09-17 18:54:18.373 [DATA] Command 'ar_telemetry' sent to map.
2026-09-17 18:54:18.476 [DATA] Command 'ar_telemetry' sent to map.
2026-09-17 18:54:18.480 [DATA] Command 'ar_telemetry' sent to map.
2026-09-17 18:54:18.495 [DATA] Command 'ar_telemetry' sent to map.
2026-09-17 18:54:18.511 [DATA] Command 'ar_telemetry' sent to map.
2026-09-17 18:54:18.527 [DATA] Command 'ar_telemetry' sent to map.
2026-09-17 18:54:18.557 [DATA] Command 'ar_telemetry' sent to map.
2026-09-17 18:54:18.574 [DATA] Command 'ar_telemetry' sent to map.
2026-09-17 18:54:18.588 [DATA] Command 'ar_telemetry' sent to map.
2026-09-17 18:54:18.604 [DATA] Command 'ar_telemetry' sent to map.
2026-09-17 18:54:18.618 [DATA] Command 'ar_telemetry' sent to map.
2026-09-17 18:54:18.634 [DATA] Command 'ar_telemetry' sent to map.
2026-09-17 18:54:18.650 [DATA] Command 'ar_telemetry' sent to map.
2026-09-17 18:54:18.665 [DATA] Command 'ar_telemetry' sent to map.
2026-09-17 18:54:18.680 [DATA] Command 'ar_telemetry' sent to map.
2026-09-17 18:54:18.696 [DATA] Command 'ar_telemetry' sent to map.
2026-09-17 18:54:18.711 [DATA] Command 'ar_telemetry' sent to map.
2026-09-17 18:54:18.727 [DATA] Command 'ar_telemetry' sent to map.
2026-09-17 18:54:18.742 [DATA] Command 'ar_telemetry' sent to map.
2026-09-17 18:54:18.757 [DATA] Command 'ar_telemetry' sent to map.
2026-09-17 18:54:18.774 [DATA] Command 'ar_telemetry' sent to map.
2026-09-17 18:54:18.789 [DATA] Command 'ar_telemetry' sent to map.
2026-09-17 18:54:18.805 [DATA] Command 'ar_telemetry' sent to map.
2026-09-17 18:54:18.820 [DATA] Command 'ar_telemetry' sent to map.
2026-09-17 18:54:18.835 [DATA] Command 'ar_telemetry' sent to map.
2026-09-17 18:54:18.851 [DATA] Command 'ar_telemetry' sent to map.
2026-09-17 18:54:18.867 [DATA] Command 'ar_telemetry' sent to map.
2026-09-17 18:54:18.882 [DATA] Command 'ar_telemetry' sent to map.
2026-09-17 18:54:18.897 [DATA] Command 'ar_telemetry' sent to map.
2026-09-17 18:54:18.912 [DATA] Command 'ar_telemetry' sent to map.
2026-09-17 18:54:18.933 [DATA] Command 'ar_telemetry' sent to map.
2026-09-17 18:54:18.943 [DATA] Command 'ar_telemetry' sent to map.
2026-09-17 18:54:18.959 [DATA] Command 'ar_telemetry' sent to map.
2026-09-17 18:54:18.989 [DATA] Command 'ar_telemetry' sent to map.
2026-09-17 18:54:19.005 [DATA] Command 'ar_telemetry' sent to map.
2026-09-17 18:54:19.020 [DATA] Command 'ar_telemetry' sent to map.
2026-09-17 18:54:19.035 [DATA] Command 'ar_telemetry' sent to map.
2026-09-17 18:54:19.051 [DATA] Command 'ar_telemetry' sent to map.
2026-09-17 18:54:19.067 [DATA] Command 'ar_telemetry' sent to map.
2026-09-17 18:54:19.082 [DATA] Command 'ar_telemetry' sent to map.
2026-09-17 18:54:19.096 [DATA] Command 'ar_telemetry' sent to map.
2026-09-17 18:54:19.112 [DATA] Command 'ar_telemetry' sent to map.
2026-09-17 18:54:19.127 [DATA] Command 'ar_telemetry' sent to map.
2026-09-17 18:54:19.144 [DATA] Command 'ar_telemetry' sent to map.
2026-09-17 18:54:19.159 [DATA] Command 'ar_telemetry' sent to map.
2026-09-17 18:54:19.174 [DATA] Command 'ar_telemetry' sent to map.
2026-09-17 18:54:19.189 [DATA] Command 'ar_telemetry' sent to map.
2026-09-17 18:54:19.205 [DATA] Command 'ar_telemetry' sent to map.
2026-09-17 18:54:19.220 [DATA] Command 'ar_telemetry' sent to map.
2026-09-17 18:54:19.235 [DATA] Command 'ar_telemetry' sent to map.
2026-09-17 18:54:19.251 [DATA] Command 'ar_telemetry' sent to map.
2026-09-17 18:54:19.266 [DATA] Command 'ar_telemetry' sent to map.
2026-09-17 18:54:19.282 [DATA] Command 'ar_telemetry' sent to map.
2026-09-17 18:54:19.297 [DATA] Command 'ar_telemetry' sent to map.
2026-09-17 18:54:19.313 [DATA] Command 'ar_telemetry' sent to map.
2026-09-17 18:54:19.328 [DATA] Command 'ar_telemetry' sent to map.
2026-09-17 18:54:19.344 [DATA] Command 'ar_telemetry' sent to map.
2026-09-17 18:54:19.362 [DATA] Command 'ar_telemetry' sent to map.
2026-09-17 18:54:19.380 [DATA] Command 'ar_telemetry' sent to map.
2026-09-17 18:54:19.398 [DATA] Command 'ar_telemetry' sent to map.
2026-09-17 18:54:19.416 [DATA] Command 'ar_telemetry' sent to map.
2026-09-17 18:54:19.428 [DATA] Command 'ar_telemetry' sent to map.
2026-09-17 18:54:19.443 [DATA] Command 'ar_telemetry' sent to map.
2026-09-17 18:54:19.459 [DATA] Command 'ar_telemetry' sent to map.
2026-09-17 18:54:19.474 [DATA] Command 'ar_telemetry' sent to map.
2026-09-17 18:54:19.489 [DATA] Command 'ar_telemetry' sent to map.
2026-09-17 18:54:19.507 [DATA] Command 'ar_telemetry' sent to map.
2026-09-17 18:54:19.519 [DATA] Command 'ar_telemetry' sent to map.
2026-09-17 18:54:19.550 [DATA] Command 'ar_telemetry' sent to map.
2026-09-17 18:54:19.567 [DATA] Command 'ar_telemetry' sent to map.
2026-09-17 18:54:19.581 [DATA] Command 'ar_telemetry' sent to map.
2026-09-17 18:54:19.597 [DATA] Command 'ar_telemetry' sent to map.
2026-09-17 18:54:19.615 [DATA] Command 'ar_telemetry' sent to map.
2026-09-17 18:54:19.630 [DATA] Command 'ar_telemetry' sent to map.
2026-09-17 18:54:19.645 [DATA] Command 'ar_telemetry' sent to map.
2026-09-17 18:54:19.661 [DATA] Command 'ar_telemetry' sent to map.
2026-09-17 18:54:19.675 [DATA] Command 'ar_telemetry' sent to map.
2026-09-17 18:54:19.691 [DATA] Command 'ar_telemetry' sent to map.
2026-09-17 18:54:19.706 [DATA] Command 'ar_telemetry' sent to map.
2026-09-17 18:54:19.722 [DATA] Command 'ar_telemetry' sent to map.
2026-09-17 18:54:19.737 [DATA] Command 'ar_telemetry' sent to map.
2026-09-17 18:54:19.753 [DATA] Command 'ar_telemetry' sent to map.
2026-09-17 18:54:19.768 [DATA] Command 'ar_telemetry' sent to map.
2026-09-17 18:54:19.784 [DATA] Command 'ar_telemetry' sent to map.
2026-09-17 18:54:19.799 [DATA] Command 'ar_telemetry' sent to map.
2026-09-17 18:54:19.815 [DATA] Command 'ar_telemetry' sent to map.
2026-09-17 18:54:19.831 [DATA] Command 'ar_telemetry' sent to map.
2026-09-17 18:54:19.847 [DATA] Command 'ar_telemetry' sent to map.
2026-09-17 18:54:19.862 [DATA] Command 'ar_telemetry' sent to map.
2026-09-17 18:54:19.878 [DATA] Command 'ar_telemetry' sent to map.
2026-09-17 18:54:19.894 [DATA] Command 'ar_telemetry' sent to map.
2026-09-17 18:54:19.908 [DATA] Command 'ar_telemetry' sent to map.
2026-09-17 18:54:19.925 [DATA] Command 'ar_telemetry' sent to map.
2026-09-17 18:54:19.940 [DATA] Command 'ar_telemetry' sent to map.
2026-09-17 18:54:19.956 [DATA] Command 'ar_telemetry' sent to map.
2026-09-17 18:54:19.972 [DATA] Command 'ar_telemetry' sent to map.
2026-09-17 18:54:19.986 [DATA] Command 'ar_telemetry' sent to map.
2026-09-17 18:54:20.001 [DATA] Command 'ar_telemetry' sent to map.
2026-09-17 18:54:20.016 [DATA] Command 'ar_telemetry' sent to map.
2026-09-17 18:54:20.032 [DATA] Command 'ar_telemetry' sent to map.
2026-09-17 18:54:20.063 [DATA] Command 'ar_telemetry' sent to map.
2026-09-17 18:54:20.078 [DATA] Command 'ar_telemetry' sent to map.
2026-09-17 18:54:20.093 [DATA] Command 'ar_telemetry' sent to map.
2026-09-17 18:54:20.109 [DATA] Command 'ar_telemetry' sent to map.
2026-09-17 18:54:20.124 [DATA] Command 'ar_telemetry' sent to map.
2026-09-17 18:54:20.140 [DATA] Command 'ar_telemetry' sent to map.
2026-09-17 18:54:20.154 [DATA] Command 'ar_telemetry' sent to map.
2026-09-17 18:54:20.170 [DATA] Command 'ar_telemetry' sent to map.
2026-09-17 18:54:20.185 [DATA] Command 'ar_telemetry' sent to map.
2026-09-17 18:54:20.200 [DATA] Command 'ar_telemetry' sent to map.
2026-09-17 18:54:20.215 [DATA] Command 'ar_telemetry' sent to map.
2026-09-17 18:54:20.231 [DATA] Command 'ar_telemetry' sent to map.
2026-09-17 18:54:20.245 [DATA] Command 'ar_telemetry' sent to map.
2026-09-17 18:54:20.261 [DATA] Command 'ar_telemetry' sent to map.
2026-09-17 18:54:20.276 [DATA] Command 'ar_telemetry' sent to map.
2026-09-17 18:54:20.292 [DATA] Command 'ar_telemetry' sent to map.
2026-09-17 18:54:20.307 [DATA] Command 'ar_telemetry' sent to map.
2026-09-17 18:54:20.323 [DATA] Command 'ar_telemetry' sent to map.
2026-09-17 18:54:20.339 [DATA] Command 'ar_telemetry' sent to map.
2026-09-17 18:54:20.355 [DATA] Command 'ar_telemetry' sent to map.
2026-09-17 18:54:20.370 [DATA] Command 'ar_telemetry' sent to map.
2026-09-17 18:54:20.472 [DATA] Command 'ar_telemetry' sent to map.
2026-09-17 18:54:20.472 [DATA] [QUEST][DIAG] Ruslan: enabled=True status=Available step=available paused=False build=built marker=yellow_exclamation map=True ar=True interactive=True point=(146529,0,111,6,-60981,0) truck=(146515,2,111,6,-60984,8) dist=14,3m trigger=35,0m inside=True override=none
2026-09-17 18:54:20.472 [DATA] [QUEST][DIAG] AR: truckKnown=True cameraValid=True camera=(0,0,0,0,0,0) arDisplayRadius=5 globalPoints=5748 nearSig= questStatePoints=1 ruslanInQuestState=True
2026-09-17 18:54:20.473 [DATA] [QUEST][DIAG] PIPE: definitions=1 activeQuest=False ruslanName=Шашлычник Руслан
2026-09-17 18:54:20.478 [DATA] Command 'ar_telemetry' sent to map.
2026-09-17 18:54:20.493 [DATA] Command 'ar_telemetry' sent to map.
2026-09-17 18:54:20.508 [DATA] Command 'ar_telemetry' sent to map.
2026-09-17 18:54:20.525 [DATA] Command 'ar_telemetry' sent to map.
2026-09-17 18:54:20.540 [DATA] Command 'ar_telemetry' sent to map.
2026-09-17 18:54:20.555 [DATA] Command 'ar_telemetry' sent to map.
2026-09-17 18:54:20.570 [DATA] Command 'ar_telemetry' sent to map.
2026-09-17 18:54:20.586 [DATA] Command 'ar_telemetry' sent to map.
2026-09-17 18:54:20.601 [DATA] Command 'ar_telemetry' sent to map.
2026-09-17 18:54:20.616 [DATA] Command 'ar_telemetry' sent to map.
2026-09-17 18:54:20.631 [DATA] Command 'ar_telemetry' sent to map.
2026-09-17 18:54:20.647 [DATA] Command 'ar_telemetry' sent to map.
2026-09-17 18:54:20.662 [DATA] Command 'ar_telemetry' sent to map.
2026-09-17 18:54:20.678 [DATA] Command 'ar_telemetry' sent to map.
2026-09-17 18:54:20.694 [DATA] Command 'ar_telemetry' sent to map.
2026-09-17 18:54:20.709 [DATA] Command 'ar_telemetry' sent to map.
2026-09-17 18:54:20.724 [DATA] Command 'ar_telemetry' sent to map.
2026-09-17 18:54:20.739 [DATA] Command 'ar_telemetry' sent to map.
2026-09-17 18:54:20.755 [DATA] Command 'ar_telemetry' sent to map.
2026-09-17 18:54:20.770 [DATA] Command 'ar_telemetry' sent to map.
2026-09-17 18:54:20.785 [DATA] Command 'ar_telemetry' sent to map.
2026-09-17 18:54:20.800 [DATA] Command 'ar_telemetry' sent to map.
2026-09-17 18:54:20.816 [DATA] Command 'ar_telemetry' sent to map.
2026-09-17 18:54:20.846 [DATA] Command 'ar_telemetry' sent to map.
2026-09-17 18:54:20.862 [DATA] Command 'ar_telemetry' sent to map.
2026-09-17 18:54:20.878 [DATA] Command 'ar_telemetry' sent to map.
2026-09-17 18:54:20.893 [DATA] Command 'ar_telemetry' sent to map.
2026-09-17 18:54:20.908 [DATA] Command 'ar_telemetry' sent to map.
2026-09-17 18:54:20.923 [DATA] Command 'ar_telemetry' sent to map.
2026-09-17 18:54:20.925 [DATA] [AR] нет применимых telemetry-полей в источнике 'ws'.
2026-09-17 18:54:20.944 [DATA] Command 'ar_telemetry' sent to map.
2026-09-17 18:54:20.955 [DATA] Command 'ar_telemetry' sent to map.
2026-09-17 18:54:20.970 [DATA] Command 'ar_telemetry' sent to map.
2026-09-17 18:54:20.985 [DATA] Command 'ar_telemetry' sent to map.
2026-09-17 18:54:21.001 [DATA] Command 'ar_telemetry' sent to map.
2026-09-17 18:54:21.016 [DATA] Command 'ar_telemetry' sent to map.
2026-09-17 18:54:21.032 [DATA] Command 'ar_telemetry' sent to map.
2026-09-17 18:54:21.047 [DATA] Command 'ar_telemetry' sent to map.
2026-09-17 18:54:21.063 [DATA] Command 'ar_telemetry' sent to map.
2026-09-17 18:54:21.078 [DATA] Command 'ar_telemetry' sent to map.
2026-09-17 18:54:21.094 [DATA] Command 'ar_telemetry' sent to map.
2026-09-17 18:54:21.108 [DATA] Command 'ar_telemetry' sent to map.
2026-09-17 18:54:21.124 [DATA] Command 'ar_telemetry' sent to map.
2026-09-17 18:54:21.140 [DATA] Command 'ar_telemetry' sent to map.
2026-09-17 18:54:21.154 [DATA] Command 'ar_telemetry' sent to map.
2026-09-17 18:54:21.169 [DATA] Command 'ar_telemetry' sent to map.
2026-09-17 18:54:21.185 [DATA] Command 'ar_telemetry' sent to map.
2026-09-17 18:54:21.201 [DATA] Command 'ar_telemetry' sent to map.
2026-09-17 18:54:21.217 [DATA] Command 'ar_telemetry' sent to map.
2026-09-17 18:54:21.233 [DATA] Command 'ar_telemetry' sent to map.
2026-09-17 18:54:21.249 [DATA] Command 'ar_telemetry' sent to map.
2026-09-17 18:54:21.279 [DATA] Command 'ar_telemetry' sent to map.
2026-09-17 18:54:21.294 [DATA] Command 'ar_telemetry' sent to map.
2026-09-17 18:54:21.309 [DATA] Command 'ar_telemetry' sent to map.
2026-09-17 18:54:21.311 [DATA] Command 'ar_telemetry' sent to map.
2026-09-17 18:54:21.340 [DATA] Command 'ar_telemetry' sent to map.
2026-09-17 18:54:21.357 [DATA] Command 'ar_telemetry' sent to map.
2026-09-17 18:54:21.372 [DATA] Command 'ar_telemetry' sent to map.
2026-09-17 18:54:21.387 [DATA] Command 'ar_telemetry' sent to map.
2026-09-17 18:54:21.402 [DATA] Command 'ar_telemetry' sent to map.
2026-09-17 18:54:21.418 [DATA] Command 'ar_telemetry' sent to map.
2026-09-17 18:54:21.433 [DATA] Command 'ar_telemetry' sent to map.
2026-09-17 18:54:21.449 [DATA] Command 'ar_telemetry' sent to map.
2026-09-17 18:54:21.464 [DATA] Command 'ar_telemetry' sent to map.
2026-09-17 18:54:21.481 [DATA] Command 'ar_telemetry' sent to map.
2026-09-17 18:54:21.496 [DATA] Command 'ar_telemetry' sent to map.
2026-09-17 18:54:21.511 [DATA] Command 'ar_telemetry' sent to map.
2026-09-17 18:54:21.527 [DATA] Command 'ar_telemetry' sent to map.
2026-09-17 18:54:21.542 [DATA] Command 'ar_telemetry' sent to map.
2026-09-17 18:54:21.557 [DATA] Command 'ar_telemetry' sent to map.
2026-09-17 18:54:21.572 [DATA] Command 'ar_telemetry' sent to map.
2026-09-17 18:54:21.589 [DATA] Command 'ar_telemetry' sent to map.
2026-09-17 18:54:21.603 [DATA] Command 'ar_telemetry' sent to map.
2026-09-17 18:54:21.619 [DATA] Command 'ar_telemetry' sent to map.
2026-09-17 18:54:21.634 [DATA] Command 'ar_telemetry' sent to map.
2026-09-17 18:54:21.650 [DATA] Command 'ar_telemetry' sent to map.
2026-09-17 18:54:21.664 [DATA] Command 'ar_telemetry' sent to map.
2026-09-17 18:54:21.680 [DATA] Command 'ar_telemetry' sent to map.
2026-09-17 18:54:21.696 [DATA] Command 'ar_telemetry' sent to map.
2026-09-17 18:54:21.726 [DATA] Command 'ar_telemetry' sent to map.
2026-09-17 18:54:21.742 [DATA] Command 'ar_telemetry' sent to map.
2026-09-17 18:54:21.757 [DATA] Command 'ar_telemetry' sent to map.
2026-09-17 18:54:21.772 [DATA] Command 'ar_telemetry' sent to map.
2026-09-17 18:54:21.788 [DATA] Command 'ar_telemetry' sent to map.
2026-09-17 18:54:21.804 [DATA] Command 'ar_telemetry' sent to map.
2026-09-17 18:54:21.819 [DATA] Command 'ar_telemetry' sent to map.
2026-09-17 18:54:21.834 [DATA] Command 'ar_telemetry' sent to map.
2026-09-17 18:54:21.849 [DATA] Command 'ar_telemetry' sent to map.
2026-09-17 18:54:21.864 [DATA] Command 'ar_telemetry' sent to map.
2026-09-17 18:54:21.880 [DATA] Command 'ar_telemetry' sent to map.
2026-09-17 18:54:21.896 [DATA] Command 'ar_telemetry' sent to map.
2026-09-17 18:54:21.911 [DATA] Command 'ar_telemetry' sent to map.
2026-09-17 18:54:21.927 [DATA] Command 'ar_telemetry' sent to map.
2026-09-17 18:54:21.942 [DATA] Command 'ar_telemetry' sent to map.
2026-09-17 18:54:21.956 [DATA] Command 'ar_telemetry' sent to map.
2026-09-17 18:54:21.972 [DATA] Command 'ar_telemetry' sent to map.
2026-09-17 18:54:21.988 [DATA] Command 'ar_telemetry' sent to map.
2026-09-17 18:54:22.003 [DATA] Command 'ar_telemetry' sent to map.
2026-09-17 18:54:22.018 [DATA] Command 'ar_telemetry' sent to map.
2026-09-17 18:54:22.034 [DATA] Command 'ar_telemetry' sent to map.
2026-09-17 18:54:22.049 [DATA] Command 'ar_telemetry' sent to map.
2026-09-17 18:54:22.065 [DATA] Command 'ar_telemetry' sent to map.
2026-09-17 18:54:22.080 [DATA] Command 'ar_telemetry' sent to map.
2026-09-17 18:54:22.111 [DATA] Command 'ar_telemetry' sent to map.
2026-09-17 18:54:22.126 [DATA] Command 'ar_telemetry' sent to map.
2026-09-17 18:54:22.141 [DATA] Command 'ar_telemetry' sent to map.
2026-09-17 18:54:22.156 [DATA] Command 'ar_telemetry' sent to map.
2026-09-17 18:54:22.172 [DATA] Command 'ar_telemetry' sent to map.
2026-09-17 18:54:22.187 [DATA] Command 'ar_telemetry' sent to map.
2026-09-17 18:54:22.202 [DATA] Command 'ar_telemetry' sent to map.
2026-09-17 18:54:22.218 [DATA] Command 'ar_telemetry' sent to map.
2026-09-17 18:54:22.233 [DATA] Command 'ar_telemetry' sent to map.
2026-09-17 18:54:22.248 [DATA] Command 'ar_telemetry' sent to map.
2026-09-17 18:54:22.264 [DATA] Command 'ar_telemetry' sent to map.
2026-09-17 18:54:22.280 [DATA] Command 'ar_telemetry' sent to map.
2026-09-17 18:54:22.296 [DATA] Command 'ar_telemetry' sent to map.
2026-09-17 18:54:22.311 [DATA] Command 'ar_telemetry' sent to map.
2026-09-17 18:54:22.327 [DATA] Command 'ar_telemetry' sent to map.
2026-09-17 18:54:22.342 [DATA] Command 'ar_telemetry' sent to map.
2026-09-17 18:54:22.358 [DATA] Command 'ar_telemetry' sent to map.
2026-09-17 18:54:22.375 [DATA] Command 'ar_telemetry' sent to map.
2026-09-17 18:54:22.475 [DATA] Command 'ar_telemetry' sent to map.
2026-09-17 18:54:22.481 [DATA] Command 'ar_telemetry' sent to map.
2026-09-17 18:54:22.497 [DATA] Command 'ar_telemetry' sent to map.
2026-09-17 18:54:22.514 [DATA] Command 'ar_telemetry' sent to map.
2026-09-17 18:54:22.542 [DATA] Command 'ar_telemetry' sent to map.
2026-09-17 18:54:22.558 [DATA] Command 'ar_telemetry' sent to map.
2026-09-17 18:54:22.573 [DATA] Command 'ar_telemetry' sent to map.
2026-09-17 18:54:22.589 [DATA] Command 'ar_telemetry' sent to map.
2026-09-17 18:54:22.604 [DATA] Command 'ar_telemetry' sent to map.
2026-09-17 18:54:22.618 [DATA] Command 'ar_telemetry' sent to map.
2026-09-17 18:54:22.633 [DATA] Command 'ar_telemetry' sent to map.
2026-09-17 18:54:22.650 [DATA] Command 'ar_telemetry' sent to map.
2026-09-17 18:54:22.665 [DATA] Command 'ar_telemetry' sent to map.
2026-09-17 18:54:22.681 [DATA] Command 'ar_telemetry' sent to map.
2026-09-17 18:54:22.696 [DATA] Command 'ar_telemetry' sent to map.
2026-09-17 18:54:22.712 [DATA] Command 'ar_telemetry' sent to map.
2026-09-17 18:54:22.727 [DATA] Command 'ar_telemetry' sent to map.
2026-09-17 18:54:22.743 [DATA] Command 'ar_telemetry' sent to map.
2026-09-17 18:54:22.758 [DATA] [AR] tick alive: known=True changed=False forced=False head=True pts=5748 x=146515,2 z=-60984,8
2026-09-17 18:54:22.759 [DATA] Command 'ar_telemetry' sent to map.
2026-09-17 18:54:22.774 [DATA] Command 'ar_telemetry' sent to map.
2026-09-17 18:54:22.790 [DATA] Command 'ar_telemetry' sent to map.
2026-09-17 18:54:22.804 [DATA] Command 'ar_telemetry' sent to map.
2026-09-17 18:54:22.820 [DATA] Command 'ar_telemetry' sent to map.
2026-09-17 18:54:22.836 [DATA] Command 'ar_telemetry' sent to map.
2026-09-17 18:54:22.851 [DATA] Command 'ar_telemetry' sent to map.
2026-09-17 18:54:22.866 [DATA] Command 'ar_telemetry' sent to map.
2026-09-17 18:54:22.882 [DATA] Command 'ar_telemetry' sent to map.
2026-09-17 18:54:22.897 [DATA] Command 'ar_telemetry' sent to map.
2026-09-17 18:54:22.913 [DATA] Command 'ar_telemetry' sent to map.
2026-09-17 18:54:22.928 [DATA] Command 'ar_telemetry' sent to map.
2026-09-17 18:54:22.943 [DATA] Command 'ar_telemetry' sent to map.
2026-09-17 18:54:22.979 [DATA] Command 'ar_telemetry' sent to map.
2026-09-17 18:54:22.991 [DATA] Command 'ar_telemetry' sent to map.
2026-09-17 18:54:23.005 [DATA] Command 'ar_telemetry' sent to map.
2026-09-17 18:54:23.021 [DATA] Command 'ar_telemetry' sent to map.
2026-09-17 18:54:23.036 [DATA] Command 'ar_telemetry' sent to map.
2026-09-17 18:54:23.051 [DATA] Command 'ar_telemetry' sent to map.
2026-09-17 18:54:23.067 [DATA] Command 'ar_telemetry' sent to map.
2026-09-17 18:54:23.082 [DATA] Command 'ar_telemetry' sent to map.
2026-09-17 18:54:23.097 [DATA] Command 'ar_telemetry' sent to map.
2026-09-17 18:54:23.112 [DATA] Command 'ar_telemetry' sent to map.
2026-09-17 18:54:23.127 [DATA] Command 'ar_telemetry' sent to map.
2026-09-17 18:54:23.143 [DATA] Command 'ar_telemetry' sent to map.
2026-09-17 18:54:23.159 [DATA] Command 'ar_telemetry' sent to map.
2026-09-17 18:54:23.174 [DATA] Command 'ar_telemetry' sent to map.
2026-09-17 18:54:23.191 [DATA] Command 'ar_telemetry' sent to map.
2026-09-17 18:54:23.206 [DATA] Command 'ar_telemetry' sent to map.
2026-09-17 18:54:23.221 [DATA] Command 'ar_telemetry' sent to map.
2026-09-17 18:54:23.236 [DATA] Command 'ar_telemetry' sent to map.
2026-09-17 18:54:23.252 [DATA] Command 'ar_telemetry' sent to map.
2026-09-17 18:54:23.267 [DATA] Command 'ar_telemetry' sent to map.
2026-09-17 18:54:23.282 [DATA] Command 'ar_telemetry' sent to map.
2026-09-17 18:54:23.297 [DATA] Command 'ar_telemetry' sent to map.
2026-09-17 18:54:23.313 [DATA] Command 'ar_telemetry' sent to map.
2026-09-17 18:54:23.328 [DATA] Command 'ar_telemetry' sent to map.
2026-09-17 18:54:23.330 [DATA] [AR] ground plane: plane origin=(146515.00,111.60,-60985.00) N=(0.0002,1.0000,0.0000) avgWheelH=111.597 refH=111.597 maxRes=0.0000 used=4 wheels=4 | режим=по колёсам | измеренный уклон=0 мм
2026-09-17 18:54:23.330 [DATA] [AR] pose 'rest': truck=146515,18,111,60,-60984,81 camera=146517,02,114,11,-60985,33 fwd=0,978,-0,177,0,114 up=0,175,0,984,0,020 ground=111,60.
2026-09-17 18:54:23.359 [DATA] Command 'ar_telemetry' sent to map.
2026-09-17 18:54:23.374 [DATA] Command 'ar_telemetry' sent to map.
2026-09-17 18:54:23.393 [DATA] Command 'ar_telemetry' sent to map.
2026-09-17 18:54:23.405 [DATA] Command 'ar_telemetry' sent to map.
2026-09-17 18:54:23.421 [DATA] Command 'ar_telemetry' sent to map.
2026-09-17 18:54:23.436 [DATA] Command 'ar_telemetry' sent to map.
2026-09-17 18:54:23.451 [DATA] Command 'ar_telemetry' sent to map.
2026-09-17 18:54:23.467 [DATA] Command 'ar_telemetry' sent to map.
2026-09-17 18:54:23.482 [DATA] Command 'ar_telemetry' sent to map.
2026-09-17 18:54:23.498 [DATA] Command 'ar_telemetry' sent to map.
2026-09-17 18:54:23.512 [DATA] Command 'ar_telemetry' sent to map.
2026-09-17 18:54:23.528 [DATA] Command 'ar_telemetry' sent to map.
2026-09-17 18:54:23.543 [DATA] Command 'ar_telemetry' sent to map.
2026-09-17 18:54:23.559 [DATA] Command 'ar_telemetry' sent to map.
2026-09-17 18:54:23.574 [DATA] Command 'ar_telemetry' sent to map.
2026-09-17 18:54:23.590 [DATA] Command 'ar_telemetry' sent to map.
2026-09-17 18:54:23.605 [DATA] Command 'ar_telemetry' sent to map.
2026-09-17 18:54:23.620 [DATA] Command 'ar_telemetry' sent to map.
2026-09-17 18:54:23.636 [DATA] Command 'ar_telemetry' sent to map.
2026-09-17 18:54:23.651 [DATA] Command 'ar_telemetry' sent to map.
2026-09-17 18:54:23.666 [DATA] Command 'ar_telemetry' sent to map.
2026-09-17 18:54:23.681 [DATA] Command 'ar_telemetry' sent to map.
2026-09-17 18:54:23.712 [DATA] Command 'ar_telemetry' sent to map.
2026-09-17 18:54:23.726 [DATA] Command 'ar_telemetry' sent to map.
2026-09-17 18:54:23.742 [DATA] Command 'ar_telemetry' sent to map.
2026-09-17 18:54:23.757 [DATA] Command 'ar_telemetry' sent to map.
2026-09-17 18:54:23.774 [DATA] Command 'ar_telemetry' sent to map.
2026-09-17 18:54:23.789 [DATA] Command 'ar_telemetry' sent to map.
2026-09-17 18:54:23.805 [DATA] Command 'ar_telemetry' sent to map.
2026-09-17 18:54:23.820 [DATA] Command 'ar_telemetry' sent to map.
2026-09-17 18:54:23.835 [DATA] Command 'ar_telemetry' sent to map.
2026-09-17 18:54:23.850 [DATA] Command 'ar_telemetry' sent to map.
2026-09-17 18:54:23.901 [DATA] Command 'ar_telemetry' sent to map.
2026-09-17 18:54:23.911 [DATA] Command 'ar_telemetry' sent to map.
2026-09-17 18:54:23.927 [DATA] Command 'ar_telemetry' sent to map.
2026-09-17 18:54:23.964 [DATA] Command 'ar_telemetry' sent to map.
2026-09-17 18:54:24.006 [DATA] Command 'ar_telemetry' sent to map.
2026-09-17 18:54:24.042 [DATA] Command 'ar_telemetry' sent to map.
2026-09-17 18:54:24.077 [DATA] Command 'ar_telemetry' sent to map.
2026-09-17 18:54:24.116 [DATA] Command 'ar_telemetry' sent to map.
2026-09-17 18:54:24.157 [DATA] Command 'ar_telemetry' sent to map.
2026-09-17 18:54:24.193 [DATA] Command 'ar_telemetry' sent to map.
2026-09-17 18:54:24.228 [DATA] Command 'ar_telemetry' sent to map.
2026-09-17 18:54:24.273 [DATA] Command 'ar_telemetry' sent to map.
2026-09-17 18:54:24.309 [DATA] Command 'ar_telemetry' sent to map.
2026-09-17 18:54:24.350 [DATA] Command 'ar_telemetry' sent to map.
2026-09-17 18:54:24.393 [DATA] Command 'ar_telemetry' sent to map.
2026-09-17 18:54:24.437 [DATA] Command 'ar_telemetry' sent to map.
2026-09-17 18:54:24.475 [DATA] Command 'ar_telemetry' sent to map.
2026-09-17 18:54:24.512 [DATA] Command 'ar_telemetry' sent to map.
2026-09-17 18:54:24.513 [DATA] Command 'ar_telemetry' sent to map.
2026-09-17 18:54:24.550 [DATA] Command 'ar_telemetry' sent to map.
2026-09-17 18:54:24.586 [DATA] Command 'ar_telemetry' sent to map.
2026-09-17 18:54:24.593 [DATA] Command 'ar_telemetry' sent to map.
2026-09-17 18:54:24.630 [DATA] Command 'ar_telemetry' sent to map.
2026-09-17 18:54:24.668 [DATA] Command 'ar_telemetry' sent to map.
2026-09-17 18:54:24.704 [DATA] Command 'ar_telemetry' sent to map.
2026-09-17 18:54:24.740 [DATA] Command 'ar_telemetry' sent to map.
2026-09-17 18:54:24.776 [DATA] Command 'ar_telemetry' sent to map.
2026-09-17 18:54:24.812 [DATA] Command 'ar_telemetry' sent to map.
2026-09-17 18:54:24.848 [DATA] Command 'ar_telemetry' sent to map.
2026-09-17 18:54:24.850 [DATA] Command 'ar_telemetry' sent to map.
2026-09-17 18:54:24.890 [DATA] Command 'ar_telemetry' sent to map.
2026-09-17 18:54:24.927 [DATA] Command 'ar_telemetry' sent to map.
2026-09-17 18:54:24.968 [DATA] Command 'ar_telemetry' sent to map.
2026-09-17 18:54:25.007 [DATA] Command 'ar_telemetry' sent to map.
2026-09-17 18:54:25.042 [DATA] Command 'ar_telemetry' sent to map.
2026-09-17 18:54:25.076 [DATA] Command 'ar_telemetry' sent to map.
2026-09-17 18:54:25.113 [DATA] Command 'ar_telemetry' sent to map.
2026-09-17 18:54:25.148 [DATA] Command 'ar_telemetry' sent to map.
2026-09-17 18:54:25.182 [DATA] Command 'ar_telemetry' sent to map.
2026-09-17 18:54:25.217 [DATA] Command 'ar_telemetry' sent to map.
2026-09-17 18:54:25.253 [DATA] Command 'ar_telemetry' sent to map.
2026-09-17 18:54:25.287 [DATA] Command 'ar_telemetry' sent to map.
2026-09-17 18:54:25.324 [DATA] Command 'ar_telemetry' sent to map.
2026-09-17 18:54:25.361 [DATA] Command 'ar_telemetry' sent to map.
2026-09-17 18:54:25.399 [DATA] Command 'ar_telemetry' sent to map.
2026-09-17 18:54:25.436 [DATA] Command 'ar_telemetry' sent to map.
2026-09-17 18:54:25.473 [DATA] Command 'ar_telemetry' sent to map.
2026-09-17 18:54:25.515 [DATA] Command 'ar_telemetry' sent to map.
2026-09-17 18:54:25.551 [DATA] Command 'ar_telemetry' sent to map.
2026-09-17 18:54:25.587 [DATA] Command 'ar_telemetry' sent to map.
2026-09-17 18:54:25.626 [DATA] Command 'ar_telemetry' sent to map.
2026-09-17 18:54:25.661 [DATA] Command 'ar_telemetry' sent to map.
2026-09-17 18:54:25.695 [DATA] Command 'ar_telemetry' sent to map.
2026-09-17 18:54:25.731 [DATA] Command 'ar_telemetry' sent to map.
2026-09-17 18:54:25.767 [DATA] Command 'ar_telemetry' sent to map.
2026-09-17 18:54:25.805 [DATA] Command 'ar_telemetry' sent to map.
2026-09-17 18:54:25.843 [DATA] Command 'ar_telemetry' sent to map.
2026-09-17 18:54:25.881 [DATA] Command 'ar_telemetry' sent to map.
2026-09-17 18:54:25.921 [DATA] Command 'ar_telemetry' sent to map.
2026-09-17 18:54:25.958 [DATA] [AR] нет применимых telemetry-полей в источнике 'ws'.
2026-09-17 18:54:25.959 [DATA] Command 'ar_telemetry' sent to map.
2026-09-17 18:54:25.997 [DATA] Command 'ar_telemetry' sent to map.
2026-09-17 18:54:26.036 [DATA] Command 'ar_telemetry' sent to map.
2026-09-17 18:54:26.069 [DATA] Command 'ar_telemetry' sent to map.
2026-09-17 18:54:26.106 [DATA] Command 'ar_telemetry' sent to map.
2026-09-17 18:54:26.141 [DATA] Command 'ar_telemetry' sent to map.
2026-09-17 18:54:26.177 [DATA] Command 'ar_telemetry' sent to map.
2026-09-17 18:54:26.212 [DATA] Command 'ar_telemetry' sent to map.
2026-09-17 18:54:26.246 [DATA] Command 'ar_telemetry' sent to map.
2026-09-17 18:54:26.282 [DATA] Command 'ar_telemetry' sent to map.
2026-09-17 18:54:26.318 [DATA] Command 'ar_telemetry' sent to map.
2026-09-17 18:54:26.353 [DATA] Command 'ar_telemetry' sent to map.
2026-09-17 18:54:26.389 [DATA] Command 'ar_telemetry' sent to map.
2026-09-17 18:54:26.428 [DATA] Command 'ar_telemetry' sent to map.
2026-09-17 18:54:26.467 [DATA] Command 'ar_telemetry' sent to map.
2026-09-17 18:54:26.521 [DATA] Command 'ar_telemetry' sent to map.
2026-09-17 18:54:26.581 [DATA] Command 'ar_telemetry' sent to map.
2026-09-17 18:54:26.624 [DATA] Command 'ar_telemetry' sent to map.
2026-09-17 18:54:26.666 [DATA] Command 'ar_telemetry' sent to map.
2026-09-17 18:54:26.668 [DATA] Command 'ar_telemetry' sent to map.
2026-09-17 18:54:26.714 [DATA] Command 'ar_telemetry' sent to map.
2026-09-17 18:54:26.715 [DATA] Command 'ar_telemetry' sent to map.
2026-09-17 18:54:26.755 [DATA] Command 'ar_telemetry' sent to map.
2026-09-17 18:54:26.762 [DATA] Command 'ar_telemetry' sent to map.
2026-09-17 18:54:26.812 [DATA] Command 'ar_telemetry' sent to map.
2026-09-17 18:54:26.861 [DATA] Command 'ar_telemetry' sent to map.
2026-09-17 18:54:26.905 [DATA] Command 'ar_telemetry' sent to map.
2026-09-17 18:54:26.942 [DATA] Command 'ar_telemetry' sent to map.
2026-09-17 18:54:26.976 [DATA] Command 'ar_telemetry' sent to map.
2026-09-17 18:54:26.978 [DATA] Command 'ar_telemetry' sent to map.
2026-09-17 18:54:27.021 [DATA] Command 'ar_telemetry' sent to map.
2026-09-17 18:54:27.061 [DATA] Command 'ar_telemetry' sent to map.
2026-09-17 18:54:27.095 [DATA] Command 'ar_telemetry' sent to map.
2026-09-17 18:54:27.134 [DATA] Command 'ar_telemetry' sent to map.
2026-09-17 18:54:27.171 [DATA] Command 'ar_telemetry' sent to map.
2026-09-17 18:54:27.205 [DATA] Command 'ar_telemetry' sent to map.
2026-09-17 18:54:27.240 [DATA] Command 'ar_telemetry' sent to map.
2026-09-17 18:54:27.276 [DATA] Command 'ar_telemetry' sent to map.
2026-09-17 18:54:27.310 [DATA] Command 'ar_telemetry' sent to map.
2026-09-17 18:54:27.344 [DATA] Command 'ar_telemetry' sent to map.
2026-09-17 18:54:27.381 [DATA] Command 'ar_telemetry' sent to map.
2026-09-17 18:54:27.422 [DATA] Command 'ar_telemetry' sent to map.
2026-09-17 18:54:27.459 [DATA] Command 'ar_telemetry' sent to map.
2026-09-17 18:54:27.498 [DATA] Command 'ar_telemetry' sent to map.
2026-09-17 18:54:27.500 [DATA] [TRUCK] приём: WS=3917 REST=242 без-placement=455 битых=0 применено=3704 live=False возраст_данных=16,7с | placement нет (пауза/окно игры неактивно — это норма)
2026-09-17 18:54:27.501 [DATA] Command 'ar_telemetry' sent to map.
2026-09-17 18:54:27.535 [DATA] Command 'ar_telemetry' sent to map.
2026-09-17 18:54:27.573 [DATA] Command 'ar_telemetry' sent to map.
2026-09-17 18:54:27.612 [DATA] Command 'ar_telemetry' sent to map.
2026-09-17 18:54:27.662 [DATA] Command 'ar_telemetry' sent to map.
2026-09-17 18:54:27.705 [DATA] Command 'ar_telemetry' sent to map.
2026-09-17 18:54:27.740 [DATA] Command 'ar_telemetry' sent to map.
2026-09-17 18:54:27.779 [DATA] [AR] tick alive: known=True changed=False forced=False head=True pts=5748 x=146515,2 z=-60984,8
2026-09-17 18:54:27.780 [DATA] Command 'ar_telemetry' sent to map.
2026-09-17 18:54:27.821 [DATA] Command 'ar_telemetry' sent to map.
2026-09-17 18:54:27.862 [DATA] Command 'ar_telemetry' sent to map.
2026-09-17 18:54:27.898 [DATA] Command 'ar_telemetry' sent to map.
2026-09-17 18:54:27.900 [DATA] Command 'ar_telemetry' sent to map.
2026-09-17 18:54:27.936 [DATA] Command 'ar_telemetry' sent to map.
2026-09-17 18:54:27.971 [DATA] Command 'ar_telemetry' sent to map.
2026-09-17 18:54:28.015 [DATA] Command 'ar_telemetry' sent to map.
2026-09-17 18:54:28.065 [DATA] Command 'ar_telemetry' sent to map.
2026-09-17 18:54:28.120 [DATA] Command 'ar_telemetry' sent to map.
2026-09-17 18:54:28.159 [DATA] Command 'ar_telemetry' sent to map.
2026-09-17 18:54:28.203 [DATA] Command 'ar_telemetry' sent to map.
2026-09-17 18:54:28.253 [DATA] Command 'ar_telemetry' sent to map.
2026-09-17 18:54:28.296 [DATA] Command 'ar_telemetry' sent to map.
2026-09-17 18:54:28.345 [DATA] Command 'ar_telemetry' sent to map.
2026-09-17 18:54:28.392 [DATA] Command 'ar_telemetry' sent to map.
2026-09-17 18:54:28.397 [DATA] Command 'ar_telemetry' sent to map.
2026-09-17 18:54:28.441 [DATA] Command 'ar_telemetry' sent to map.
2026-09-17 18:54:28.442 [DATA] Command 'ar_telemetry' sent to map.
2026-09-17 18:54:28.479 [DATA] Command 'ar_telemetry' sent to map.
2026-09-17 18:54:28.517 [DATA] Command 'ar_telemetry' sent to map.
2026-09-17 18:54:28.553 [DATA] Command 'ar_telemetry' sent to map.
2026-09-17 18:54:28.553 [DATA] [AR] ground plane: plane origin=(146515.00,111.60,-60985.00) N=(0.0002,1.0000,0.0000) avgWheelH=111.597 refH=111.597 maxRes=0.0000 used=4 wheels=4 | режим=по колёсам | измеренный уклон=0 мм
2026-09-17 18:54:28.554 [DATA] [AR] pose 'rest': truck=146515,18,111,60,-60984,81 camera=146517,02,114,11,-60985,33 fwd=0,978,-0,177,0,114 up=0,175,0,984,0,020 ground=111,60.
2026-09-17 18:54:28.569 [DATA] Command 'ar_telemetry' sent to map.
2026-09-17 18:54:28.604 [DATA] Command 'ar_telemetry' sent to map.
2026-09-17 18:54:28.645 [DATA] Command 'ar_telemetry' sent to map.
2026-09-17 18:54:28.681 [DATA] Command 'ar_telemetry' sent to map.
2026-09-17 18:54:28.718 [DATA] Command 'ar_telemetry' sent to map.
2026-09-17 18:54:28.758 [DATA] Command 'ar_telemetry' sent to map.
2026-09-17 18:54:28.797 [DATA] Command 'ar_telemetry' sent to map.
2026-09-17 18:54:28.833 [DATA] Command 'ar_telemetry' sent to map.
2026-09-17 18:54:28.867 [DATA] Command 'ar_telemetry' sent to map.
2026-09-17 18:54:28.901 [DATA] Command 'ar_telemetry' sent to map.
2026-09-17 18:54:28.936 [DATA] Command 'ar_telemetry' sent to map.
2026-09-17 18:54:28.970 [DATA] Command 'ar_telemetry' sent to map.
2026-09-17 18:54:29.004 [DATA] Command 'ar_telemetry' sent to map.
2026-09-17 18:54:29.047 [DATA] Command 'ar_telemetry' sent to map.
2026-09-17 18:54:29.083 [DATA] Command 'ar_telemetry' sent to map.
2026-09-17 18:54:29.118 [DATA] Command 'ar_telemetry' sent to map.
2026-09-17 18:54:29.156 [DATA] Command 'ar_telemetry' sent to map.
2026-09-17 18:54:29.190 [DATA] Command 'ar_telemetry' sent to map.
2026-09-17 18:54:29.224 [DATA] Command 'ar_telemetry' sent to map.
2026-09-17 18:54:29.257 [DATA] Command 'ar_telemetry' sent to map.
2026-09-17 18:54:29.293 [DATA] Command 'ar_telemetry' sent to map.
2026-09-17 18:54:29.330 [DATA] Command 'ar_telemetry' sent to map.
2026-09-17 18:54:29.364 [DATA] Command 'ar_telemetry' sent to map.
2026-09-17 18:54:29.398 [DATA] Command 'ar_telemetry' sent to map.
2026-09-17 18:54:29.434 [DATA] Command 'ar_telemetry' sent to map.
2026-09-17 18:54:29.469 [DATA] Command 'ar_telemetry' sent to map.
2026-09-17 18:54:31.690 [DATA] Command 'ar_telemetry' sent to map.
2026-09-17 18:54:31.691 [DATA] [AR] нет применимых telemetry-полей в источнике 'ws'.
2026-09-17 18:54:31.754 [DATA] Command 'ar_telemetry' sent to map.
2026-09-17 18:54:32.081 [DATA] [AR] Форс-рассылка данных AR (новый WS-клиент).
2026-09-17 18:54:32.081 [DATA] [AR] Форс-рассылка данных AR (новый WS-клиент).
2026-09-17 18:54:32.135 [DATA] [AR] Форс-рассылка данных AR (новый WS-клиент).
2026-09-17 18:54:33.063 [DATA] [OVR] load_order.txt: [custom_map1.json, test_targets.json] (снизу=низший приоритет)
2026-09-17 18:54:33.067 [DATA] [OVR] файл из load_order не найден: custom_map1.json (пропущен)
2026-09-17 18:54:33.067 [DATA] [OVR] прочитан test_targets.json: записей=1
2026-09-17 18:54:33.067 [DATA] [OVR]   test_targets.json -> random: 119646.75, 0.00, -53344.43
2026-09-17 18:54:33.071 [DATA] [AR] Модель точек без изменений: 5748.
